ConditionOrdinal,ConditionCode,MethodOrdinal,MethodCode,Metric,FormalSumA,FormalSumB,FormalPositiveDenominatorRepeatCount,PointEstimate,PointDefined,PointUndefinedReason,BootstrapB,DefinedBootstrapCount,UndefinedBootstrapCount,DefinedFraction,CI95Defined,CI95UndefinedReason,CI95Lower,CI95Upper,CI95Width,MaxOneSidedHalfWidth,Stage8PrecisionContractApplicable,Stage8TargetHalfWidth,MeetsStage8PrecisionTarget,Scene,HPRF_Hz,HPRF_kHz,FDelay_s,FDelay_us,MethodNameZH,MetricPreferredDirection,SourceArtifact,SourceArtifactSHA256
1,H100,0,FIRST,P_cor,36363,400000,2000,0.0909075,True,,2000,2000,0,1.0,True,,0.0885699375,0.0933251875,0.0047552500000000025,0.0024176875000000014,False,,,HPRF,100000.0,100.0,,,首脉冲准则,HIGHER,artifacts/stage10/bootstrap_individual_summary.csv,ad9bca843ff063d1a9cc26d134f8fc43b3cdeb9460f850e9e5afbda6c0d5f0b1
1,H100,0,FIRST,P_C_given_C,17445,36319,1979,0.4803271015171123,True,,2000,2000,0,1.0,True,,0.47579479176328787,0.4848708314205112,0.009076039657223312,0.004543729903398908,False,,,HPRF,100000.0,100.0,,,首脉冲准则,HIGHER,artifacts/stage10/bootstrap_individual_summary.csv,ad9bca843ff063d1a9cc26d134f8fc43b3cdeb9460f850e9e5afbda6c0d5f0b1
1,H100,0,FIRST,P_C_given_E,17943,361681,2000,0.04961001545560867,True,,2000,2000,0,1.0,True,,0.0482454053202298,0.051104064514745993,0.0028586591945161943,0.0014940490591373243,False,,,HPRF,100000.0,100.0,,,首脉冲准则,HIGHER,artifacts/stage10/bootstrap_individual_summary.csv,ad9bca843ff063d1a9cc26d134f8fc43b3cdeb9460f850e9e5afbda6c0d5f0b1
1,H100,0,FIRST,Mean_L_NC,363637,19899,2000,18.27413437861199,True,,2000,2000,0,1.0,True,,17.786086529520883,18.737817252305696,0.9517307227848129,0.48804784909110666,False,,,HPRF,100000.0,100.0,,,首脉冲准则,LOWER,artifacts/stage10/bootstrap_individual_summary.csv,ad9bca843ff063d1a9cc26d134f8fc43b3cdeb9460f850e9e5afbda6c0d5f0b1
1,H100,1,LAST,P_cor,25047,400000,2000,0.0626175,True,,2000,2000,0,1.0,True,,0.0608299375,0.0644676875,0.003637749999999995,0.001850187499999989,False,,,HPRF,100000.0,100.0,,,末脉冲准则,HIGHER,artifacts/stage10/bootstrap_individual_summary.csv,ad9bca843ff063d1a9cc26d134f8fc43b3cdeb9460f850e9e5afbda6c0d5f0b1
1,H100,1,LAST,P_C_given_C,12661,24989,1922,0.5066629316899436,True,,2000,2000,0,1.0,True,,0.500609220487977,0.5126407341520438,0.01203151366406685,0.006053711201966627,False,,,HPRF,100000.0,100.0,,,末脉冲准则,HIGHER,artifacts/stage10/bootstrap_individual_summary.csv,ad9bca843ff063d1a9cc26d134f8fc43b3cdeb9460f850e9e5afbda6c0d5f0b1
1,H100,1,LAST,P_C_given_E,11361,373011,2000,0.030457546828377716,True,,2000,2000,0,1.0,True,,0.029455084388758098,0.03141110947108241,0.0019560250823243107,0.0010024624396196176,False,,,HPRF,100000.0,100.0,,,末脉冲准则,HIGHER,artifacts/stage10/bootstrap_individual_summary.csv,ad9bca843ff063d1a9cc26d134f8fc43b3cdeb9460f850e9e5afbda6c0d5f0b1
1,H100,1,LAST,Mean_L_NC,374953,13303,2000,28.185597233706684,True,,2000,2000,0,1.0,True,,27.43722040922312,29.01034905123622,1.5731286420130992,0.8247518175295347,False,,,HPRF,100000.0,100.0,,,末脉冲准则,LOWER,artifacts/stage10/bootstrap_individual_summary.csv,ad9bca843ff063d1a9cc26d134f8fc43b3cdeb9460f850e9e5afbda6c0d5f0b1
1,H100,2,T,P_cor,266613,400000,2000,0.6665325,True,,2000,2000,0,1.0,True,,0.6596363125,0.6733779375,0.01374162499999998,0.006896187499999984,True,0.02,True,HPRF,100000.0,100.0,,,最优时序准则,HIGHER,artifacts/stage10/bootstrap_individual_summary.csv,ad9bca843ff063d1a9cc26d134f8fc43b3cdeb9460f850e9e5afbda6c0d5f0b1
1,H100,2,T,P_C_given_C,207842,265325,1999,0.7833487232639216,True,,2000,2000,0,1.0,True,,0.7818561998021665,0.7849403832276262,0.0030841834254596856,0.0015916599637045836,True,0.02,True,HPRF,100000.0,100.0,,,最优时序准则,HIGHER,artifacts/stage10/bootstrap_individual_summary.csv,ad9bca843ff063d1a9cc26d134f8fc43b3cdeb9460f850e9e5afbda6c0d5f0b1
1,H100,2,T,P_C_given_E,57209,132675,2000,0.43119653288110044,True,,2000,2000,0,1.0,True,,0.4183489416622504,0.44445233400534906,0.026103392343098664,0.013255801124248623,True,0.02,True,HPRF,100000.0,100.0,,,最优时序准则,HIGHER,artifacts/stage10/bootstrap_individual_summary.csv,ad9bca843ff063d1a9cc26d134f8fc43b3cdeb9460f850e9e5afbda6c0d5f0b1
1,H100,2,T,Mean_L_NC,133387,57921,2000,2.302912587835155,True,,2000,2000,0,1.0,True,,2.2356352761991767,2.3727742833815504,0.1371390071823737,0.06986169554639554,True,0.25,True,HPRF,100000.0,100.0,,,最优时序准则,LOWER,artifacts/stage10/bootstrap_individual_summary.csv,ad9bca843ff063d1a9cc26d134f8fc43b3cdeb9460f850e9e5afbda6c0d5f0b1
1,H100,3,W,P_cor,371301,400000,2000,0.9282525,True,,2000,2000,0,1.0,True,,0.9235996249999999,0.9330978125,0.009498187500000088,0.004845312499999976,False,,,HPRF,100000.0,100.0,,,脉宽单特征准则,HIGHER,artifacts/stage10/bootstrap_individual_summary.csv,ad9bca843ff063d1a9cc26d134f8fc43b3cdeb9460f850e9e5afbda6c0d5f0b1
1,H100,3,W,P_C_given_C,357879,369488,2000,0.9685808470099164,True,,2000,2000,0,1.0,True,,0.9680016121959562,0.9691457224623532,0.001144110266397047,0.0005792348139602721,False,,,HPRF,100000.0,100.0,,,脉宽单特征准则,HIGHER,artifacts/stage10/bootstrap_individual_summary.csv,ad9bca843ff063d1a9cc26d134f8fc43b3cdeb9460f850e9e5afbda6c0d5f0b1
1,H100,3,W,P_C_given_E,11485,28512,1998,0.4028128507295174,True,,2000,2000,0,1.0,True,,0.3763832659430838,0.43471553875014335,0.05833227280705955,0.03190268802062596,False,,,HPRF,100000.0,100.0,,,脉宽单特征准则,HIGHER,artifacts/stage10/bootstrap_individual_summary.csv,ad9bca843ff063d1a9cc26d134f8fc43b3cdeb9460f850e9e5afbda6c0d5f0b1
1,H100,3,W,Mean_L_NC,28699,11672,1998,2.4587902673063744,True,,2000,2000,0,1.0,True,,2.2815584890873932,2.6277409754250796,0.34618248633768633,0.17723177821898117,False,,,HPRF,100000.0,100.0,,,脉宽单特征准则,LOWER,artifacts/stage10/bootstrap_individual_summary.csv,ad9bca843ff063d1a9cc26d134f8fc43b3cdeb9460f850e9e5afbda6c0d5f0b1
1,H100,4,TW,P_cor,393089,400000,2000,0.9827225,True,,2000,2000,0,1.0,True,,0.981244875,0.9837775,0.002532624999999955,0.001477625000000038,True,0.02,True,HPRF,100000.0,100.0,,,双特征联合准则,HIGHER,artifacts/stage10/bootstrap_individual_summary.csv,ad9bca843ff063d1a9cc26d134f8fc43b3cdeb9460f850e9e5afbda6c0d5f0b1
1,H100,4,TW,P_C_given_C,384941,391127,2000,0.9841841652455596,True,,2000,2000,0,1.0,True,,0.9837684085465893,0.9845667370204904,0.0007983284739010443,0.0004157566989703154,True,0.02,True,HPRF,100000.0,100.0,,,双特征联合准则,HIGHER,artifacts/stage10/bootstrap_individual_summary.csv,ad9bca843ff063d1a9cc26d134f8fc43b3cdeb9460f850e9e5afbda6c0d5f0b1
1,H100,4,TW,P_C_given_E,6174,6873,1920,0.8982976865997381,True,,2000,2000,0,1.0,True,,0.8283353502369243,0.9523888095136133,0.12405345927668898,0.06996233636281379,True,0.02,False,HPRF,100000.0,100.0,,,双特征联合准则,HIGHER,artifacts/stage10/bootstrap_individual_summary.csv,ad9bca843ff063d1a9cc26d134f8fc43b3cdeb9460f850e9e5afbda6c0d5f0b1
1,H100,4,TW,Mean_L_NC,6911,6212,1922,1.1125241468126208,True,,2000,2000,0,1.0,True,,1.0497168012390041,1.2057832519811593,0.1560664507421552,0.09325910516853853,True,0.25,True,HPRF,100000.0,100.0,,,双特征联合准则,LOWER,artifacts/stage10/bootstrap_individual_summary.csv,ad9bca843ff063d1a9cc26d134f8fc43b3cdeb9460f850e9e5afbda6c0d5f0b1
2,H200,0,FIRST,P_cor,415,400000,2000,0.0010375,True,,2000,2000,0,1.0,True,,0.0009449375,0.0011375,0.00019256250000000003,0.00010000000000000005,False,,,HPRF,200000.0,200.0,,,首脉冲准则,HIGHER,artifacts/stage10/bootstrap_individual_summary.csv,ad9bca843ff063d1a9cc26d134f8fc43b3cdeb9460f850e9e5afbda6c0d5f0b1
2,H200,0,FIRST,P_C_given_C,39,415,375,0.09397590361445783,True,,2000,2000,0,1.0,True,,0.06852524712797221,0.11922682439016048,0.05070157726218827,0.025450656486485618,False,,,HPRF,200000.0,200.0,,,首脉冲准则,HIGHER,artifacts/stage10/bootstrap_individual_summary.csv,ad9bca843ff063d1a9cc26d134f8fc43b3cdeb9460f850e9e5afbda6c0d5f0b1
2,H200,0,FIRST,P_C_given_E,73,397585,2000,0.00018360853653935635,True,,2000,2000,0,1.0,True,,0.00014335349085496524,0.00022637811924712653,8.302462839216129e-05,4.2769582707770175e-05,False,,,HPRF,200000.0,200.0,,,首脉冲准则,HIGHER,artifacts/stage10/bootstrap_individual_summary.csv,ad9bca843ff063d1a9cc26d134f8fc43b3cdeb9460f850e9e5afbda6c0d5f0b1
2,H200,0,FIRST,Mean_L_NC,399585,2073,2000,192.75687409551375,True,,2000,2000,0,1.0,True,,191.1793899521531,194.27248420029167,3.093094248138584,1.577484143360664,False,,,HPRF,200000.0,200.0,,,首脉冲准则,LOWER,artifacts/stage10/bootstrap_individual_summary.csv,ad9bca843ff063d1a9cc26d134f8fc43b3cdeb9460f850e9e5afbda6c0d5f0b1
2,H200,1,LAST,P_cor,383,400000,2000,0.0009575,True,,2000,2000,0,1.0,True,,0.000865,0.0010525,0.00018750000000000006,9.500000000000003e-05,False,,,HPRF,200000.0,200.0,,,末脉冲准则,HIGHER,artifacts/stage10/bootstrap_individual_summary.csv,ad9bca843ff063d1a9cc26d134f8fc43b3cdeb9460f850e9e5afbda6c0d5f0b1
2,H200,1,LAST,P_C_given_C,26,383,356,0.06788511749347259,True,,2000,2000,0,1.0,True,,0.04449682318935427,0.09367088607594937,0.049174062886595094,0.025785768582476776,False,,,HPRF,200000.0,200.0,,,末脉冲准则,HIGHER,artifacts/stage10/bootstrap_individual_summary.csv,ad9bca843ff063d1a9cc26d134f8fc43b3cdeb9460f850e9e5afbda6c0d5f0b1
2,H200,1,LAST,P_C_given_E,64,397617,2000,0.00016095891272254457,True,,2000,2000,0,1.0,True,,0.0001232251414500489,0.00020128848757718665,7.806334612713774e-05,4.032957485464208e-05,False,,,HPRF,200000.0,200.0,,,末脉冲准则,HIGHER,artifacts/stage10/bootstrap_individual_summary.csv,ad9bca843ff063d1a9cc26d134f8fc43b3cdeb9460f850e9e5afbda6c0d5f0b1
2,H200,1,LAST,Mean_L_NC,399617,2064,2000,193.6128875968992,True,,2000,2000,0,1.0,True,,192.09562454949545,195.0444729136164,2.9488483641209484,1.517263047403759,False,,,HPRF,200000.0,200.0,,,末脉冲准则,LOWER,artifacts/stage10/bootstrap_individual_summary.csv,ad9bca843ff063d1a9cc26d134f8fc43b3cdeb9460f850e9e5afbda6c0d5f0b1
2,H200,2,T,P_cor,141701,400000,2000,0.3542525,True,,2000,2000,0,1.0,True,,0.3467735625,0.36113,0.014356437499999986,0.007478937500000005,True,0.02,True,HPRF,200000.0,200.0,,,最优时序准则,HIGHER,artifacts/stage10/bootstrap_individual_summary.csv,ad9bca843ff063d1a9cc26d134f8fc43b3cdeb9460f850e9e5afbda6c0d5f0b1
2,H200,2,T,P_C_given_C,85220,141126,1982,0.6038575457392684,True,,2000,2000,0,1.0,True,,0.6011565344959413,0.6063944757317993,0.005237941235857968,0.0027010112433271116,True,0.02,True,HPRF,200000.0,200.0,,,最优时序准则,HIGHER,artifacts/stage10/bootstrap_individual_summary.csv,ad9bca843ff063d1a9cc26d134f8fc43b3cdeb9460f850e9e5afbda6c0d5f0b1
2,H200,2,T,P_C_given_E,55358,256874,2000,0.21550643506154768,True,,2000,2000,0,1.0,True,,0.2084886681562094,0.22192263323357223,0.01343396507736283,0.007017766905338285,True,0.02,True,HPRF,200000.0,200.0,,,最优时序准则,HIGHER,artifacts/stage10/bootstrap_individual_summary.csv,ad9bca843ff063d1a9cc26d134f8fc43b3cdeb9460f850e9e5afbda6c0d5f0b1
2,H200,2,T,Mean_L_NC,258299,56783,2000,4.548879065917617,True,,2000,2000,0,1.0,True,,4.420202965587543,4.697936004684121,0.277733039096578,0.1490569387665044,True,0.25,True,HPRF,200000.0,200.0,,,最优时序准则,LOWER,artifacts/stage10/bootstrap_individual_summary.csv,ad9bca843ff063d1a9cc26d134f8fc43b3cdeb9460f850e9e5afbda6c0d5f0b1
2,H200,3,W,P_cor,360393,400000,2000,0.9009825,True,,2000,2000,0,1.0,True,,0.894699125,0.9072975624999999,0.012598437499999893,0.006315062499999913,False,,,HPRF,200000.0,200.0,,,脉宽单特征准则,HIGHER,artifacts/stage10/bootstrap_individual_summary.csv,ad9bca843ff063d1a9cc26d134f8fc43b3cdeb9460f850e9e5afbda6c0d5f0b1
2,H200,3,W,P_C_given_C,343765,358641,2000,0.9585211952899975,True,,2000,2000,0,1.0,True,,0.9578801566729384,0.9591553421081558,0.0012751854352174297,0.0006410386170591087,False,,,HPRF,200000.0,200.0,,,脉宽单特征准则,HIGHER,artifacts/stage10/bootstrap_individual_summary.csv,ad9bca843ff063d1a9cc26d134f8fc43b3cdeb9460f850e9e5afbda6c0d5f0b1
2,H200,3,W,P_C_given_E,14724,39359,2000,0.37409487029650146,True,,2000,2000,0,1.0,True,,0.3497074026394829,0.40217622635625455,0.05246882371677164,0.028081356059753093,False,,,HPRF,200000.0,200.0,,,脉宽单特征准则,HIGHER,artifacts/stage10/bootstrap_individual_summary.csv,ad9bca843ff063d1a9cc26d134f8fc43b3cdeb9460f850e9e5afbda6c0d5f0b1
2,H200,3,W,Mean_L_NC,39607,14972,2000,2.6454047555436815,True,,2000,2000,0,1.0,True,,2.4647503565044637,2.8280326594557583,0.3632823029512946,0.18262790391207684,False,,,HPRF,200000.0,200.0,,,脉宽单特征准则,LOWER,artifacts/stage10/bootstrap_individual_summary.csv,ad9bca843ff063d1a9cc26d134f8fc43b3cdeb9460f850e9e5afbda6c0d5f0b1
2,H200,4,TW,P_cor,388093,400000,2000,0.9702325,True,,2000,2000,0,1.0,True,,0.96856975,0.971535,0.0029652500000000304,0.0016627500000000461,True,0.02,True,HPRF,200000.0,200.0,,,双特征联合准则,HIGHER,artifacts/stage10/bootstrap_individual_summary.csv,ad9bca843ff063d1a9cc26d134f8fc43b3cdeb9460f850e9e5afbda6c0d5f0b1
2,H200,4,TW,P_C_given_C,375241,386149,2000,0.9717518367262378,True,,2000,2000,0,1.0,True,,0.9712611221278332,0.9722642088189012,0.001003086691067967,0.0005123720926634157,True,0.02,True,HPRF,200000.0,200.0,,,双特征联合准则,HIGHER,artifacts/stage10/bootstrap_individual_summary.csv,ad9bca843ff063d1a9cc26d134f8fc43b3cdeb9460f850e9e5afbda6c0d5f0b1
2,H200,4,TW,P_C_given_E,10921,11851,1995,0.9215256096531939,True,,2000,2000,0,1.0,True,,0.8723542801097623,0.9626368887473239,0.09028260863756155,0.04917132954343151,True,0.02,False,HPRF,200000.0,200.0,,,双特征联合准则,HIGHER,artifacts/stage10/bootstrap_individual_summary.csv,ad9bca843ff063d1a9cc26d134f8fc43b3cdeb9460f850e9e5afbda6c0d5f0b1
2,H200,4,TW,Mean_L_NC,11907,10977,1995,1.0847226018037714,True,,2000,2000,0,1.0,True,,1.0385982504705675,1.145477209567753,0.10687895909718548,0.06075460776398156,True,0.25,True,HPRF,200000.0,200.0,,,双特征联合准则,LOWER,artifacts/stage10/bootstrap_individual_summary.csv,ad9bca843ff063d1a9cc26d134f8fc43b3cdeb9460f850e9e5afbda6c0d5f0b1
3,H300,0,FIRST,P_cor,85,400000,2000,0.0002125,True,,2000,2000,0,1.0,True,,0.00017,0.0002550624999999997,8.506249999999969e-05,4.256249999999971e-05,False,,,HPRF,300000.0,300.0,,,首脉冲准则,HIGHER,artifacts/stage10/bootstrap_individual_summary.csv,ad9bca843ff063d1a9cc26d134f8fc43b3cdeb9460f850e9e5afbda6c0d5f0b1
3,H300,0,FIRST,P_C_given_C,1,85,84,0.011764705882352941,True,,2000,2000,0,1.0,True,,0.0,0.03797769740807714,0.03797769740807714,0.0262129915257242,False,,,HPRF,300000.0,300.0,,,首脉冲准则,HIGHER,artifacts/stage10/bootstrap_individual_summary.csv,ad9bca843ff063d1a9cc26d134f8fc43b3cdeb9460f850e9e5afbda6c0d5f0b1
3,H300,0,FIRST,P_C_given_E,5,397915,2000,1.2565497656534687e-05,True,,2000,2000,0,1.0,True,,2.5130551645140877e-06,2.5131060048849855e-05,2.2618004884335767e-05,1.2565562392315168e-05,False,,,HPRF,300000.0,300.0,,,首脉冲准则,HIGHER,artifacts/stage10/bootstrap_individual_summary.csv,ad9bca843ff063d1a9cc26d134f8fc43b3cdeb9460f850e9e5afbda6c0d5f0b1
3,H300,0,FIRST,Mean_L_NC,399915,2005,2000,199.45885286783042,True,,2000,2000,0,1.0,True,,198.96217661691543,199.8610819590205,0.8989053421050812,0.49667625091498735,False,,,HPRF,300000.0,300.0,,,首脉冲准则,LOWER,artifacts/stage10/bootstrap_individual_summary.csv,ad9bca843ff063d1a9cc26d134f8fc43b3cdeb9460f850e9e5afbda6c0d5f0b1
3,H300,1,LAST,P_cor,100,400000,2000,0.00025,True,,2000,2000,0,1.0,True,,0.000205,0.0003,9.499999999999998e-05,4.999999999999997e-05,False,,,HPRF,300000.0,300.0,,,末脉冲准则,HIGHER,artifacts/stage10/bootstrap_individual_summary.csv,ad9bca843ff063d1a9cc26d134f8fc43b3cdeb9460f850e9e5afbda6c0d5f0b1
3,H300,1,LAST,P_C_given_C,0,100,100,0.0,True,,2000,2000,0,1.0,True,,0.0,0.0,0.0,0.0,False,,,HPRF,300000.0,300.0,,,末脉冲准则,HIGHER,artifacts/stage10/bootstrap_individual_summary.csv,ad9bca843ff063d1a9cc26d134f8fc43b3cdeb9460f850e9e5afbda6c0d5f0b1
3,H300,1,LAST,P_C_given_E,2,397900,2000,5.026388539834129e-06,True,,2000,2000,0,1.0,True,,0.0,1.256628716479429e-05,1.256628716479429e-05,7.539898624960161e-06,False,,,HPRF,300000.0,300.0,,,末脉冲准则,HIGHER,artifacts/stage10/bootstrap_individual_summary.csv,ad9bca843ff063d1a9cc26d134f8fc43b3cdeb9460f850e9e5afbda6c0d5f0b1
3,H300,1,LAST,Mean_L_NC,399900,2002,2000,199.75024975024974,True,,2000,2000,0,1.0,True,,199.44638403990024,199.9545,0.508115960099758,0.3038657103494984,False,,,HPRF,300000.0,300.0,,,末脉冲准则,LOWER,artifacts/stage10/bootstrap_individual_summary.csv,ad9bca843ff063d1a9cc26d134f8fc43b3cdeb9460f850e9e5afbda6c0d5f0b1
3,H300,2,T,P_cor,98105,400000,2000,0.2452625,True,,2000,2000,0,1.0,True,,0.23977874999999998,0.251323,0.011544250000000034,0.006060500000000024,True,0.02,True,HPRF,300000.0,300.0,,,最优时序准则,HIGHER,artifacts/stage10/bootstrap_individual_summary.csv,ad9bca843ff063d1a9cc26d134f8fc43b3cdeb9460f850e9e5afbda6c0d5f0b1
3,H300,2,T,P_C_given_C,47862,97747,1978,0.4896518563229562,True,,2000,2000,0,1.0,True,,0.48625598109984197,0.49290580407060447,0.006649822970762498,0.003395875223114242,True,0.02,True,HPRF,300000.0,300.0,,,最优时序准则,HIGHER,artifacts/stage10/bootstrap_individual_summary.csv,ad9bca843ff063d1a9cc26d134f8fc43b3cdeb9460f850e9e5afbda6c0d5f0b1
3,H300,2,T,P_C_given_E,49303,300253,2000,0.16420485390653883,True,,2000,2000,0,1.0,True,,0.1593026502917824,0.16931920546114967,0.01001655516936728,0.0051143515546108465,True,0.02,True,HPRF,300000.0,300.0,,,最优时序准则,HIGHER,artifacts/stage10/bootstrap_individual_summary.csv,ad9bca843ff063d1a9cc26d134f8fc43b3cdeb9460f850e9e5afbda6c0d5f0b1
3,H300,2,T,Mean_L_NC,301895,50945,2000,5.925900480910786,True,,2000,2000,0,1.0,True,,5.751204461107337,6.101973104424036,0.350768643316699,0.17607262351324948,True,0.25,True,HPRF,300000.0,300.0,,,最优时序准则,LOWER,artifacts/stage10/bootstrap_individual_summary.csv,ad9bca843ff063d1a9cc26d134f8fc43b3cdeb9460f850e9e5afbda6c0d5f0b1
3,H300,3,W,P_cor,354037,400000,2000,0.8850925,True,,2000,2000,0,1.0,True,,0.8784299375000001,0.8920105625,0.013580624999999902,0.006918062500000044,False,,,HPRF,300000.0,300.0,,,脉宽单特征准则,HIGHER,artifacts/stage10/bootstrap_individual_summary.csv,ad9bca843ff063d1a9cc26d134f8fc43b3cdeb9460f850e9e5afbda6c0d5f0b1
3,H300,3,W,P_C_given_C,335618,352312,2000,0.9526158632121529,True,,2000,2000,0,1.0,True,,0.9519268680546025,0.9533336534684879,0.001406785413885392,0.0007177902563350047,False,,,HPRF,300000.0,300.0,,,脉宽单特征准则,HIGHER,artifacts/stage10/bootstrap_individual_summary.csv,ad9bca843ff063d1a9cc26d134f8fc43b3cdeb9460f850e9e5afbda6c0d5f0b1
3,H300,3,W,P_C_given_E,16502,45688,1999,0.3611889336368412,True,,2000,2000,0,1.0,True,,0.33850820654923164,0.38747834767069944,0.0489701411214678,0.02628941403385826,False,,,HPRF,300000.0,300.0,,,脉宽单特征准则,HIGHER,artifacts/stage10/bootstrap_individual_summary.csv,ad9bca843ff063d1a9cc26d134f8fc43b3cdeb9460f850e9e5afbda6c0d5f0b1
3,H300,3,W,Mean_L_NC,45963,16777,1999,2.7396435596352147,True,,2000,2000,0,1.0,True,,2.556219261181915,2.9196299548455116,0.3634106936635968,0.18342429845329988,False,,,HPRF,300000.0,300.0,,,脉宽单特征准则,LOWER,artifacts/stage10/bootstrap_individual_summary.csv,ad9bca843ff063d1a9cc26d134f8fc43b3cdeb9460f850e9e5afbda6c0d5f0b1
3,H300,4,TW,P_cor,385987,400000,2000,0.9649675,True,,2000,2000,0,1.0,True,,0.9642848125,0.965645,0.0013601874999999986,0.000682687500000001,True,0.02,True,HPRF,300000.0,300.0,,,双特征联合准则,HIGHER,artifacts/stage10/bootstrap_individual_summary.csv,ad9bca843ff063d1a9cc26d134f8fc43b3cdeb9460f850e9e5afbda6c0d5f0b1
3,H300,4,TW,P_C_given_C,370620,384051,2000,0.9650280822078318,True,,2000,2000,0,1.0,True,,0.9644782374321473,0.9656029589460471,0.0011247215138997513,0.0005748767382153241,True,0.02,True,HPRF,300000.0,300.0,,,双特征联合准则,HIGHER,artifacts/stage10/bootstrap_individual_summary.csv,ad9bca843ff063d1a9cc26d134f8fc43b3cdeb9460f850e9e5afbda6c0d5f0b1
3,H300,4,TW,P_C_given_E,13422,13949,1998,0.9622195139436519,True,,2000,2000,0,1.0,True,,0.9485254631899915,0.9734356729493729,0.024910209759381408,0.01369405075366037,True,0.02,True,HPRF,300000.0,300.0,,,双特征联合准则,HIGHER,artifacts/stage10/bootstrap_individual_summary.csv,ad9bca843ff063d1a9cc26d134f8fc43b3cdeb9460f850e9e5afbda6c0d5f0b1
3,H300,4,TW,Mean_L_NC,14013,13486,1998,1.039077561916061,True,,2000,2000,0,1.0,True,,1.0271654617226071,1.0539586466700885,0.026793184947481397,0.014881084754027496,True,0.25,True,HPRF,300000.0,300.0,,,双特征联合准则,LOWER,artifacts/stage10/bootstrap_individual_summary.csv,ad9bca843ff063d1a9cc26d134f8fc43b3cdeb9460f850e9e5afbda6c0d5f0b1
4,H400,0,FIRST,P_cor,47,400000,2000,0.0001175,True,,2000,2000,0,1.0,True,,8.493750000000001e-05,0.00015,6.506249999999998e-05,3.2562499999999985e-05,False,,,HPRF,400000.0,400.0,,,首脉冲准则,HIGHER,artifacts/stage10/bootstrap_individual_summary.csv,ad9bca843ff063d1a9cc26d134f8fc43b3cdeb9460f850e9e5afbda6c0d5f0b1
4,H400,0,FIRST,P_C_given_C,0,47,47,0.0,True,,2000,2000,0,1.0,True,,0.0,0.0,0.0,0.0,False,,,HPRF,400000.0,400.0,,,首脉冲准则,HIGHER,artifacts/stage10/bootstrap_individual_summary.csv,ad9bca843ff063d1a9cc26d134f8fc43b3cdeb9460f850e9e5afbda6c0d5f0b1
4,H400,0,FIRST,P_C_given_E,1,397953,2000,2.5128595587921187e-06,True,,2000,2000,0,1.0,True,,0.0,7.53874964434494e-06,7.53874964434494e-06,5.025890085552821e-06,False,,,HPRF,400000.0,400.0,,,首脉冲准则,HIGHER,artifacts/stage10/bootstrap_individual_summary.csv,ad9bca843ff063d1a9cc26d134f8fc43b3cdeb9460f850e9e5afbda6c0d5f0b1
4,H400,0,FIRST,Mean_L_NC,399953,2001,2000,199.87656171914043,True,,2000,2000,0,1.0,True,,199.67247878182727,199.9825,0.31002121817272155,0.20408293731316007,False,,,HPRF,400000.0,400.0,,,首脉冲准则,LOWER,artifacts/stage10/bootstrap_individual_summary.csv,ad9bca843ff063d1a9cc26d134f8fc43b3cdeb9460f850e9e5afbda6c0d5f0b1
4,H400,1,LAST,P_cor,43,400000,2000,0.0001075,True,,2000,2000,0,1.0,True,,7.5e-05,0.00014,6.5e-05,3.2500000000000004e-05,False,,,HPRF,400000.0,400.0,,,末脉冲准则,HIGHER,artifacts/stage10/bootstrap_individual_summary.csv,ad9bca843ff063d1a9cc26d134f8fc43b3cdeb9460f850e9e5afbda6c0d5f0b1
4,H400,1,LAST,P_C_given_C,0,43,43,0.0,True,,2000,2000,0,1.0,True,,0.0,0.0,0.0,0.0,False,,,HPRF,400000.0,400.0,,,末脉冲准则,HIGHER,artifacts/stage10/bootstrap_individual_summary.csv,ad9bca843ff063d1a9cc26d134f8fc43b3cdeb9460f850e9e5afbda6c0d5f0b1
4,H400,1,LAST,P_C_given_E,1,397957,2000,2.512834301193345e-06,True,,2000,2000,0,1.0,True,,0.0,7.538673868111684e-06,7.538673868111684e-06,5.025839566918339e-06,False,,,HPRF,400000.0,400.0,,,末脉冲准则,HIGHER,artifacts/stage10/bootstrap_individual_summary.csv,ad9bca843ff063d1a9cc26d134f8fc43b3cdeb9460f850e9e5afbda6c0d5f0b1
4,H400,1,LAST,Mean_L_NC,399957,2001,2000,199.87856071964018,True,,2000,2000,0,1.0,True,,199.67447578632053,199.984,0.3095242136794809,0.20408493331964905,False,,,HPRF,400000.0,400.0,,,末脉冲准则,LOWER,artifacts/stage10/bootstrap_individual_summary.csv,ad9bca843ff063d1a9cc26d134f8fc43b3cdeb9460f850e9e5afbda6c0d5f0b1
4,H400,2,T,P_cor,82576,400000,2000,0.20644,True,,2000,2000,0,1.0,True,,0.2015624375,0.2115176875,0.009955249999999999,0.005077687499999983,True,0.02,True,HPRF,400000.0,400.0,,,最优时序准则,HIGHER,artifacts/stage10/bootstrap_individual_summary.csv,ad9bca843ff063d1a9cc26d134f8fc43b3cdeb9460f850e9e5afbda6c0d5f0b1
4,H400,2,T,P_C_given_C,34702,82293,1966,0.4216883574544615,True,,2000,2000,0,1.0,True,,0.4181396228924453,0.4251515020288339,0.007011879136388621,0.003548734562016209,True,0.02,True,HPRF,400000.0,400.0,,,最优时序准则,HIGHER,artifacts/stage10/bootstrap_individual_summary.csv,ad9bca843ff063d1a9cc26d134f8fc43b3cdeb9460f850e9e5afbda6c0d5f0b1
4,H400,2,T,P_C_given_E,47096,315707,2000,0.1491762932085763,True,,2000,2000,0,1.0,True,,0.14494632336147195,0.15366951880844598,0.00872319544697403,0.004493225599869671,True,0.02,True,HPRF,400000.0,400.0,,,最优时序准则,HIGHER,artifacts/stage10/bootstrap_individual_summary.csv,ad9bca843ff063d1a9cc26d134f8fc43b3cdeb9460f850e9e5afbda6c0d5f0b1
4,H400,2,T,Mean_L_NC,317424,48813,2000,6.502857845246144,True,,2000,2000,0,1.0,True,,6.318989659122663,6.684284711393629,0.3652950522709659,0.18386818612348055,True,0.25,True,HPRF,400000.0,400.0,,,最优时序准则,LOWER,artifacts/stage10/bootstrap_individual_summary.csv,ad9bca843ff063d1a9cc26d134f8fc43b3cdeb9460f850e9e5afbda6c0d5f0b1
4,H400,3,W,P_cor,349677,400000,2000,0.8741925,True,,2000,2000,0,1.0,True,,0.8663685624999999,0.8814953125,0.015126750000000078,0.0078239375000001,False,,,HPRF,400000.0,400.0,,,脉宽单特征准则,HIGHER,artifacts/stage10/bootstrap_individual_summary.csv,ad9bca843ff063d1a9cc26d134f8fc43b3cdeb9460f850e9e5afbda6c0d5f0b1
4,H400,3,W,P_C_given_C,330338,347975,2000,0.9493153243767513,True,,2000,2000,0,1.0,True,,0.9486224798302755,0.9500955287631686,0.0014730489328931284,0.0007802043864173491,False,,,HPRF,400000.0,400.0,,,脉宽单特征准则,HIGHER,artifacts/stage10/bootstrap_individual_summary.csv,ad9bca843ff063d1a9cc26d134f8fc43b3cdeb9460f850e9e5afbda6c0d5f0b1
4,H400,3,W,P_C_given_E,17447,50025,2000,0.3487656171914043,True,,2000,2000,0,1.0,True,,0.3256153369109798,0.3730636626087166,0.04744832569773677,0.024298045417312286,False,,,HPRF,400000.0,400.0,,,脉宽单特征准则,HIGHER,artifacts/stage10/bootstrap_individual_summary.csv,ad9bca843ff063d1a9cc26d134f8fc43b3cdeb9460f850e9e5afbda6c0d5f0b1
4,H400,3,W,Mean_L_NC,50323,17745,2000,2.835897435897436,True,,2000,2000,0,1.0,True,,2.6545222846891674,3.034056716042793,0.37953443135362575,0.1981592801453571,False,,,HPRF,400000.0,400.0,,,脉宽单特征准则,LOWER,artifacts/stage10/bootstrap_individual_summary.csv,ad9bca843ff063d1a9cc26d134f8fc43b3cdeb9460f850e9e5afbda6c0d5f0b1
4,H400,4,TW,P_cor,384425,400000,2000,0.9610625,True,,2000,2000,0,1.0,True,,0.9604799375,0.9616625624999999,0.0011826249999998817,0.0006000624999998871,True,0.02,True,HPRF,400000.0,400.0,,,双特征联合准则,HIGHER,artifacts/stage10/bootstrap_individual_summary.csv,ad9bca843ff063d1a9cc26d134f8fc43b3cdeb9460f850e9e5afbda6c0d5f0b1
4,H400,4,TW,P_C_given_C,367500,382496,2000,0.9607943612482222,True,,2000,2000,0,1.0,True,,0.9601942316386493,0.9614400489439301,0.0012458173052808386,0.0006456876957079416,True,0.02,True,HPRF,400000.0,400.0,,,双特征联合准则,HIGHER,artifacts/stage10/bootstrap_individual_summary.csv,ad9bca843ff063d1a9cc26d134f8fc43b3cdeb9460f850e9e5afbda6c0d5f0b1
4,H400,4,TW,P_C_given_E,15009,15504,1999,0.9680727554179567,True,,2000,2000,0,1.0,True,,0.9633512615400976,0.9721008069443076,0.008749545404209913,0.004721493877859029,True,0.02,True,HPRF,400000.0,400.0,,,双特征联合准则,HIGHER,artifacts/stage10/bootstrap_individual_summary.csv,ad9bca843ff063d1a9cc26d134f8fc43b3cdeb9460f850e9e5afbda6c0d5f0b1
4,H400,4,TW,Mean_L_NC,15575,15080,1999,1.0328249336870026,True,,2000,2000,0,1.0,True,,1.028565645237747,1.0378790034017125,0.009313358163965502,0.005054069714709897,True,0.25,True,HPRF,400000.0,400.0,,,双特征联合准则,LOWER,artifacts/stage10/bootstrap_individual_summary.csv,ad9bca843ff063d1a9cc26d134f8fc43b3cdeb9460f850e9e5afbda6c0d5f0b1
5,H500,0,FIRST,P_cor,20,400000,2000,5e-05,True,,2000,2000,0,1.0,True,,3e-05,7.25e-05,4.25e-05,2.2499999999999998e-05,False,,,HPRF,500000.0,500.0,,,首脉冲准则,HIGHER,artifacts/stage10/bootstrap_individual_summary.csv,ad9bca843ff063d1a9cc26d134f8fc43b3cdeb9460f850e9e5afbda6c0d5f0b1
5,H500,0,FIRST,P_C_given_C,0,20,20,0.0,True,,2000,2000,0,1.0,True,,0.0,0.0,0.0,0.0,False,,,HPRF,500000.0,500.0,,,首脉冲准则,HIGHER,artifacts/stage10/bootstrap_individual_summary.csv,ad9bca843ff063d1a9cc26d134f8fc43b3cdeb9460f850e9e5afbda6c0d5f0b1
5,H500,0,FIRST,P_C_given_E,0,397980,2000,0.0,True,,2000,2000,0,1.0,True,,0.0,0.0,0.0,0.0,False,,,HPRF,500000.0,500.0,,,首脉冲准则,HIGHER,artifacts/stage10/bootstrap_individual_summary.csv,ad9bca843ff063d1a9cc26d134f8fc43b3cdeb9460f850e9e5afbda6c0d5f0b1
5,H500,0,FIRST,Mean_L_NC,399980,2000,2000,199.99,True,,2000,2000,0,1.0,True,,199.9855,199.994,0.008499999999997954,0.004500000000007276,False,,,HPRF,500000.0,500.0,,,首脉冲准则,LOWER,artifacts/stage10/bootstrap_individual_summary.csv,ad9bca843ff063d1a9cc26d134f8fc43b3cdeb9460f850e9e5afbda6c0d5f0b1
5,H500,1,LAST,P_cor,16,400000,2000,4e-05,True,,2000,2000,0,1.0,True,,2.25e-05,6e-05,3.7500000000000003e-05,1.9999999999999998e-05,False,,,HPRF,500000.0,500.0,,,末脉冲准则,HIGHER,artifacts/stage10/bootstrap_individual_summary.csv,ad9bca843ff063d1a9cc26d134f8fc43b3cdeb9460f850e9e5afbda6c0d5f0b1
5,H500,1,LAST,P_C_given_C,0,16,16,0.0,True,,2000,2000,0,1.0,True,,0.0,0.0,0.0,0.0,False,,,HPRF,500000.0,500.0,,,末脉冲准则,HIGHER,artifacts/stage10/bootstrap_individual_summary.csv,ad9bca843ff063d1a9cc26d134f8fc43b3cdeb9460f850e9e5afbda6c0d5f0b1
5,H500,1,LAST,P_C_given_E,0,397984,2000,0.0,True,,2000,2000,0,1.0,True,,0.0,0.0,0.0,0.0,False,,,HPRF,500000.0,500.0,,,末脉冲准则,HIGHER,artifacts/stage10/bootstrap_individual_summary.csv,ad9bca843ff063d1a9cc26d134f8fc43b3cdeb9460f850e9e5afbda6c0d5f0b1
5,H500,1,LAST,Mean_L_NC,399984,2000,2000,199.992,True,,2000,2000,0,1.0,True,,199.988,199.9955,0.007499999999993179,0.003999999999990678,False,,,HPRF,500000.0,500.0,,,末脉冲准则,LOWER,artifacts/stage10/bootstrap_individual_summary.csv,ad9bca843ff063d1a9cc26d134f8fc43b3cdeb9460f850e9e5afbda6c0d5f0b1
5,H500,2,T,P_cor,69356,400000,2000,0.17339,True,,2000,2000,0,1.0,True,,0.168989375,0.177528,0.008538624999999994,0.004400624999999991,True,0.02,True,HPRF,500000.0,500.0,,,最优时序准则,HIGHER,artifacts/stage10/bootstrap_individual_summary.csv,ad9bca843ff063d1a9cc26d134f8fc43b3cdeb9460f850e9e5afbda6c0d5f0b1
5,H500,2,T,P_C_given_C,25652,69139,1976,0.37102069743560073,True,,2000,2000,0,1.0,True,,0.36751361932340054,0.37479864127153023,0.0072850219481296885,0.003777943835929498,True,0.02,True,HPRF,500000.0,500.0,,,最优时序准则,HIGHER,artifacts/stage10/bootstrap_individual_summary.csv,ad9bca843ff063d1a9cc26d134f8fc43b3cdeb9460f850e9e5afbda6c0d5f0b1
5,H500,2,T,P_C_given_E,43054,328861,2000,0.13091853397027925,True,,2000,2000,0,1.0,True,,0.12695071468660923,0.13458018636733574,0.007629471680726502,0.0039678192836700155,True,0.02,True,HPRF,500000.0,500.0,,,最优时序准则,HIGHER,artifacts/stage10/bootstrap_individual_summary.csv,ad9bca843ff063d1a9cc26d134f8fc43b3cdeb9460f850e9e5afbda6c0d5f0b1
5,H500,2,T,Mean_L_NC,330644,44837,2000,7.374356000624484,True,,2000,2000,0,1.0,True,,7.181841145642279,7.597386137020586,0.41554499137830714,0.22303013639610203,True,0.25,True,HPRF,500000.0,500.0,,,最优时序准则,LOWER,artifacts/stage10/bootstrap_individual_summary.csv,ad9bca843ff063d1a9cc26d134f8fc43b3cdeb9460f850e9e5afbda6c0d5f0b1
5,H500,3,W,P_cor,351078,400000,2000,0.877695,True,,2000,2000,0,1.0,True,,0.8709588749999999,0.8844975625,0.01353868750000009,0.006802562499999998,False,,,HPRF,500000.0,500.0,,,脉宽单特征准则,HIGHER,artifacts/stage10/bootstrap_individual_summary.csv,ad9bca843ff063d1a9cc26d134f8fc43b3cdeb9460f850e9e5afbda6c0d5f0b1
5,H500,3,W,P_C_given_C,331111,349403,2000,0.9476478450385372,True,,2000,2000,0,1.0,True,,0.9469007406547363,0.9484484145494618,0.001547673894725543,0.0008005695109246647,False,,,HPRF,500000.0,500.0,,,脉宽单特征准则,HIGHER,artifacts/stage10/bootstrap_individual_summary.csv,ad9bca843ff063d1a9cc26d134f8fc43b3cdeb9460f850e9e5afbda6c0d5f0b1
5,H500,3,W,P_C_given_E,18069,48597,2000,0.3718130748811655,True,,2000,2000,0,1.0,True,,0.3493556028932036,0.3960989620386738,0.046743359145470176,0.02428588715750829,False,,,HPRF,500000.0,500.0,,,脉宽单特征准则,HIGHER,artifacts/stage10/bootstrap_individual_summary.csv,ad9bca843ff063d1a9cc26d134f8fc43b3cdeb9460f850e9e5afbda6c0d5f0b1
5,H500,3,W,Mean_L_NC,48922,18394,2000,2.6596716320539304,True,,2000,2000,0,1.0,True,,2.4987006962750606,2.8261839797175954,0.32748328344253474,0.16651234766366496,False,,,HPRF,500000.0,500.0,,,脉宽单特征准则,LOWER,artifacts/stage10/bootstrap_individual_summary.csv,ad9bca843ff063d1a9cc26d134f8fc43b3cdeb9460f850e9e5afbda6c0d5f0b1
5,H500,4,TW,P_cor,383358,400000,2000,0.958395,True,,2000,2000,0,1.0,True,,0.9578,0.9589950625,0.0011950625000000104,0.0006000624999999982,True,0.02,True,HPRF,500000.0,500.0,,,双特征联合准则,HIGHER,artifacts/stage10/bootstrap_individual_summary.csv,ad9bca843ff063d1a9cc26d134f8fc43b3cdeb9460f850e9e5afbda6c0d5f0b1
5,H500,4,TW,P_C_given_C,365370,381442,2000,0.9578651538110643,True,,2000,2000,0,1.0,True,,0.9572203770813256,0.9585110812735925,0.001290704192266956,0.0006459274625282285,True,0.02,True,HPRF,500000.0,500.0,,,双特征联合准则,HIGHER,artifacts/stage10/bootstrap_individual_summary.csv,ad9bca843ff063d1a9cc26d134f8fc43b3cdeb9460f850e9e5afbda6c0d5f0b1
5,H500,4,TW,P_C_given_E,16070,16558,2000,0.9705278415267544,True,,2000,2000,0,1.0,True,,0.9683541983173933,0.9727751305262557,0.004420932208862416,0.002247288999501329,True,0.02,True,HPRF,500000.0,500.0,,,双特征联合准则,HIGHER,artifacts/stage10/bootstrap_individual_summary.csv,ad9bca843ff063d1a9cc26d134f8fc43b3cdeb9460f850e9e5afbda6c0d5f0b1
5,H500,4,TW,Mean_L_NC,16642,16154,2000,1.0302092361025132,True,,2000,2000,0,1.0,True,,1.0278433448761426,1.0325137530642858,0.004670408188143238,0.0023658912263706533,True,0.25,True,HPRF,500000.0,500.0,,,双特征联合准则,LOWER,artifacts/stage10/bootstrap_individual_summary.csv,ad9bca843ff063d1a9cc26d134f8fc43b3cdeb9460f850e9e5afbda6c0d5f0b1
6,F1,0,FIRST,P_cor,303979,400000,2000,0.7599475,True,,2000,2000,0,1.0,True,,0.7586448125,0.7612628124999999,0.002617999999999898,0.0013153124999999433,False,,,IDF,,,1e-06,1.0,首脉冲准则,HIGHER,artifacts/stage10/bootstrap_individual_summary.csv,ad9bca843ff063d1a9cc26d134f8fc43b3cdeb9460f850e9e5afbda6c0d5f0b1
6,F1,0,FIRST,P_C_given_C,229818,302470,2000,0.7598042781102258,True,,2000,2000,0,1.0,True,,0.7582344217779562,0.7613409425425384,0.003106520764582177,0.0015698563322695813,False,,,IDF,,,1e-06,1.0,首脉冲准则,HIGHER,artifacts/stage10/bootstrap_individual_summary.csv,ad9bca843ff063d1a9cc26d134f8fc43b3cdeb9460f850e9e5afbda6c0d5f0b1
6,F1,0,FIRST,P_C_given_E,72634,95530,2000,0.7603265989741442,True,,2000,2000,0,1.0,True,,0.7576414766985767,0.7629988506447087,0.005357373946132005,0.0026851222755674975,False,,,IDF,,,1e-06,1.0,首脉冲准则,HIGHER,artifacts/stage10/bootstrap_individual_summary.csv,ad9bca843ff063d1a9cc26d134f8fc43b3cdeb9460f850e9e5afbda6c0d5f0b1
6,F1,0,FIRST,Mean_L_NC,96021,73125,2000,1.3131076923076923,True,,2000,2000,0,1.0,True,,1.308524331108964,1.3177419265116457,0.009217595402681633,0.004634234203953369,False,,,IDF,,,1e-06,1.0,首脉冲准则,LOWER,artifacts/stage10/bootstrap_individual_summary.csv,ad9bca843ff063d1a9cc26d134f8fc43b3cdeb9460f850e9e5afbda6c0d5f0b1
6,F1,1,LAST,P_cor,96018,400000,2000,0.240045,True,,2000,2000,0,1.0,True,,0.2387274375,0.241350125,0.0026226874999999983,0.001317562500000008,False,,,IDF,,,1e-06,1.0,末脉冲准则,HIGHER,artifacts/stage10/bootstrap_individual_summary.csv,ad9bca843ff063d1a9cc26d134f8fc43b3cdeb9460f850e9e5afbda6c0d5f0b1
6,F1,1,LAST,P_C_given_C,22895,95527,2000,0.2396704596606195,True,,2000,2000,0,1.0,True,,0.23700297399039785,0.24237076701324106,0.005367793022843209,0.002700307352621556,False,,,IDF,,,1e-06,1.0,末脉冲准则,HIGHER,artifacts/stage10/bootstrap_individual_summary.csv,ad9bca843ff063d1a9cc26d134f8fc43b3cdeb9460f850e9e5afbda6c0d5f0b1
6,F1,1,LAST,P_C_given_E,72650,302473,2000,0.24018672741038044,True,,2000,2000,0,1.0,True,,0.23864350059238648,0.24175673715439802,0.00311323656201154,0.0015700097440175809,False,,,IDF,,,1e-06,1.0,末脉冲准则,HIGHER,artifacts/stage10/bootstrap_individual_summary.csv,ad9bca843ff063d1a9cc26d134f8fc43b3cdeb9460f850e9e5afbda6c0d5f0b1
6,F1,1,LAST,Mean_L_NC,303982,74159,2000,4.099057430655753,True,,2000,2000,0,1.0,True,,4.073013413277824,4.1245808531840495,0.05156743990622559,0.026044017377929052,False,,,IDF,,,1e-06,1.0,末脉冲准则,LOWER,artifacts/stage10/bootstrap_individual_summary.csv,ad9bca843ff063d1a9cc26d134f8fc43b3cdeb9460f850e9e5afbda6c0d5f0b1
6,F1,2,T,P_cor,200568,400000,2000,0.50142,True,,2000,2000,0,1.0,True,,0.499609875,0.5032550625,0.00364518749999998,0.0018350624999999843,True,0.02,True,IDF,,,1e-06,1.0,最优时序准则,HIGHER,artifacts/stage10/bootstrap_individual_summary.csv,ad9bca843ff063d1a9cc26d134f8fc43b3cdeb9460f850e9e5afbda6c0d5f0b1
6,F1,2,T,P_C_given_C,111565,199594,2000,0.5589596881669789,True,,2000,2000,0,1.0,True,,0.5566329037415159,0.5612762120591189,0.004643308317603068,0.00232678442546308,True,0.02,True,IDF,,,1e-06,1.0,最优时序准则,HIGHER,artifacts/stage10/bootstrap_individual_summary.csv,ad9bca843ff063d1a9cc26d134f8fc43b3cdeb9460f850e9e5afbda6c0d5f0b1
6,F1,2,T,P_C_given_E,87853,198406,2000,0.4427940687277602,True,,2000,2000,0,1.0,True,,0.4405833754717158,0.44508294995733333,0.004499574485617552,0.002288881229573103,True,0.02,True,IDF,,,1e-06,1.0,最优时序准则,HIGHER,artifacts/stage10/bootstrap_individual_summary.csv,ad9bca843ff063d1a9cc26d134f8fc43b3cdeb9460f850e9e5afbda6c0d5f0b1
6,F1,2,T,Mean_L_NC,199432,88879,2000,2.243859629383769,True,,2000,2000,0,1.0,True,,2.2324212538687873,2.254942203797124,0.02252094992833653,0.011438375514981836,True,0.25,True,IDF,,,1e-06,1.0,最优时序准则,LOWER,artifacts/stage10/bootstrap_individual_summary.csv,ad9bca843ff063d1a9cc26d134f8fc43b3cdeb9460f850e9e5afbda6c0d5f0b1
6,F1,3,W,P_cor,200053,400000,2000,0.5001325,True,,2000,2000,0,1.0,True,,0.4985995,0.50175775,0.003158250000000029,0.0016252500000000225,False,,,IDF,,,1e-06,1.0,脉宽单特征准则,HIGHER,artifacts/stage10/bootstrap_individual_summary.csv,ad9bca843ff063d1a9cc26d134f8fc43b3cdeb9460f850e9e5afbda6c0d5f0b1
6,F1,3,W,P_C_given_C,99483,199030,2000,0.4998392202180576,True,,2000,2000,0,1.0,True,,0.49768153399021947,0.5021384784101689,0.004456944419949427,0.0022992581921112976,False,,,IDF,,,1e-06,1.0,脉宽单特征准则,HIGHER,artifacts/stage10/bootstrap_individual_summary.csv,ad9bca843ff063d1a9cc26d134f8fc43b3cdeb9460f850e9e5afbda6c0d5f0b1
6,F1,3,W,P_C_given_E,99535,198970,2000,0.5002512941649495,True,,2000,2000,0,1.0,True,,0.4980308636473006,0.502443282212647,0.00441241856534641,0.002220430517648919,False,,,IDF,,,1e-06,1.0,脉宽单特征准则,HIGHER,artifacts/stage10/bootstrap_individual_summary.csv,ad9bca843ff063d1a9cc26d134f8fc43b3cdeb9460f850e9e5afbda6c0d5f0b1
6,F1,3,W,Mean_L_NC,199947,100512,2000,1.9892848615090735,True,,2000,2000,0,1.0,True,,1.980517789536682,1.998101936431765,0.01758414689508303,0.008817074922691459,False,,,IDF,,,1e-06,1.0,脉宽单特征准则,LOWER,artifacts/stage10/bootstrap_individual_summary.csv,ad9bca843ff063d1a9cc26d134f8fc43b3cdeb9460f850e9e5afbda6c0d5f0b1
6,F1,4,TW,P_cor,199623,400000,2000,0.4990575,True,,2000,2000,0,1.0,True,,0.49725981249999995,0.500870125,0.0036103125000001013,0.0018126250000000677,True,0.02,True,IDF,,,1e-06,1.0,双特征联合准则,HIGHER,artifacts/stage10/bootstrap_individual_summary.csv,ad9bca843ff063d1a9cc26d134f8fc43b3cdeb9460f850e9e5afbda6c0d5f0b1
6,F1,4,TW,P_C_given_C,108956,198608,2000,0.5485982437766858,True,,2000,2000,0,1.0,True,,0.5462726258304719,0.5509032889164848,0.004630663086012898,0.002325617946213887,True,0.02,True,IDF,,,1e-06,1.0,双特征联合准则,HIGHER,artifacts/stage10/bootstrap_individual_summary.csv,ad9bca843ff063d1a9cc26d134f8fc43b3cdeb9460f850e9e5afbda6c0d5f0b1
6,F1,4,TW,P_C_given_E,89553,199392,2000,0.4491303562831006,True,,2000,2000,0,1.0,True,,0.4469008790664365,0.45143660826488674,0.004535729198450245,0.0023062519817861338,True,0.02,True,IDF,,,1e-06,1.0,双特征联合准则,HIGHER,artifacts/stage10/bootstrap_individual_summary.csv,ad9bca843ff063d1a9cc26d134f8fc43b3cdeb9460f850e9e5afbda6c0d5f0b1
6,F1,4,TW,Mean_L_NC,200377,90538,2000,2.2131812056815923,True,,2000,2000,0,1.0,True,,2.2019010430232226,2.2243052034341604,0.022404160410937735,0.011280162658369619,True,0.25,True,IDF,,,1e-06,1.0,双特征联合准则,LOWER,artifacts/stage10/bootstrap_individual_summary.csv,ad9bca843ff063d1a9cc26d134f8fc43b3cdeb9460f850e9e5afbda6c0d5f0b1
7,F2,0,FIRST,P_cor,368777,400000,2000,0.9219425,True,,2000,2000,0,1.0,True,,0.9211125,0.92277,0.0016574999999999784,0.0008299999999999974,False,,,IDF,,,2e-06,2.0,首脉冲准则,HIGHER,artifacts/stage10/bootstrap_individual_summary.csv,ad9bca843ff063d1a9cc26d134f8fc43b3cdeb9460f850e9e5afbda6c0d5f0b1
7,F2,0,FIRST,P_C_given_C,338292,366925,2000,0.9219649792191865,True,,2000,2000,0,1.0,True,,0.9210692798875776,0.9228142869811015,0.001745007093523876,0.0008956993316089346,False,,,IDF,,,2e-06,2.0,首脉冲准则,HIGHER,artifacts/stage10/bootstrap_individual_summary.csv,ad9bca843ff063d1a9cc26d134f8fc43b3cdeb9460f850e9e5afbda6c0d5f0b1
7,F2,0,FIRST,P_C_given_E,28631,31075,2000,0.9213515687851971,True,,2000,2000,0,1.0,True,,0.9185639284084515,0.9242537322445412,0.005689803836089746,0.0029021634593441314,False,,,IDF,,,2e-06,2.0,首脉冲准则,HIGHER,artifacts/stage10/bootstrap_individual_summary.csv,ad9bca843ff063d1a9cc26d134f8fc43b3cdeb9460f850e9e5afbda6c0d5f0b1
7,F2,0,FIRST,Mean_L_NC,31223,28779,2000,1.0849230341568505,True,,2000,2000,0,1.0,True,,1.0815411530069527,1.088179431476858,0.006638278469905279,0.003381881149897792,False,,,IDF,,,2e-06,2.0,首脉冲准则,LOWER,artifacts/stage10/bootstrap_individual_summary.csv,ad9bca843ff063d1a9cc26d134f8fc43b3cdeb9460f850e9e5afbda6c0d5f0b1
7,F2,1,LAST,P_cor,31235,400000,2000,0.0780875,True,,2000,2000,0,1.0,True,,0.07726993750000001,0.07891006249999999,0.0016401249999999784,0.0008225624999999848,False,,,IDF,,,2e-06,2.0,末脉冲准则,HIGHER,artifacts/stage10/bootstrap_individual_summary.csv,ad9bca843ff063d1a9cc26d134f8fc43b3cdeb9460f850e9e5afbda6c0d5f0b1
7,F2,1,LAST,P_C_given_C,2444,31087,2000,0.07861807186283655,True,,2000,2000,0,1.0,True,,0.07575483773197218,0.0814194885559313,0.0056646508239591165,0.002863234130864367,False,,,IDF,,,2e-06,2.0,末脉冲准则,HIGHER,artifacts/stage10/bootstrap_individual_summary.csv,ad9bca843ff063d1a9cc26d134f8fc43b3cdeb9460f850e9e5afbda6c0d5f0b1
7,F2,1,LAST,P_C_given_E,28641,366913,2000,0.07805937647344194,True,,2000,2000,0,1.0,True,,0.07722386182789467,0.07895211602557234,0.0017282541976776644,0.0008927395521304005,False,,,IDF,,,2e-06,2.0,末脉冲准则,HIGHER,artifacts/stage10/bootstrap_individual_summary.csv,ad9bca843ff063d1a9cc26d134f8fc43b3cdeb9460f850e9e5afbda6c0d5f0b1
7,F2,1,LAST,Mean_L_NC,368765,30493,2000,12.093431279310005,True,,2000,2000,0,1.0,True,,11.965216932419706,12.21558263820286,0.250365705783155,0.12821434689029942,False,,,IDF,,,2e-06,2.0,末脉冲准则,LOWER,artifacts/stage10/bootstrap_individual_summary.csv,ad9bca843ff063d1a9cc26d134f8fc43b3cdeb9460f850e9e5afbda6c0d5f0b1
7,F2,2,T,P_cor,201802,400000,2000,0.504505,True,,2000,2000,0,1.0,True,,0.5016821875,0.5074326874999999,0.005750499999999881,0.0029276874999999425,True,0.02,True,IDF,,,2e-06,2.0,最优时序准则,HIGHER,artifacts/stage10/bootstrap_individual_summary.csv,ad9bca843ff063d1a9cc26d134f8fc43b3cdeb9460f850e9e5afbda6c0d5f0b1
7,F2,2,T,P_C_given_C,141650,200792,2000,0.7054563926849675,True,,2000,2000,0,1.0,True,,0.7032346780255894,0.7076326454523598,0.004397967426770455,0.002221714659378149,True,0.02,True,IDF,,,2e-06,2.0,最优时序准则,HIGHER,artifacts/stage10/bootstrap_individual_summary.csv,ad9bca843ff063d1a9cc26d134f8fc43b3cdeb9460f850e9e5afbda6c0d5f0b1
7,F2,2,T,P_C_given_E,58647,197208,2000,0.29738651576000974,True,,2000,2000,0,1.0,True,,0.2949427935148746,0.2998018939350806,0.004859100420205986,0.002443722245135116,True,0.02,True,IDF,,,2e-06,2.0,最优时序准则,HIGHER,artifacts/stage10/bootstrap_individual_summary.csv,ad9bca843ff063d1a9cc26d134f8fc43b3cdeb9460f850e9e5afbda6c0d5f0b1
7,F2,2,T,Mean_L_NC,198198,59637,2000,3.323406609990442,True,,2000,2000,0,1.0,True,,3.297131037297605,3.3508106564263813,0.0536796191287765,0.0274040464359393,True,0.25,True,IDF,,,2e-06,2.0,最优时序准则,LOWER,artifacts/stage10/bootstrap_individual_summary.csv,ad9bca843ff063d1a9cc26d134f8fc43b3cdeb9460f850e9e5afbda6c0d5f0b1
7,F2,3,W,P_cor,199869,400000,2000,0.4996725,True,,2000,2000,0,1.0,True,,0.4980775,0.5012001875,0.0031226874999999432,0.001595000000000013,False,,,IDF,,,2e-06,2.0,脉宽单特征准则,HIGHER,artifacts/stage10/bootstrap_individual_summary.csv,ad9bca843ff063d1a9cc26d134f8fc43b3cdeb9460f850e9e5afbda6c0d5f0b1
7,F2,3,W,P_C_given_C,99367,198892,2000,0.49960279950928144,True,,2000,2000,0,1.0,True,,0.4974372657015728,0.501794480099825,0.004357214398252152,0.002191680590543532,False,,,IDF,,,2e-06,2.0,脉宽单特征准则,HIGHER,artifacts/stage10/bootstrap_individual_summary.csv,ad9bca843ff063d1a9cc26d134f8fc43b3cdeb9460f850e9e5afbda6c0d5f0b1
7,F2,3,W,P_C_given_E,99515,199108,2000,0.49980412640376076,True,,2000,2000,0,1.0,True,,0.49756959465413314,0.5020078856103389,0.004438290956205793,0.002234531749627622,False,,,IDF,,,2e-06,2.0,脉宽单特征准则,HIGHER,artifacts/stage10/bootstrap_individual_summary.csv,ad9bca843ff063d1a9cc26d134f8fc43b3cdeb9460f850e9e5afbda6c0d5f0b1
7,F2,3,W,Mean_L_NC,200131,100538,2000,1.9906005689391075,True,,2000,2000,0,1.0,True,,1.98192075315707,1.9994926664506623,0.01757191329359231,0.00889209751155473,False,,,IDF,,,2e-06,2.0,脉宽单特征准则,LOWER,artifacts/stage10/bootstrap_individual_summary.csv,ad9bca843ff063d1a9cc26d134f8fc43b3cdeb9460f850e9e5afbda6c0d5f0b1
7,F2,4,TW,P_cor,201529,400000,2000,0.5038225,True,,2000,2000,0,1.0,True,,0.501294875,0.5061455625,0.0048506874999999505,0.0025276249999999223,True,0.02,True,IDF,,,2e-06,2.0,双特征联合准则,HIGHER,artifacts/stage10/bootstrap_individual_summary.csv,ad9bca843ff063d1a9cc26d134f8fc43b3cdeb9460f850e9e5afbda6c0d5f0b1
7,F2,4,TW,P_C_given_C,135893,200527,2000,0.6776793150049619,True,,2000,2000,0,1.0,True,,0.6754914484645153,0.6797949537970441,0.004303505332528879,0.00218786654044667,True,0.02,True,IDF,,,2e-06,2.0,双特征联合准则,HIGHER,artifacts/stage10/bootstrap_individual_summary.csv,ad9bca843ff063d1a9cc26d134f8fc43b3cdeb9460f850e9e5afbda6c0d5f0b1
7,F2,4,TW,P_C_given_E,64205,197473,2000,0.3251330561646402,True,,2000,2000,0,1.0,True,,0.322765366821318,0.3273121454367524,0.004546778615434399,0.00236768934332221,True,0.02,True,IDF,,,2e-06,2.0,双特征联合准则,HIGHER,artifacts/stage10/bootstrap_individual_summary.csv,ad9bca843ff063d1a9cc26d134f8fc43b3cdeb9460f850e9e5afbda6c0d5f0b1
7,F2,4,TW,Mean_L_NC,198471,65203,2000,3.0438936858733494,True,,2000,2000,0,1.0,True,,3.023970399859727,3.0660888023197757,0.04211840246004872,0.022195116446426244,True,0.25,True,IDF,,,2e-06,2.0,双特征联合准则,LOWER,artifacts/stage10/bootstrap_individual_summary.csv,ad9bca843ff063d1a9cc26d134f8fc43b3cdeb9460f850e9e5afbda6c0d5f0b1
8,F3,0,FIRST,P_cor,393404,400000,2000,0.98351,True,,2000,2000,0,1.0,True,,0.9831524375,0.9838925,0.0007400624999999161,0.0003824999999999523,False,,,IDF,,,3e-06,3.0,首脉冲准则,HIGHER,artifacts/stage10/bootstrap_individual_summary.csv,ad9bca843ff063d1a9cc26d134f8fc43b3cdeb9460f850e9e5afbda6c0d5f0b1
8,F3,0,FIRST,P_C_given_C,384978,391435,2000,0.9835042855135591,True,,2000,2000,0,1.0,True,,0.9831371535484068,0.9838965292998181,0.0007593757514112731,0.0003922437862590167,False,,,IDF,,,3e-06,3.0,首脉冲准则,HIGHER,artifacts/stage10/bootstrap_individual_summary.csv,ad9bca843ff063d1a9cc26d134f8fc43b3cdeb9460f850e9e5afbda6c0d5f0b1
8,F3,0,FIRST,P_C_given_E,6466,6565,1934,0.9849200304645849,True,,2000,2000,0,1.0,True,,0.9819540820580039,0.9878495002195136,0.005895418161509625,0.0029659484065809316,False,,,IDF,,,3e-06,3.0,首脉冲准则,HIGHER,artifacts/stage10/bootstrap_individual_summary.csv,ad9bca843ff063d1a9cc26d134f8fc43b3cdeb9460f850e9e5afbda6c0d5f0b1
8,F3,0,FIRST,Mean_L_NC,6596,6497,1935,1.0152378020624904,True,,2000,2000,0,1.0,True,,1.012243263913842,1.0182748113581046,0.006031547444262708,0.0030370092956142347,False,,,IDF,,,3e-06,3.0,首脉冲准则,LOWER,artifacts/stage10/bootstrap_individual_summary.csv,ad9bca843ff063d1a9cc26d134f8fc43b3cdeb9460f850e9e5afbda6c0d5f0b1
8,F3,1,LAST,P_cor,6604,400000,2000,0.01651,True,,2000,2000,0,1.0,True,,0.0161225,0.0168650625,0.0007425624999999984,0.00038749999999999896,False,,,IDF,,,3e-06,3.0,末脉冲准则,HIGHER,artifacts/stage10/bootstrap_individual_summary.csv,ad9bca843ff063d1a9cc26d134f8fc43b3cdeb9460f850e9e5afbda6c0d5f0b1
8,F3,1,LAST,P_C_given_C,99,6574,1931,0.015059324612108306,True,,2000,2000,0,1.0,True,,0.012144996133230649,0.017879682214891213,0.005734686081660565,0.002914328478877657,False,,,IDF,,,3e-06,3.0,末脉冲准则,HIGHER,artifacts/stage10/bootstrap_individual_summary.csv,ad9bca843ff063d1a9cc26d134f8fc43b3cdeb9460f850e9e5afbda6c0d5f0b1
8,F3,1,LAST,P_C_given_E,6428,391426,2000,0.016422005692008197,True,,2000,2000,0,1.0,True,,0.016030036463430826,0.01679956688596581,0.0007695304225349836,0.00039196922857737126,False,,,IDF,,,3e-06,3.0,末脉冲准则,HIGHER,artifacts/stage10/bootstrap_individual_summary.csv,ad9bca843ff063d1a9cc26d134f8fc43b3cdeb9460f850e9e5afbda6c0d5f0b1
8,F3,1,LAST,Mean_L_NC,393396,8398,2000,46.8440104786854,True,,2000,2000,0,1.0,True,,46.03941992507609,47.721234994543465,1.6818150694673761,0.8772245158580674,False,,,IDF,,,3e-06,3.0,末脉冲准则,LOWER,artifacts/stage10/bootstrap_individual_summary.csv,ad9bca843ff063d1a9cc26d134f8fc43b3cdeb9460f850e9e5afbda6c0d5f0b1
8,F3,2,T,P_cor,202445,400000,2000,0.5061125,True,,2000,2000,0,1.0,True,,0.5014274375000001,0.51049275,0.009065312499999978,0.0046850624999998924,True,0.02,True,IDF,,,3e-06,3.0,最优时序准则,HIGHER,artifacts/stage10/bootstrap_individual_summary.csv,ad9bca843ff063d1a9cc26d134f8fc43b3cdeb9460f850e9e5afbda6c0d5f0b1
8,F3,2,T,P_C_given_C,171540,201447,2000,0.8515391145065452,True,,2000,2000,0,1.0,True,,0.8496584693737971,0.8532950710193743,0.00363660164557722,0.0018806451327481044,True,0.02,True,IDF,,,3e-06,3.0,最优时序准则,HIGHER,artifacts/stage10/bootstrap_individual_summary.csv,ad9bca843ff063d1a9cc26d134f8fc43b3cdeb9460f850e9e5afbda6c0d5f0b1
8,F3,2,T,P_C_given_E,29162,196553,2000,0.14836710709070836,True,,2000,2000,0,1.0,True,,0.1465390247650418,0.15022985224481847,0.0036908274797766705,0.0018627451541101125,True,0.02,True,IDF,,,3e-06,3.0,最优时序准则,HIGHER,artifacts/stage10/bootstrap_individual_summary.csv,ad9bca843ff063d1a9cc26d134f8fc43b3cdeb9460f850e9e5afbda6c0d5f0b1
8,F3,2,T,Mean_L_NC,197555,30164,2000,6.54936347964461,True,,2000,2000,0,1.0,True,,6.471902838195956,6.62703832427815,0.15513548608219363,0.07767484463354002,True,0.25,True,IDF,,,3e-06,3.0,最优时序准则,LOWER,artifacts/stage10/bootstrap_individual_summary.csv,ad9bca843ff063d1a9cc26d134f8fc43b3cdeb9460f850e9e5afbda6c0d5f0b1
8,F3,3,W,P_cor,200714,400000,2000,0.501785,True,,2000,2000,0,1.0,True,,0.50029225,0.5033976250000001,0.003105375000000077,0.0016126250000000342,False,,,IDF,,,3e-06,3.0,脉宽单特征准则,HIGHER,artifacts/stage10/bootstrap_individual_summary.csv,ad9bca843ff063d1a9cc26d134f8fc43b3cdeb9460f850e9e5afbda6c0d5f0b1
8,F3,3,W,P_C_given_C,102641,199751,2000,0.513844736697188,True,,2000,2000,0,1.0,True,,0.5116196329438264,0.5160014130393952,0.004381780095568777,0.0022251037533616014,False,,,IDF,,,3e-06,3.0,脉宽单特征准则,HIGHER,artifacts/stage10/bootstrap_individual_summary.csv,ad9bca843ff063d1a9cc26d134f8fc43b3cdeb9460f850e9e5afbda6c0d5f0b1
8,F3,3,W,P_C_given_E,97050,198249,2000,0.489535886687953,True,,2000,2000,0,1.0,True,,0.4874344149434009,0.4917268514590596,0.004292436515658693,0.002190964771106585,False,,,IDF,,,3e-06,3.0,脉宽单特征准则,HIGHER,artifacts/stage10/bootstrap_individual_summary.csv,ad9bca843ff063d1a9cc26d134f8fc43b3cdeb9460f850e9e5afbda6c0d5f0b1
8,F3,3,W,Mean_L_NC,199286,98087,2000,2.0317269362912516,True,,2000,2000,0,1.0,True,,2.0227709304230737,2.0404029391038625,0.017632008680788847,0.008956005868177908,False,,,IDF,,,3e-06,3.0,脉宽单特征准则,LOWER,artifacts/stage10/bootstrap_individual_summary.csv,ad9bca843ff063d1a9cc26d134f8fc43b3cdeb9460f850e9e5afbda6c0d5f0b1
8,F3,4,TW,P_cor,202551,400000,2000,0.5063775,True,,2000,2000,0,1.0,True,,0.50282425,0.509957625,0.007133374999999997,0.003580124999999934,True,0.02,True,IDF,,,3e-06,3.0,双特征联合准则,HIGHER,artifacts/stage10/bootstrap_individual_summary.csv,ad9bca843ff063d1a9cc26d134f8fc43b3cdeb9460f850e9e5afbda6c0d5f0b1
8,F3,4,TW,P_C_given_C,165149,201563,2000,0.8193418434931015,True,,2000,2000,0,1.0,True,,0.8174645922962556,0.821138412687109,0.0036738203908533995,0.0018772511968458971,True,0.02,True,IDF,,,3e-06,3.0,双特征联合准则,HIGHER,artifacts/stage10/bootstrap_individual_summary.csv,ad9bca843ff063d1a9cc26d134f8fc43b3cdeb9460f850e9e5afbda6c0d5f0b1
8,F3,4,TW,P_C_given_E,35722,196437,2000,0.18184965154222474,True,,2000,2000,0,1.0,True,,0.17991384914161188,0.18381406807500442,0.0039002189333925408,0.001964416532779678,True,0.02,True,IDF,,,3e-06,3.0,双特征联合准则,HIGHER,artifacts/stage10/bootstrap_individual_summary.csv,ad9bca843ff063d1a9cc26d134f8fc43b3cdeb9460f850e9e5afbda6c0d5f0b1
8,F3,4,TW,Mean_L_NC,197449,36734,2000,5.37510208526161,True,,2000,2000,0,1.0,True,,5.318156656034366,5.432040405433633,0.11388374939926749,0.05694542922724466,True,0.25,True,IDF,,,3e-06,3.0,双特征联合准则,LOWER,artifacts/stage10/bootstrap_individual_summary.csv,ad9bca843ff063d1a9cc26d134f8fc43b3cdeb9460f850e9e5afbda6c0d5f0b1
9,F4,0,FIRST,P_cor,399201,400000,2000,0.9980025,True,,2000,2000,0,1.0,True,,0.997865,0.9981375,0.00027250000000000885,0.0001375000000000126,False,,,IDF,,,4e-06,4.0,首脉冲准则,HIGHER,artifacts/stage10/bootstrap_individual_summary.csv,ad9bca843ff063d1a9cc26d134f8fc43b3cdeb9460f850e9e5afbda6c0d5f0b1
9,F4,0,FIRST,P_C_given_C,396409,397205,2000,0.9979959970292418,True,,2000,2000,0,1.0,True,,0.9978596563840403,0.998132191855863,0.0002725354718227102,0.0001363406452015159,False,,,IDF,,,4e-06,4.0,首脉冲准则,HIGHER,artifacts/stage10/bootstrap_individual_summary.csv,ad9bca843ff063d1a9cc26d134f8fc43b3cdeb9460f850e9e5afbda6c0d5f0b1
9,F4,0,FIRST,P_C_given_E,793,795,664,0.9974842767295597,True,,2000,2000,0,1.0,True,,0.9936465577724538,1.0,0.006353442227546191,0.00383771895710594,False,,,IDF,,,4e-06,4.0,首脉冲准则,HIGHER,artifacts/stage10/bootstrap_individual_summary.csv,ad9bca843ff063d1a9cc26d134f8fc43b3cdeb9460f850e9e5afbda6c0d5f0b1
9,F4,0,FIRST,Mean_L_NC,799,797,665,1.002509410288582,True,,2000,2000,0,1.0,True,,1.0,1.0063536448174557,0.006353644817455706,0.0038442345288736135,False,,,IDF,,,4e-06,4.0,首脉冲准则,LOWER,artifacts/stage10/bootstrap_individual_summary.csv,ad9bca843ff063d1a9cc26d134f8fc43b3cdeb9460f850e9e5afbda6c0d5f0b1
9,F4,1,LAST,P_cor,1192,400000,2000,0.00298,True,,2000,2000,0,1.0,True,,0.0028075,0.0031550624999999994,0.00034756249999999935,0.00017506249999999944,False,,,IDF,,,4e-06,4.0,末脉冲准则,HIGHER,artifacts/stage10/bootstrap_individual_summary.csv,ad9bca843ff063d1a9cc26d134f8fc43b3cdeb9460f850e9e5afbda6c0d5f0b1
9,F4,1,LAST,P_C_given_C,61,1188,888,0.05134680134680135,True,,2000,2000,0,1.0,True,,0.038190910766961655,0.0662847790507365,0.028093868283774845,0.014937977703935151,False,,,IDF,,,4e-06,4.0,末脉冲准则,HIGHER,artifacts/stage10/bootstrap_individual_summary.csv,ad9bca843ff063d1a9cc26d134f8fc43b3cdeb9460f850e9e5afbda6c0d5f0b1
9,F4,1,LAST,P_C_given_E,802,396812,2000,0.002021108232613933,True,,2000,2000,0,1.0,True,,0.0018848282976299965,0.002154957716636532,0.00027012941900653566,0.00013627993498393663,False,,,IDF,,,4e-06,4.0,末脉冲准则,HIGHER,artifacts/stage10/bootstrap_individual_summary.csv,ad9bca843ff063d1a9cc26d134f8fc43b3cdeb9460f850e9e5afbda6c0d5f0b1
9,F4,1,LAST,Mean_L_NC,398808,2798,2000,142.53323802716227,True,,2000,2000,0,1.0,True,,139.91240471487384,145.34666545189503,5.434260737021191,2.8134274247327653,False,,,IDF,,,4e-06,4.0,末脉冲准则,LOWER,artifacts/stage10/bootstrap_individual_summary.csv,ad9bca843ff063d1a9cc26d134f8fc43b3cdeb9460f850e9e5afbda6c0d5f0b1
9,F4,2,T,P_cor,210548,400000,2000,0.52637,True,,2000,2000,0,1.0,True,,0.5197874375,0.5331920625000001,0.013404625000000059,0.006822062500000059,True,0.02,True,IDF,,,4e-06,4.0,最优时序准则,HIGHER,artifacts/stage10/bootstrap_individual_summary.csv,ad9bca843ff063d1a9cc26d134f8fc43b3cdeb9460f850e9e5afbda6c0d5f0b1
9,F4,2,T,P_C_given_C,196862,209544,2000,0.9394781048371702,True,,2000,2000,0,1.0,True,,0.9383093967220951,0.940628127524582,0.0023187308024869013,0.0011687081150750789,True,0.02,True,IDF,,,4e-06,4.0,最优时序准则,HIGHER,artifacts/stage10/bootstrap_individual_summary.csv,ad9bca843ff063d1a9cc26d134f8fc43b3cdeb9460f850e9e5afbda6c0d5f0b1
9,F4,2,T,P_C_given_E,11791,188456,2000,0.06256632847985737,True,,2000,2000,0,1.0,True,,0.061342802577931246,0.06380072938633355,0.0024579268084023026,0.0012344009064761824,True,0.02,True,IDF,,,4e-06,4.0,最优时序准则,HIGHER,artifacts/stage10/bootstrap_individual_summary.csv,ad9bca843ff063d1a9cc26d134f8fc43b3cdeb9460f850e9e5afbda6c0d5f0b1
9,F4,2,T,Mean_L_NC,189452,12787,2000,14.815984984750138,True,,2000,2000,0,1.0,True,,14.547840170540642,15.085778796835703,0.5379386262950607,0.26979381208556497,True,0.25,False,IDF,,,4e-06,4.0,最优时序准则,LOWER,artifacts/stage10/bootstrap_individual_summary.csv,ad9bca843ff063d1a9cc26d134f8fc43b3cdeb9460f850e9e5afbda6c0d5f0b1
9,F4,3,W,P_cor,200315,400000,2000,0.5007875,True,,2000,2000,0,1.0,True,,0.499034625,0.502590125,0.0035554999999999892,0.0018026249999999466,False,,,IDF,,,4e-06,4.0,脉宽单特征准则,HIGHER,artifacts/stage10/bootstrap_individual_summary.csv,ad9bca843ff063d1a9cc26d134f8fc43b3cdeb9460f850e9e5afbda6c0d5f0b1
9,F4,3,W,P_C_given_C,115390,199333,2000,0.5788805666899108,True,,2000,2000,0,1.0,True,,0.5766944581908311,0.5810195103323774,0.004325052141546326,0.002186108499079742,False,,,IDF,,,4e-06,4.0,脉宽单特征准则,HIGHER,artifacts/stage10/bootstrap_individual_summary.csv,ad9bca843ff063d1a9cc26d134f8fc43b3cdeb9460f850e9e5afbda6c0d5f0b1
9,F4,3,W,P_C_given_E,83766,198667,2000,0.4216402321472615,True,,2000,2000,0,1.0,True,,0.4195259084055739,0.42384712507439937,0.004321216668825456,0.0022068929271378823,False,,,IDF,,,4e-06,4.0,脉宽单特征准则,HIGHER,artifacts/stage10/bootstrap_individual_summary.csv,ad9bca843ff063d1a9cc26d134f8fc43b3cdeb9460f850e9e5afbda6c0d5f0b1
9,F4,3,W,Mean_L_NC,199685,84784,2000,2.355220324589545,True,,2000,2000,0,1.0,True,,2.343186499083555,2.366860710103292,0.02367421101973699,0.01203382550598997,False,,,IDF,,,4e-06,4.0,脉宽单特征准则,LOWER,artifacts/stage10/bootstrap_individual_summary.csv,ad9bca843ff063d1a9cc26d134f8fc43b3cdeb9460f850e9e5afbda6c0d5f0b1
9,F4,4,TW,P_cor,207087,400000,2000,0.5177175,True,,2000,2000,0,1.0,True,,0.5121395625,0.523510875,0.011371312500000008,0.0057933749999999895,True,0.02,True,IDF,,,4e-06,4.0,双特征联合准则,HIGHER,artifacts/stage10/bootstrap_individual_summary.csv,ad9bca843ff063d1a9cc26d134f8fc43b3cdeb9460f850e9e5afbda6c0d5f0b1
9,F4,4,TW,P_C_given_C,189285,206076,2000,0.9185203517149013,True,,2000,2000,0,1.0,True,,0.917185569171436,0.919883740285887,0.002698171114451031,0.001363388570985724,True,0.02,True,IDF,,,4e-06,4.0,双特征联合准则,HIGHER,artifacts/stage10/bootstrap_individual_summary.csv,ad9bca843ff063d1a9cc26d134f8fc43b3cdeb9460f850e9e5afbda6c0d5f0b1
9,F4,4,TW,P_C_given_E,15956,191924,2000,0.08313707509222401,True,,2000,2000,0,1.0,True,,0.08176006218666473,0.08452346992216583,0.0027634077355011,0.0013863948299418227,True,0.02,True,IDF,,,4e-06,4.0,双特征联合准则,HIGHER,artifacts/stage10/bootstrap_individual_summary.csv,ad9bca843ff063d1a9cc26d134f8fc43b3cdeb9460f850e9e5afbda6c0d5f0b1
9,F4,4,TW,Mean_L_NC,192913,16945,2000,11.384656240778991,True,,2000,2000,0,1.0,True,,11.20425870261226,11.566993219107884,0.3627345164956246,0.18233697832889284,True,0.25,True,IDF,,,4e-06,4.0,双特征联合准则,LOWER,artifacts/stage10/bootstrap_individual_summary.csv,ad9bca843ff063d1a9cc26d134f8fc43b3cdeb9460f850e9e5afbda6c0d5f0b1
10,HF200-1,0,FIRST,P_cor,327,400000,2000,0.0008175,True,,2000,2000,0,1.0,True,,0.0007275,0.00091,0.00018250000000000004,9.250000000000003e-05,False,,,COMPOSITE,200000.0,200.0,1e-06,1.0,首脉冲准则,HIGHER,artifacts/stage10/bootstrap_individual_summary.csv,ad9bca843ff063d1a9cc26d134f8fc43b3cdeb9460f850e9e5afbda6c0d5f0b1
10,HF200-1,0,FIRST,P_C_given_C,25,327,300,0.0764525993883792,True,,2000,2000,0,1.0,True,,0.04929526433966115,0.10481937412763566,0.05552410978797451,0.02836677473925646,False,,,COMPOSITE,200000.0,200.0,1e-06,1.0,首脉冲准则,HIGHER,artifacts/stage10/bootstrap_individual_summary.csv,ad9bca843ff063d1a9cc26d134f8fc43b3cdeb9460f850e9e5afbda6c0d5f0b1
10,HF200-1,0,FIRST,P_C_given_E,54,397673,2000,0.000135789958081137,True,,2000,2000,0,1.0,True,,0.00010302894922668599,0.00017351245602546366,7.048350679877768e-05,3.772249794432666e-05,False,,,COMPOSITE,200000.0,200.0,1e-06,1.0,首脉冲准则,HIGHER,artifacts/stage10/bootstrap_individual_summary.csv,ad9bca843ff063d1a9cc26d134f8fc43b3cdeb9460f850e9e5afbda6c0d5f0b1
10,HF200-1,0,FIRST,Mean_L_NC,399673,2054,2000,194.5827653359299,True,,2000,2000,0,1.0,True,,193.16866843885936,195.839599569127,2.6709311302676326,1.41409689707055,False,,,COMPOSITE,200000.0,200.0,1e-06,1.0,首脉冲准则,LOWER,artifacts/stage10/bootstrap_individual_summary.csv,ad9bca843ff063d1a9cc26d134f8fc43b3cdeb9460f850e9e5afbda6c0d5f0b1
10,HF200-1,1,LAST,P_cor,136,400000,2000,0.00034,True,,2000,2000,0,1.0,True,,0.00028,0.000395,0.00011500000000000003,6.000000000000005e-05,False,,,COMPOSITE,200000.0,200.0,1e-06,1.0,末脉冲准则,HIGHER,artifacts/stage10/bootstrap_individual_summary.csv,ad9bca843ff063d1a9cc26d134f8fc43b3cdeb9460f850e9e5afbda6c0d5f0b1
10,HF200-1,1,LAST,P_C_given_C,3,136,133,0.022058823529411766,True,,2000,2000,0,1.0,True,,0.0,0.0482786429365962,0.0482786429365962,0.026219819407184434,False,,,COMPOSITE,200000.0,200.0,1e-06,1.0,末脉冲准则,HIGHER,artifacts/stage10/bootstrap_individual_summary.csv,ad9bca843ff063d1a9cc26d134f8fc43b3cdeb9460f850e9e5afbda6c0d5f0b1
10,HF200-1,1,LAST,P_C_given_E,13,397864,2000,3.267448173245129e-05,True,,2000,2000,0,1.0,True,,1.7593287306364232e-05,5.0271216354189576e-05,3.2677929047825344e-05,1.7596734621738284e-05,False,,,COMPOSITE,200000.0,200.0,1e-06,1.0,末脉冲准则,HIGHER,artifacts/stage10/bootstrap_individual_summary.csv,ad9bca843ff063d1a9cc26d134f8fc43b3cdeb9460f850e9e5afbda6c0d5f0b1
10,HF200-1,1,LAST,Mean_L_NC,399864,2013,2000,198.6408345752608,True,,2000,2000,0,1.0,True,,197.94157178217822,199.2421649227703,1.300593140592099,0.6992627930825961,False,,,COMPOSITE,200000.0,200.0,1e-06,1.0,末脉冲准则,LOWER,artifacts/stage10/bootstrap_individual_summary.csv,ad9bca843ff063d1a9cc26d134f8fc43b3cdeb9460f850e9e5afbda6c0d5f0b1
10,HF200-1,2,T,P_cor,125434,400000,2000,0.313585,True,,2000,2000,0,1.0,True,,0.3095525,0.3173675,0.007815000000000016,0.004032499999999994,True,0.02,True,COMPOSITE,200000.0,200.0,1e-06,1.0,最优时序准则,HIGHER,artifacts/stage10/bootstrap_individual_summary.csv,ad9bca843ff063d1a9cc26d134f8fc43b3cdeb9460f850e9e5afbda6c0d5f0b1
10,HF200-1,2,T,P_C_given_C,51401,124869,1992,0.4116393980891975,True,,2000,2000,0,1.0,True,,0.40874603067240617,0.41462357900028285,0.0058775483278766805,0.0029841809110853768,True,0.02,True,COMPOSITE,200000.0,200.0,1e-06,1.0,最优时序准则,HIGHER,artifacts/stage10/bootstrap_individual_summary.csv,ad9bca843ff063d1a9cc26d134f8fc43b3cdeb9460f850e9e5afbda6c0d5f0b1
10,HF200-1,2,T,P_C_given_E,73195,273131,2000,0.26798495959814156,True,,2000,2000,0,1.0,True,,0.2633346527372719,0.2724718395551113,0.009137186817839371,0.004650306860869646,True,0.02,True,COMPOSITE,200000.0,200.0,1e-06,1.0,最优时序准则,HIGHER,artifacts/stage10/bootstrap_individual_summary.csv,ad9bca843ff063d1a9cc26d134f8fc43b3cdeb9460f850e9e5afbda6c0d5f0b1
10,HF200-1,2,T,Mean_L_NC,274566,74630,2000,3.679029880745009,True,,2000,2000,0,1.0,True,,3.619081137088795,3.7426751077838483,0.12359397069505329,0.06364522703883946,True,0.25,True,COMPOSITE,200000.0,200.0,1e-06,1.0,最优时序准则,LOWER,artifacts/stage10/bootstrap_individual_summary.csv,ad9bca843ff063d1a9cc26d134f8fc43b3cdeb9460f850e9e5afbda6c0d5f0b1
10,HF200-1,3,W,P_cor,187931,400000,2000,0.4698275,True,,2000,2000,0,1.0,True,,0.4671323125,0.47236306250000004,0.005230750000000062,0.002695187500000029,False,,,COMPOSITE,200000.0,200.0,1e-06,1.0,脉宽单特征准则,HIGHER,artifacts/stage10/bootstrap_individual_summary.csv,ad9bca843ff063d1a9cc26d134f8fc43b3cdeb9460f850e9e5afbda6c0d5f0b1
10,HF200-1,3,W,P_C_given_C,90978,187029,1998,0.48643793208539854,True,,2000,2000,0,1.0,True,,0.48406454694674605,0.4887634302843036,0.0046988833375575245,0.002373385138652484,False,,,COMPOSITE,200000.0,200.0,1e-06,1.0,脉宽单特征准则,HIGHER,artifacts/stage10/bootstrap_individual_summary.csv,ad9bca843ff063d1a9cc26d134f8fc43b3cdeb9460f850e9e5afbda6c0d5f0b1
10,HF200-1,3,W,P_C_given_E,96010,210971,2000,0.45508624408094006,True,,2000,2000,0,1.0,True,,0.4508447009054696,0.4593177508095387,0.008473049904069108,0.004241543175470486,False,,,COMPOSITE,200000.0,200.0,1e-06,1.0,脉宽单特征准则,HIGHER,artifacts/stage10/bootstrap_individual_summary.csv,ad9bca843ff063d1a9cc26d134f8fc43b3cdeb9460f850e9e5afbda6c0d5f0b1
10,HF200-1,3,W,Mean_L_NC,212069,97108,2000,2.183846850928863,True,,2000,2000,0,1.0,True,,2.163891736152356,2.204298713398055,0.04040697724569897,0.02045186246919206,False,,,COMPOSITE,200000.0,200.0,1e-06,1.0,脉宽单特征准则,LOWER,artifacts/stage10/bootstrap_individual_summary.csv,ad9bca843ff063d1a9cc26d134f8fc43b3cdeb9460f850e9e5afbda6c0d5f0b1
10,HF200-1,4,TW,P_cor,196644,400000,2000,0.49161,True,,2000,2000,0,1.0,True,,0.489725,0.49339262500000003,0.0036676250000000077,0.00188499999999997,True,0.02,True,COMPOSITE,200000.0,200.0,1e-06,1.0,双特征联合准则,HIGHER,artifacts/stage10/bootstrap_individual_summary.csv,ad9bca843ff063d1a9cc26d134f8fc43b3cdeb9460f850e9e5afbda6c0d5f0b1
10,HF200-1,4,TW,P_C_given_C,105766,195682,2000,0.5404993816498196,True,,2000,2000,0,1.0,True,,0.5382886527009276,0.5427236119822088,0.004434959281281126,0.0022242303323891655,True,0.02,True,COMPOSITE,200000.0,200.0,1e-06,1.0,双特征联合准则,HIGHER,artifacts/stage10/bootstrap_individual_summary.csv,ad9bca843ff063d1a9cc26d134f8fc43b3cdeb9460f850e9e5afbda6c0d5f0b1
10,HF200-1,4,TW,P_C_given_E,89789,202318,2000,0.4438013424411076,True,,2000,2000,0,1.0,True,,0.44146273321235824,0.4460080028603417,0.004545269647983463,0.0023386092287493443,True,0.02,True,COMPOSITE,200000.0,200.0,1e-06,1.0,双特征联合准则,HIGHER,artifacts/stage10/bootstrap_individual_summary.csv,ad9bca843ff063d1a9cc26d134f8fc43b3cdeb9460f850e9e5afbda6c0d5f0b1
10,HF200-1,4,TW,Mean_L_NC,203356,90827,2000,2.2389377607980006,True,,2000,2000,0,1.0,True,,2.2279969299526687,2.250600006982967,0.02260307703029829,0.011662246184966474,True,0.25,True,COMPOSITE,200000.0,200.0,1e-06,1.0,双特征联合准则,LOWER,artifacts/stage10/bootstrap_individual_summary.csv,ad9bca843ff063d1a9cc26d134f8fc43b3cdeb9460f850e9e5afbda6c0d5f0b1
11,HF200-2,0,FIRST,P_cor,364,400000,2000,0.00091,True,,2000,2000,0,1.0,True,,0.0008125,0.0010075,0.00019499999999999997,9.750000000000004e-05,False,,,COMPOSITE,200000.0,200.0,2e-06,2.0,首脉冲准则,HIGHER,artifacts/stage10/bootstrap_individual_summary.csv,ad9bca843ff063d1a9cc26d134f8fc43b3cdeb9460f850e9e5afbda6c0d5f0b1
11,HF200-2,0,FIRST,P_C_given_C,40,364,322,0.10989010989010989,True,,2000,2000,0,1.0,True,,0.08069164265129683,0.1377253146767689,0.057033672025472076,0.02919846723881306,False,,,COMPOSITE,200000.0,200.0,2e-06,2.0,首脉冲准则,HIGHER,artifacts/stage10/bootstrap_individual_summary.csv,ad9bca843ff063d1a9cc26d134f8fc43b3cdeb9460f850e9e5afbda6c0d5f0b1
11,HF200-2,0,FIRST,P_C_given_E,58,397636,2000,0.00014586204468408292,True,,2000,2000,0,1.0,True,,0.0001106441355839426,0.00018358273655916623,7.293860097522363e-05,3.7720691875083306e-05,False,,,COMPOSITE,200000.0,200.0,2e-06,2.0,首脉冲准则,HIGHER,artifacts/stage10/bootstrap_individual_summary.csv,ad9bca843ff063d1a9cc26d134f8fc43b3cdeb9460f850e9e5afbda6c0d5f0b1
11,HF200-2,0,FIRST,Mean_L_NC,399636,2058,2000,194.1865889212828,True,,2000,2000,0,1.0,True,,192.78382778581766,195.5339163405088,2.750088554691132,1.4027611354651413,False,,,COMPOSITE,200000.0,200.0,2e-06,2.0,首脉冲准则,LOWER,artifacts/stage10/bootstrap_individual_summary.csv,ad9bca843ff063d1a9cc26d134f8fc43b3cdeb9460f850e9e5afbda6c0d5f0b1
11,HF200-2,1,LAST,P_cor,43,400000,2000,0.0001075,True,,2000,2000,0,1.0,True,,7.75e-05,0.00014,6.249999999999999e-05,3.249999999999999e-05,False,,,COMPOSITE,200000.0,200.0,2e-06,2.0,末脉冲准则,HIGHER,artifacts/stage10/bootstrap_individual_summary.csv,ad9bca843ff063d1a9cc26d134f8fc43b3cdeb9460f850e9e5afbda6c0d5f0b1
11,HF200-2,1,LAST,P_C_given_C,0,43,43,0.0,True,,2000,2000,0,1.0,True,,0.0,0.0,0.0,0.0,False,,,COMPOSITE,200000.0,200.0,2e-06,2.0,末脉冲准则,HIGHER,artifacts/stage10/bootstrap_individual_summary.csv,ad9bca843ff063d1a9cc26d134f8fc43b3cdeb9460f850e9e5afbda6c0d5f0b1
11,HF200-2,1,LAST,P_C_given_E,4,397957,2000,1.005133720477338e-05,True,,2000,2000,0,1.0,True,,2.5127648454147067e-06,2.010333238491984e-05,1.7590567539505134e-05,1.005199518014646e-05,False,,,COMPOSITE,200000.0,200.0,2e-06,2.0,末脉冲准则,HIGHER,artifacts/stage10/bootstrap_individual_summary.csv,ad9bca843ff063d1a9cc26d134f8fc43b3cdeb9460f850e9e5afbda6c0d5f0b1
11,HF200-2,1,LAST,Mean_L_NC,399957,2004,2000,199.57934131736528,True,,2000,2000,0,1.0,True,,199.1752863545817,199.8840579710145,0.7087716164328128,0.4040549627835901,False,,,COMPOSITE,200000.0,200.0,2e-06,2.0,末脉冲准则,LOWER,artifacts/stage10/bootstrap_individual_summary.csv,ad9bca843ff063d1a9cc26d134f8fc43b3cdeb9460f850e9e5afbda6c0d5f0b1
11,HF200-2,2,T,P_cor,112510,400000,2000,0.281275,True,,2000,2000,0,1.0,True,,0.2770845625,0.28582775,0.008743187499999971,0.004552749999999994,True,0.02,True,COMPOSITE,200000.0,200.0,2e-06,2.0,最优时序准则,HIGHER,artifacts/stage10/bootstrap_individual_summary.csv,ad9bca843ff063d1a9cc26d134f8fc43b3cdeb9460f850e9e5afbda6c0d5f0b1
11,HF200-2,2,T,P_C_given_C,55442,112004,1992,0.49500017856505124,True,,2000,2000,0,1.0,True,,0.49188411691936074,0.49811306220811224,0.0062289452887515084,0.0031160616456905044,True,0.02,True,COMPOSITE,200000.0,200.0,2e-06,2.0,最优时序准则,HIGHER,artifacts/stage10/bootstrap_individual_summary.csv,ad9bca843ff063d1a9cc26d134f8fc43b3cdeb9460f850e9e5afbda6c0d5f0b1
11,HF200-2,2,T,P_C_given_E,56077,285996,2000,0.1960761688974671,True,,2000,2000,0,1.0,True,,0.192164095524759,0.20020122537766138,0.008037129852902392,0.004125056480194289,True,0.02,True,COMPOSITE,200000.0,200.0,2e-06,2.0,最优时序准则,HIGHER,artifacts/stage10/bootstrap_individual_summary.csv,ad9bca843ff063d1a9cc26d134f8fc43b3cdeb9460f850e9e5afbda6c0d5f0b1
11,HF200-2,2,T,Mean_L_NC,287490,57571,2000,4.99366000243178,True,,2000,2000,0,1.0,True,,4.892954885295591,5.092696022631285,0.19974113733569432,0.10070511713618924,True,0.25,True,COMPOSITE,200000.0,200.0,2e-06,2.0,最优时序准则,LOWER,artifacts/stage10/bootstrap_individual_summary.csv,ad9bca843ff063d1a9cc26d134f8fc43b3cdeb9460f850e9e5afbda6c0d5f0b1
11,HF200-2,3,W,P_cor,188841,400000,2000,0.4721025,True,,2000,2000,0,1.0,True,,0.4692770625,0.4747755,0.0054984375000000085,0.002825437499999972,False,,,COMPOSITE,200000.0,200.0,2e-06,2.0,脉宽单特征准则,HIGHER,artifacts/stage10/bootstrap_individual_summary.csv,ad9bca843ff063d1a9cc26d134f8fc43b3cdeb9460f850e9e5afbda6c0d5f0b1
11,HF200-2,3,W,P_C_given_C,91262,187878,1998,0.48575139186067556,True,,2000,2000,0,1.0,True,,0.4835052793607859,0.4880025582458868,0.004497278885100875,0.002251166385211223,False,,,COMPOSITE,200000.0,200.0,2e-06,2.0,脉宽单特征准则,HIGHER,artifacts/stage10/bootstrap_individual_summary.csv,ad9bca843ff063d1a9cc26d134f8fc43b3cdeb9460f850e9e5afbda6c0d5f0b1
11,HF200-2,3,W,P_C_given_E,96628,210122,2000,0.4598661729852181,True,,2000,2000,0,1.0,True,,0.4550846672266193,0.4645795811585443,0.00949491393192503,0.004781505758598814,False,,,COMPOSITE,200000.0,200.0,2e-06,2.0,脉宽单特征准则,HIGHER,artifacts/stage10/bootstrap_individual_summary.csv,ad9bca843ff063d1a9cc26d134f8fc43b3cdeb9460f850e9e5afbda6c0d5f0b1
11,HF200-2,3,W,Mean_L_NC,211159,97665,2000,2.1620744381303436,True,,2000,2000,0,1.0,True,,2.1405641983716013,2.1846051348843223,0.04404093651272101,0.022530696753978674,False,,,COMPOSITE,200000.0,200.0,2e-06,2.0,脉宽单特征准则,LOWER,artifacts/stage10/bootstrap_individual_summary.csv,ad9bca843ff063d1a9cc26d134f8fc43b3cdeb9460f850e9e5afbda6c0d5f0b1
11,HF200-2,4,TW,P_cor,197140,400000,2000,0.49285,True,,2000,2000,0,1.0,True,,0.4903071875,0.4953475625,0.005040374999999986,0.0025428124999999913,True,0.02,True,COMPOSITE,200000.0,200.0,2e-06,2.0,双特征联合准则,HIGHER,artifacts/stage10/bootstrap_individual_summary.csv,ad9bca843ff063d1a9cc26d134f8fc43b3cdeb9460f850e9e5afbda6c0d5f0b1
11,HF200-2,4,TW,P_C_given_C,130121,196153,2000,0.6633648223580573,True,,2000,2000,0,1.0,True,,0.6610707465625925,0.6655323111202264,0.0044615645576339125,0.0022940757954648117,True,0.02,True,COMPOSITE,200000.0,200.0,2e-06,2.0,双特征联合准则,HIGHER,artifacts/stage10/bootstrap_individual_summary.csv,ad9bca843ff063d1a9cc26d134f8fc43b3cdeb9460f850e9e5afbda6c0d5f0b1
11,HF200-2,4,TW,P_C_given_E,65597,201847,2000,0.32498377483935853,True,,2000,2000,0,1.0,True,,0.3226489439803866,0.32732922130025455,0.00468027731986792,0.002345446460896017,True,0.02,True,COMPOSITE,200000.0,200.0,2e-06,2.0,双特征联合准则,HIGHER,artifacts/stage10/bootstrap_individual_summary.csv,ad9bca843ff063d1a9cc26d134f8fc43b3cdeb9460f850e9e5afbda6c0d5f0b1
11,HF200-2,4,TW,Mean_L_NC,202860,66610,2000,3.0454886653655606,True,,2000,2000,0,1.0,True,,3.024122170845404,3.066938319055095,0.042816148209691374,0.021449653689534554,True,0.25,True,COMPOSITE,200000.0,200.0,2e-06,2.0,双特征联合准则,LOWER,artifacts/stage10/bootstrap_individual_summary.csv,ad9bca843ff063d1a9cc26d134f8fc43b3cdeb9460f850e9e5afbda6c0d5f0b1
12,HF200-3,0,FIRST,P_cor,360,400000,2000,0.0009,True,,2000,2000,0,1.0,True,,0.0008075,0.0009900624999999996,0.00018256249999999967,9.250000000000003e-05,False,,,COMPOSITE,200000.0,200.0,3e-06,3.0,首脉冲准则,HIGHER,artifacts/stage10/bootstrap_individual_summary.csv,ad9bca843ff063d1a9cc26d134f8fc43b3cdeb9460f850e9e5afbda6c0d5f0b1
12,HF200-3,0,FIRST,P_C_given_C,27,360,332,0.075,True,,2000,2000,0,1.0,True,,0.04927536231884058,0.10136986301369863,0.05209450069485805,0.026369863013698633,False,,,COMPOSITE,200000.0,200.0,3e-06,3.0,首脉冲准则,HIGHER,artifacts/stage10/bootstrap_individual_summary.csv,ad9bca843ff063d1a9cc26d134f8fc43b3cdeb9460f850e9e5afbda6c0d5f0b1
12,HF200-3,0,FIRST,P_C_given_E,63,397640,2000,0.00015843476511417362,True,,2000,2000,0,1.0,True,,0.00012071036541172632,0.00019867521355748308,7.796484814575675e-05,4.024044844330946e-05,False,,,COMPOSITE,200000.0,200.0,3e-06,3.0,首脉冲准则,HIGHER,artifacts/stage10/bootstrap_individual_summary.csv,ad9bca843ff063d1a9cc26d134f8fc43b3cdeb9460f850e9e5afbda6c0d5f0b1
12,HF200-3,0,FIRST,Mean_L_NC,399640,2063,2000,193.717886572952,True,,2000,2000,0,1.0,True,,192.2240981240981,195.1396728515625,2.9155747274643886,1.4937884488539055,False,,,COMPOSITE,200000.0,200.0,3e-06,3.0,首脉冲准则,LOWER,artifacts/stage10/bootstrap_individual_summary.csv,ad9bca843ff063d1a9cc26d134f8fc43b3cdeb9460f850e9e5afbda6c0d5f0b1
12,HF200-3,1,LAST,P_cor,33,400000,2000,8.25e-05,True,,2000,2000,0,1.0,True,,5.75e-05,0.0001125,5.4999999999999995e-05,2.9999999999999997e-05,False,,,COMPOSITE,200000.0,200.0,3e-06,3.0,末脉冲准则,HIGHER,artifacts/stage10/bootstrap_individual_summary.csv,ad9bca843ff063d1a9cc26d134f8fc43b3cdeb9460f850e9e5afbda6c0d5f0b1
12,HF200-3,1,LAST,P_C_given_C,0,33,33,0.0,True,,2000,2000,0,1.0,True,,0.0,0.0,0.0,0.0,False,,,COMPOSITE,200000.0,200.0,3e-06,3.0,末脉冲准则,HIGHER,artifacts/stage10/bootstrap_individual_summary.csv,ad9bca843ff063d1a9cc26d134f8fc43b3cdeb9460f850e9e5afbda6c0d5f0b1
12,HF200-3,1,LAST,P_C_given_E,0,397967,2000,0.0,True,,2000,2000,0,1.0,True,,0.0,0.0,0.0,0.0,False,,,COMPOSITE,200000.0,200.0,3e-06,3.0,末脉冲准则,HIGHER,artifacts/stage10/bootstrap_individual_summary.csv,ad9bca843ff063d1a9cc26d134f8fc43b3cdeb9460f850e9e5afbda6c0d5f0b1
12,HF200-3,1,LAST,Mean_L_NC,399967,2000,2000,199.9835,True,,2000,2000,0,1.0,True,,199.9775,199.9885,0.01099999999999568,0.006000000000000227,False,,,COMPOSITE,200000.0,200.0,3e-06,3.0,末脉冲准则,LOWER,artifacts/stage10/bootstrap_individual_summary.csv,ad9bca843ff063d1a9cc26d134f8fc43b3cdeb9460f850e9e5afbda6c0d5f0b1
12,HF200-3,2,T,P_cor,101580,400000,2000,0.25395,True,,2000,2000,0,1.0,True,,0.248939625,0.25888612499999997,0.00994649999999997,0.005010375000000011,True,0.02,True,COMPOSITE,200000.0,200.0,3e-06,3.0,最优时序准则,HIGHER,artifacts/stage10/bootstrap_individual_summary.csv,ad9bca843ff063d1a9cc26d134f8fc43b3cdeb9460f850e9e5afbda6c0d5f0b1
12,HF200-3,2,T,P_C_given_C,56319,101099,1993,0.5570678246075629,True,,2000,2000,0,1.0,True,,0.5537988054525388,0.5602105345523041,0.006411729099765284,0.003269019155024089,True,0.02,True,COMPOSITE,200000.0,200.0,3e-06,3.0,最优时序准则,HIGHER,artifacts/stage10/bootstrap_individual_summary.csv,ad9bca843ff063d1a9cc26d134f8fc43b3cdeb9460f850e9e5afbda6c0d5f0b1
12,HF200-3,2,T,P_C_given_E,44175,296901,2000,0.14878696939383834,True,,2000,2000,0,1.0,True,,0.14508427877184357,0.15246513982288976,0.007380861051046184,0.0037026906219947697,True,0.02,True,COMPOSITE,200000.0,200.0,3e-06,3.0,最优时序准则,HIGHER,artifacts/stage10/bootstrap_individual_summary.csv,ad9bca843ff063d1a9cc26d134f8fc43b3cdeb9460f850e9e5afbda6c0d5f0b1
12,HF200-3,2,T,Mean_L_NC,298420,45694,2000,6.530835558278986,True,,2000,2000,0,1.0,True,,6.379806987291959,6.692309256419003,0.3125022691270445,0.16147369814001689,True,0.25,True,COMPOSITE,200000.0,200.0,3e-06,3.0,最优时序准则,LOWER,artifacts/stage10/bootstrap_individual_summary.csv,ad9bca843ff063d1a9cc26d134f8fc43b3cdeb9460f850e9e5afbda6c0d5f0b1
12,HF200-3,3,W,P_cor,188852,400000,2000,0.47213,True,,2000,2000,0,1.0,True,,0.4695499375,0.47482,0.005270062500000006,0.0026900000000000257,False,,,COMPOSITE,200000.0,200.0,3e-06,3.0,脉宽单特征准则,HIGHER,artifacts/stage10/bootstrap_individual_summary.csv,ad9bca843ff063d1a9cc26d134f8fc43b3cdeb9460f850e9e5afbda6c0d5f0b1
12,HF200-3,3,W,P_C_given_C,92975,187919,2000,0.4947610406611359,True,,2000,2000,0,1.0,True,,0.4925425420979208,0.4970965231717745,0.004553981073853686,0.002335482510638587,False,,,COMPOSITE,200000.0,200.0,3e-06,3.0,脉宽单特征准则,HIGHER,artifacts/stage10/bootstrap_individual_summary.csv,ad9bca843ff063d1a9cc26d134f8fc43b3cdeb9460f850e9e5afbda6c0d5f0b1
12,HF200-3,3,W,P_C_given_E,94894,210081,2000,0.4517019625763396,True,,2000,2000,0,1.0,True,,0.4473704048379483,0.4559988033892747,0.008628398551326355,0.0043315577383912784,False,,,COMPOSITE,200000.0,200.0,3e-06,3.0,脉宽单特征准则,HIGHER,artifacts/stage10/bootstrap_individual_summary.csv,ad9bca843ff063d1a9cc26d134f8fc43b3cdeb9460f850e9e5afbda6c0d5f0b1
12,HF200-3,3,W,Mean_L_NC,211148,95961,2000,2.2003522264253186,True,,2000,2000,0,1.0,True,,2.1798205617185076,2.2214891075495036,0.041668545830995996,0.021136881124184992,False,,,COMPOSITE,200000.0,200.0,3e-06,3.0,脉宽单特征准则,LOWER,artifacts/stage10/bootstrap_individual_summary.csv,ad9bca843ff063d1a9cc26d134f8fc43b3cdeb9460f850e9e5afbda6c0d5f0b1
12,HF200-3,4,TW,P_cor,195971,400000,2000,0.4899275,True,,2000,2000,0,1.0,True,,0.48600737499999996,0.4935554375,0.007548062500000063,0.003920125000000052,True,0.02,True,COMPOSITE,200000.0,200.0,3e-06,3.0,双特征联合准则,HIGHER,artifacts/stage10/bootstrap_individual_summary.csv,ad9bca843ff063d1a9cc26d134f8fc43b3cdeb9460f850e9e5afbda6c0d5f0b1
12,HF200-3,4,TW,P_C_given_C,155289,194999,2000,0.7963579300406669,True,,2000,2000,0,1.0,True,,0.7943950323424638,0.7984162998222086,0.00402126747974485,0.0020583697815417246,True,0.02,True,COMPOSITE,200000.0,200.0,3e-06,3.0,双特征联合准则,HIGHER,artifacts/stage10/bootstrap_individual_summary.csv,ad9bca843ff063d1a9cc26d134f8fc43b3cdeb9460f850e9e5afbda6c0d5f0b1
12,HF200-3,4,TW,P_C_given_E,39031,203001,2000,0.19226998881778906,True,,2000,2000,0,1.0,True,,0.19023331073523997,0.19443738374427724,0.0042040730090372735,0.002167394926488181,True,0.02,True,COMPOSITE,200000.0,200.0,3e-06,3.0,双特征联合准则,HIGHER,artifacts/stage10/bootstrap_individual_summary.csv,ad9bca843ff063d1a9cc26d134f8fc43b3cdeb9460f850e9e5afbda6c0d5f0b1
12,HF200-3,4,TW,Mean_L_NC,204029,40059,2000,5.09321251154547,True,,2000,2000,0,1.0,True,,5.036532958809029,5.14646744220861,0.10993448339958078,0.05667955273644143,True,0.25,True,COMPOSITE,200000.0,200.0,3e-06,3.0,双特征联合准则,LOWER,artifacts/stage10/bootstrap_individual_summary.csv,ad9bca843ff063d1a9cc26d134f8fc43b3cdeb9460f850e9e5afbda6c0d5f0b1
13,HF300-1,0,FIRST,P_cor,104,400000,2000,0.00026,True,,2000,2000,0,1.0,True,,0.0002125,0.0003100624999999997,9.75624999999997e-05,5.0062499999999706e-05,False,,,COMPOSITE,300000.0,300.0,1e-06,1.0,首脉冲准则,HIGHER,artifacts/stage10/bootstrap_individual_summary.csv,ad9bca843ff063d1a9cc26d134f8fc43b3cdeb9460f850e9e5afbda6c0d5f0b1
13,HF300-1,0,FIRST,P_C_given_C,0,104,104,0.0,True,,2000,2000,0,1.0,True,,0.0,0.0,0.0,0.0,False,,,COMPOSITE,300000.0,300.0,1e-06,1.0,首脉冲准则,HIGHER,artifacts/stage10/bootstrap_individual_summary.csv,ad9bca843ff063d1a9cc26d134f8fc43b3cdeb9460f850e9e5afbda6c0d5f0b1
13,HF300-1,0,FIRST,P_C_given_E,0,397896,2000,0.0,True,,2000,2000,0,1.0,True,,0.0,0.0,0.0,0.0,False,,,COMPOSITE,300000.0,300.0,1e-06,1.0,首脉冲准则,HIGHER,artifacts/stage10/bootstrap_individual_summary.csv,ad9bca843ff063d1a9cc26d134f8fc43b3cdeb9460f850e9e5afbda6c0d5f0b1
13,HF300-1,0,FIRST,Mean_L_NC,399896,2000,2000,199.948,True,,2000,2000,0,1.0,True,,199.9379875,199.9575,0.019512500000018917,0.010012500000016189,False,,,COMPOSITE,300000.0,300.0,1e-06,1.0,首脉冲准则,LOWER,artifacts/stage10/bootstrap_individual_summary.csv,ad9bca843ff063d1a9cc26d134f8fc43b3cdeb9460f850e9e5afbda6c0d5f0b1
13,HF300-1,1,LAST,P_cor,50,400000,2000,0.000125,True,,2000,2000,0,1.0,True,,9.25e-05,0.00016,6.750000000000001e-05,3.500000000000001e-05,False,,,COMPOSITE,300000.0,300.0,1e-06,1.0,末脉冲准则,HIGHER,artifacts/stage10/bootstrap_individual_summary.csv,ad9bca843ff063d1a9cc26d134f8fc43b3cdeb9460f850e9e5afbda6c0d5f0b1
13,HF300-1,1,LAST,P_C_given_C,0,50,50,0.0,True,,2000,2000,0,1.0,True,,0.0,0.0,0.0,0.0,False,,,COMPOSITE,300000.0,300.0,1e-06,1.0,末脉冲准则,HIGHER,artifacts/stage10/bootstrap_individual_summary.csv,ad9bca843ff063d1a9cc26d134f8fc43b3cdeb9460f850e9e5afbda6c0d5f0b1
13,HF300-1,1,LAST,P_C_given_E,2,397950,2000,5.025757004648825e-06,True,,2000,2000,0,1.0,True,,0.0,1.2564772185918596e-05,1.2564772185918596e-05,7.539015181269771e-06,False,,,COMPOSITE,300000.0,300.0,1e-06,1.0,末脉冲准则,HIGHER,artifacts/stage10/bootstrap_individual_summary.csv,ad9bca843ff063d1a9cc26d134f8fc43b3cdeb9460f850e9e5afbda6c0d5f0b1
13,HF300-1,1,LAST,Mean_L_NC,399950,2002,2000,199.77522477522479,True,,2000,2000,0,1.0,True,,199.47031172069828,199.9785,0.5081882793017201,0.30491305452650863,False,,,COMPOSITE,300000.0,300.0,1e-06,1.0,末脉冲准则,LOWER,artifacts/stage10/bootstrap_individual_summary.csv,ad9bca843ff063d1a9cc26d134f8fc43b3cdeb9460f850e9e5afbda6c0d5f0b1
13,HF300-1,2,T,P_cor,97385,400000,2000,0.2434625,True,,2000,2000,0,1.0,True,,0.2394133125,0.2472905,0.007877187499999994,0.0040491874999999955,True,0.02,True,COMPOSITE,300000.0,300.0,1e-06,1.0,最优时序准则,HIGHER,artifacts/stage10/bootstrap_individual_summary.csv,ad9bca843ff063d1a9cc26d134f8fc43b3cdeb9460f850e9e5afbda6c0d5f0b1
13,HF300-1,2,T,P_C_given_C,34791,96942,1984,0.3588846939407068,True,,2000,2000,0,1.0,True,,0.3556856953681974,0.3619378362686842,0.006252140900486813,0.003198998572509437,True,0.02,True,COMPOSITE,300000.0,300.0,1e-06,1.0,最优时序准则,HIGHER,artifacts/stage10/bootstrap_individual_summary.csv,ad9bca843ff063d1a9cc26d134f8fc43b3cdeb9460f850e9e5afbda6c0d5f0b1
13,HF300-1,2,T,P_C_given_E,61893,301058,2000,0.2055849703379415,True,,2000,2000,0,1.0,True,,0.20116378731109,0.20971333111841214,0.008549543807322146,0.004421183026851516,True,0.02,True,COMPOSITE,300000.0,300.0,1e-06,1.0,最优时序准则,HIGHER,artifacts/stage10/bootstrap_individual_summary.csv,ad9bca843ff063d1a9cc26d134f8fc43b3cdeb9460f850e9e5afbda6c0d5f0b1
13,HF300-1,2,T,Mean_L_NC,302615,63450,2000,4.7693459416863675,True,,2000,2000,0,1.0,True,,4.6773346862504495,4.871782724124622,0.19444803787417264,0.1024367824382546,True,0.25,True,COMPOSITE,300000.0,300.0,1e-06,1.0,最优时序准则,LOWER,artifacts/stage10/bootstrap_individual_summary.csv,ad9bca843ff063d1a9cc26d134f8fc43b3cdeb9460f850e9e5afbda6c0d5f0b1
13,HF300-1,3,W,P_cor,185250,400000,2000,0.463125,True,,2000,2000,0,1.0,True,,0.460058625,0.4662075,0.006148874999999998,0.003082499999999988,False,,,COMPOSITE,300000.0,300.0,1e-06,1.0,脉宽单特征准则,HIGHER,artifacts/stage10/bootstrap_individual_summary.csv,ad9bca843ff063d1a9cc26d134f8fc43b3cdeb9460f850e9e5afbda6c0d5f0b1
13,HF300-1,3,W,P_C_given_C,88892,184330,1998,0.4822438018770683,True,,2000,2000,0,1.0,True,,0.4798726358277446,0.48464490813256444,0.004772272304819858,0.002401106255496166,False,,,COMPOSITE,300000.0,300.0,1e-06,1.0,脉宽单特征准则,HIGHER,artifacts/stage10/bootstrap_individual_summary.csv,ad9bca843ff063d1a9cc26d134f8fc43b3cdeb9460f850e9e5afbda6c0d5f0b1
13,HF300-1,3,W,P_C_given_E,95389,213670,2000,0.4464314129264754,True,,2000,2000,0,1.0,True,,0.44129456643746645,0.4516186723992807,0.010324105961814267,0.0051872594728052945,False,,,COMPOSITE,300000.0,300.0,1e-06,1.0,脉宽单特征准则,HIGHER,artifacts/stage10/bootstrap_individual_summary.csv,ad9bca843ff063d1a9cc26d134f8fc43b3cdeb9460f850e9e5afbda6c0d5f0b1
13,HF300-1,3,W,Mean_L_NC,214750,96469,2000,2.226103722439333,True,,2000,2000,0,1.0,True,,2.2007078984924764,2.251746447078199,0.051038548585722765,0.025642724638866188,False,,,COMPOSITE,300000.0,300.0,1e-06,1.0,脉宽单特征准则,LOWER,artifacts/stage10/bootstrap_individual_summary.csv,ad9bca843ff063d1a9cc26d134f8fc43b3cdeb9460f850e9e5afbda6c0d5f0b1
13,HF300-1,4,TW,P_cor,195728,400000,2000,0.48932,True,,2000,2000,0,1.0,True,,0.4875969375,0.49114012500000004,0.0035431875000000446,0.0018201250000000613,True,0.02,True,COMPOSITE,300000.0,300.0,1e-06,1.0,双特征联合准则,HIGHER,artifacts/stage10/bootstrap_individual_summary.csv,ad9bca843ff063d1a9cc26d134f8fc43b3cdeb9460f850e9e5afbda6c0d5f0b1
13,HF300-1,4,TW,P_C_given_C,104706,194770,2000,0.5375879242183088,True,,2000,2000,0,1.0,True,,0.5353343195458486,0.5398780211495988,0.004543701603750172,0.002290096931290009,True,0.02,True,COMPOSITE,300000.0,300.0,1e-06,1.0,双特征联合准则,HIGHER,artifacts/stage10/bootstrap_individual_summary.csv,ad9bca843ff063d1a9cc26d134f8fc43b3cdeb9460f850e9e5afbda6c0d5f0b1
13,HF300-1,4,TW,P_C_given_E,89940,203230,2000,0.4425527727205629,True,,2000,2000,0,1.0,True,,0.44026805672951164,0.4447526901540893,0.0044846334245776664,0.0022847159910512893,True,0.02,True,COMPOSITE,300000.0,300.0,1e-06,1.0,双特征联合准则,HIGHER,artifacts/stage10/bootstrap_individual_summary.csv,ad9bca843ff063d1a9cc26d134f8fc43b3cdeb9460f850e9e5afbda6c0d5f0b1
13,HF300-1,4,TW,Mean_L_NC,204272,90982,2000,2.2451913565320614,True,,2000,2000,0,1.0,True,,2.2342437041078953,2.256803372678803,0.022559668570907743,0.011612016146741677,True,0.25,True,COMPOSITE,300000.0,300.0,1e-06,1.0,双特征联合准则,LOWER,artifacts/stage10/bootstrap_individual_summary.csv,ad9bca843ff063d1a9cc26d134f8fc43b3cdeb9460f850e9e5afbda6c0d5f0b1
14,HF300-2,0,FIRST,P_cor,80,400000,2000,0.0002,True,,2000,2000,0,1.0,True,,0.0001575,0.000245,8.749999999999999e-05,4.499999999999998e-05,False,,,COMPOSITE,300000.0,300.0,2e-06,2.0,首脉冲准则,HIGHER,artifacts/stage10/bootstrap_individual_summary.csv,ad9bca843ff063d1a9cc26d134f8fc43b3cdeb9460f850e9e5afbda6c0d5f0b1
14,HF300-2,0,FIRST,P_C_given_C,0,80,80,0.0,True,,2000,2000,0,1.0,True,,0.0,0.0,0.0,0.0,False,,,COMPOSITE,300000.0,300.0,2e-06,2.0,首脉冲准则,HIGHER,artifacts/stage10/bootstrap_individual_summary.csv,ad9bca843ff063d1a9cc26d134f8fc43b3cdeb9460f850e9e5afbda6c0d5f0b1
14,HF300-2,0,FIRST,P_C_given_E,1,397920,2000,2.5130679533574587e-06,True,,2000,2000,0,1.0,True,,0.0,7.539431225308363e-06,7.539431225308363e-06,5.026363271950904e-06,False,,,COMPOSITE,300000.0,300.0,2e-06,2.0,首脉冲准则,HIGHER,artifacts/stage10/bootstrap_individual_summary.csv,ad9bca843ff063d1a9cc26d134f8fc43b3cdeb9460f850e9e5afbda6c0d5f0b1
14,HF300-2,0,FIRST,Mean_L_NC,399920,2001,2000,199.8600699650175,True,,2000,2000,0,1.0,True,,199.654518222666,199.967,0.31248177733399984,0.20555174235147433,False,,,COMPOSITE,300000.0,300.0,2e-06,2.0,首脉冲准则,LOWER,artifacts/stage10/bootstrap_individual_summary.csv,ad9bca843ff063d1a9cc26d134f8fc43b3cdeb9460f850e9e5afbda6c0d5f0b1
14,HF300-2,1,LAST,P_cor,27,400000,2000,6.75e-05,True,,2000,2000,0,1.0,True,,4.25e-05,9.5e-05,5.25e-05,2.7500000000000004e-05,False,,,COMPOSITE,300000.0,300.0,2e-06,2.0,末脉冲准则,HIGHER,artifacts/stage10/bootstrap_individual_summary.csv,ad9bca843ff063d1a9cc26d134f8fc43b3cdeb9460f850e9e5afbda6c0d5f0b1
14,HF300-2,1,LAST,P_C_given_C,0,27,27,0.0,True,,2000,2000,0,1.0,True,,0.0,0.0,0.0,0.0,False,,,COMPOSITE,300000.0,300.0,2e-06,2.0,末脉冲准则,HIGHER,artifacts/stage10/bootstrap_individual_summary.csv,ad9bca843ff063d1a9cc26d134f8fc43b3cdeb9460f850e9e5afbda6c0d5f0b1
14,HF300-2,1,LAST,P_C_given_E,0,397973,2000,0.0,True,,2000,2000,0,1.0,True,,0.0,0.0,0.0,0.0,False,,,COMPOSITE,300000.0,300.0,2e-06,2.0,末脉冲准则,HIGHER,artifacts/stage10/bootstrap_individual_summary.csv,ad9bca843ff063d1a9cc26d134f8fc43b3cdeb9460f850e9e5afbda6c0d5f0b1
14,HF300-2,1,LAST,Mean_L_NC,399973,2000,2000,199.9865,True,,2000,2000,0,1.0,True,,199.981,199.9915,0.010500000000007503,0.005500000000012051,False,,,COMPOSITE,300000.0,300.0,2e-06,2.0,末脉冲准则,LOWER,artifacts/stage10/bootstrap_individual_summary.csv,ad9bca843ff063d1a9cc26d134f8fc43b3cdeb9460f850e9e5afbda6c0d5f0b1
14,HF300-2,2,T,P_cor,86191,400000,2000,0.2154775,True,,2000,2000,0,1.0,True,,0.2113548125,0.21934506250000002,0.007990250000000032,0.0041226875,True,0.02,True,COMPOSITE,300000.0,300.0,2e-06,2.0,最优时序准则,HIGHER,artifacts/stage10/bootstrap_individual_summary.csv,ad9bca843ff063d1a9cc26d134f8fc43b3cdeb9460f850e9e5afbda6c0d5f0b1
14,HF300-2,2,T,P_C_given_C,36072,85820,1993,0.4203216033558611,True,,2000,2000,0,1.0,True,,0.41678830410563944,0.4237941585205052,0.007005854414865786,0.0035332992502216665,True,0.02,True,COMPOSITE,300000.0,300.0,2e-06,2.0,最优时序准则,HIGHER,artifacts/stage10/bootstrap_individual_summary.csv,ad9bca843ff063d1a9cc26d134f8fc43b3cdeb9460f850e9e5afbda6c0d5f0b1
14,HF300-2,2,T,P_C_given_E,49303,312180,2000,0.15793132167339355,True,,2000,2000,0,1.0,True,,0.1543691294566995,0.1613563210060148,0.006987191549315291,0.0035621922166940434,True,0.02,True,COMPOSITE,300000.0,300.0,2e-06,2.0,最优时序准则,HIGHER,artifacts/stage10/bootstrap_individual_summary.csv,ad9bca843ff063d1a9cc26d134f8fc43b3cdeb9460f850e9e5afbda6c0d5f0b1
14,HF300-2,2,T,Mean_L_NC,313809,50932,2000,6.161332757402026,True,,2000,2000,0,1.0,True,,6.035096266715271,6.299333883126422,0.2642376164111502,0.13800112572439538,True,0.25,True,COMPOSITE,300000.0,300.0,2e-06,2.0,最优时序准则,LOWER,artifacts/stage10/bootstrap_individual_summary.csv,ad9bca843ff063d1a9cc26d134f8fc43b3cdeb9460f850e9e5afbda6c0d5f0b1
14,HF300-2,3,W,P_cor,186912,400000,2000,0.46728,True,,2000,2000,0,1.0,True,,0.4644295625,0.46996774999999996,0.005538187499999958,0.0028504374999999693,False,,,COMPOSITE,300000.0,300.0,2e-06,2.0,脉宽单特征准则,HIGHER,artifacts/stage10/bootstrap_individual_summary.csv,ad9bca843ff063d1a9cc26d134f8fc43b3cdeb9460f850e9e5afbda6c0d5f0b1
14,HF300-2,3,W,P_C_given_C,89583,185977,2000,0.48168859590164376,True,,2000,2000,0,1.0,True,,0.47940447939074504,0.4839138818816111,0.004509402490866066,0.002284116510898715,False,,,COMPOSITE,300000.0,300.0,2e-06,2.0,脉宽单特征准则,HIGHER,artifacts/stage10/bootstrap_individual_summary.csv,ad9bca843ff063d1a9cc26d134f8fc43b3cdeb9460f850e9e5afbda6c0d5f0b1
14,HF300-2,3,W,P_C_given_E,96361,212023,2000,0.4544837116727902,True,,2000,2000,0,1.0,True,,0.44968398383286645,0.45902474181776404,0.009340757984897585,0.004799727839923773,False,,,COMPOSITE,300000.0,300.0,2e-06,2.0,脉宽单特征准则,HIGHER,artifacts/stage10/bootstrap_individual_summary.csv,ad9bca843ff063d1a9cc26d134f8fc43b3cdeb9460f850e9e5afbda6c0d5f0b1
14,HF300-2,3,W,Mean_L_NC,213088,97426,2000,2.1871779607086403,True,,2000,2000,0,1.0,True,,2.1656138116033046,2.210127831518504,0.04451401991519921,0.022949870809863437,False,,,COMPOSITE,300000.0,300.0,2e-06,2.0,脉宽单特征准则,LOWER,artifacts/stage10/bootstrap_individual_summary.csv,ad9bca843ff063d1a9cc26d134f8fc43b3cdeb9460f850e9e5afbda6c0d5f0b1
14,HF300-2,4,TW,P_cor,195371,400000,2000,0.4884275,True,,2000,2000,0,1.0,True,,0.486079875,0.4908553125,0.004775437499999979,0.0024278124999999595,True,0.02,True,COMPOSITE,300000.0,300.0,2e-06,2.0,双特征联合准则,HIGHER,artifacts/stage10/bootstrap_individual_summary.csv,ad9bca843ff063d1a9cc26d134f8fc43b3cdeb9460f850e9e5afbda6c0d5f0b1
14,HF300-2,4,TW,P_C_given_C,127804,194387,2000,0.6574719502847413,True,,2000,2000,0,1.0,True,,0.6551998665717296,0.6598503684427283,0.004650501870998691,0.0023784181579870056,True,0.02,True,COMPOSITE,300000.0,300.0,2e-06,2.0,双特征联合准则,HIGHER,artifacts/stage10/bootstrap_individual_summary.csv,ad9bca843ff063d1a9cc26d134f8fc43b3cdeb9460f850e9e5afbda6c0d5f0b1
14,HF300-2,4,TW,P_C_given_E,66199,203613,2000,0.3251216769066808,True,,2000,2000,0,1.0,True,,0.32280804803570323,0.32731541830390265,0.004507370268199418,0.00231362887097758,True,0.02,True,COMPOSITE,300000.0,300.0,2e-06,2.0,双特征联合准则,HIGHER,artifacts/stage10/bootstrap_individual_summary.csv,ad9bca843ff063d1a9cc26d134f8fc43b3cdeb9460f850e9e5afbda6c0d5f0b1
14,HF300-2,4,TW,Mean_L_NC,204629,67215,2000,3.0443948523395075,True,,2000,2000,0,1.0,True,,3.0241457313133413,3.065804707891789,0.04165897657844786,0.021409855552281698,True,0.25,True,COMPOSITE,300000.0,300.0,2e-06,2.0,双特征联合准则,LOWER,artifacts/stage10/bootstrap_individual_summary.csv,ad9bca843ff063d1a9cc26d134f8fc43b3cdeb9460f850e9e5afbda6c0d5f0b1
15,HF300-3,0,FIRST,P_cor,93,400000,2000,0.0002325,True,,2000,2000,0,1.0,True,,0.0001875,0.00028006249999999966,9.256249999999965e-05,4.7562499999999645e-05,False,,,COMPOSITE,300000.0,300.0,3e-06,3.0,首脉冲准则,HIGHER,artifacts/stage10/bootstrap_individual_summary.csv,ad9bca843ff063d1a9cc26d134f8fc43b3cdeb9460f850e9e5afbda6c0d5f0b1
15,HF300-3,0,FIRST,P_C_given_C,1,93,92,0.010752688172043012,True,,2000,2000,0,1.0,True,,0.0,0.035296720458094726,0.035296720458094726,0.024544032286051714,False,,,COMPOSITE,300000.0,300.0,3e-06,3.0,首脉冲准则,HIGHER,artifacts/stage10/bootstrap_individual_summary.csv,ad9bca843ff063d1a9cc26d134f8fc43b3cdeb9460f850e9e5afbda6c0d5f0b1
15,HF300-3,0,FIRST,P_C_given_E,7,397907,2000,1.7592050403737557e-05,True,,2000,2000,0,1.0,True,,5.026287167745129e-06,3.26708686430029e-05,2.7644581475257774e-05,1.5078818239265345e-05,False,,,COMPOSITE,300000.0,300.0,3e-06,3.0,首脉冲准则,HIGHER,artifacts/stage10/bootstrap_individual_summary.csv,ad9bca843ff063d1a9cc26d134f8fc43b3cdeb9460f850e9e5afbda6c0d5f0b1
15,HF300-3,0,FIRST,Mean_L_NC,399907,2007,2000,199.25610363726955,True,,2000,2000,0,1.0,True,,198.66269249875808,199.75425824175824,1.0915657430001602,0.5934111385114704,False,,,COMPOSITE,300000.0,300.0,3e-06,3.0,首脉冲准则,LOWER,artifacts/stage10/bootstrap_individual_summary.csv,ad9bca843ff063d1a9cc26d134f8fc43b3cdeb9460f850e9e5afbda6c0d5f0b1
15,HF300-3,1,LAST,P_cor,18,400000,2000,4.5e-05,True,,2000,2000,0,1.0,True,,2.5e-05,6.5e-05,3.9999999999999996e-05,2e-05,False,,,COMPOSITE,300000.0,300.0,3e-06,3.0,末脉冲准则,HIGHER,artifacts/stage10/bootstrap_individual_summary.csv,ad9bca843ff063d1a9cc26d134f8fc43b3cdeb9460f850e9e5afbda6c0d5f0b1
15,HF300-3,1,LAST,P_C_given_C,0,18,18,0.0,True,,2000,2000,0,1.0,True,,0.0,0.0,0.0,0.0,False,,,COMPOSITE,300000.0,300.0,3e-06,3.0,末脉冲准则,HIGHER,artifacts/stage10/bootstrap_individual_summary.csv,ad9bca843ff063d1a9cc26d134f8fc43b3cdeb9460f850e9e5afbda6c0d5f0b1
15,HF300-3,1,LAST,P_C_given_E,0,397982,2000,0.0,True,,2000,2000,0,1.0,True,,0.0,0.0,0.0,0.0,False,,,COMPOSITE,300000.0,300.0,3e-06,3.0,末脉冲准则,HIGHER,artifacts/stage10/bootstrap_individual_summary.csv,ad9bca843ff063d1a9cc26d134f8fc43b3cdeb9460f850e9e5afbda6c0d5f0b1
15,HF300-3,1,LAST,Mean_L_NC,399982,2000,2000,199.991,True,,2000,2000,0,1.0,True,,199.987,199.995,0.008000000000009777,0.004000000000019099,False,,,COMPOSITE,300000.0,300.0,3e-06,3.0,末脉冲准则,LOWER,artifacts/stage10/bootstrap_individual_summary.csv,ad9bca843ff063d1a9cc26d134f8fc43b3cdeb9460f850e9e5afbda6c0d5f0b1
15,HF300-3,2,T,P_cor,77030,400000,2000,0.192575,True,,2000,2000,0,1.0,True,,0.18831974999999998,0.196955,0.008635250000000011,0.004379999999999995,True,0.02,True,COMPOSITE,300000.0,300.0,3e-06,3.0,最优时序准则,HIGHER,artifacts/stage10/bootstrap_individual_summary.csv,ad9bca843ff063d1a9cc26d134f8fc43b3cdeb9460f850e9e5afbda6c0d5f0b1
15,HF300-3,2,T,P_C_given_C,35807,76716,1989,0.46674748422754053,True,,2000,2000,0,1.0,True,,0.46283795435527453,0.47036437079363685,0.007526416438362327,0.003909529872266004,True,0.02,True,COMPOSITE,300000.0,300.0,3e-06,3.0,最优时序准则,HIGHER,artifacts/stage10/bootstrap_individual_summary.csv,ad9bca843ff063d1a9cc26d134f8fc43b3cdeb9460f850e9e5afbda6c0d5f0b1
15,HF300-3,2,T,P_C_given_E,40326,321284,2000,0.12551512057867806,True,,2000,2000,0,1.0,True,,0.1222493697146105,0.12890180290431252,0.006652433189702017,0.003386682325634466,True,0.02,True,COMPOSITE,300000.0,300.0,3e-06,3.0,最优时序准则,HIGHER,artifacts/stage10/bootstrap_individual_summary.csv,ad9bca843ff063d1a9cc26d134f8fc43b3cdeb9460f850e9e5afbda6c0d5f0b1
15,HF300-3,2,T,Mean_L_NC,322970,42012,2000,7.687565457488336,True,,2000,2000,0,1.0,True,,7.493348135901926,7.883457490564427,0.39010935466250096,0.19589203307609093,True,0.25,True,COMPOSITE,300000.0,300.0,3e-06,3.0,最优时序准则,LOWER,artifacts/stage10/bootstrap_individual_summary.csv,ad9bca843ff063d1a9cc26d134f8fc43b3cdeb9460f850e9e5afbda6c0d5f0b1
15,HF300-3,3,W,P_cor,185432,400000,2000,0.46358,True,,2000,2000,0,1.0,True,,0.460451625,0.466548,0.006096375000000043,0.0031283750000000166,False,,,COMPOSITE,300000.0,300.0,3e-06,3.0,脉宽单特征准则,HIGHER,artifacts/stage10/bootstrap_individual_summary.csv,ad9bca843ff063d1a9cc26d134f8fc43b3cdeb9460f850e9e5afbda6c0d5f0b1
15,HF300-3,3,W,P_C_given_C,90707,184533,1998,0.49154893704649033,True,,2000,2000,0,1.0,True,,0.4891809493130841,0.49390033019172774,0.004719380878643653,0.0023679877334062405,False,,,COMPOSITE,300000.0,300.0,3e-06,3.0,脉宽单特征准则,HIGHER,artifacts/stage10/bootstrap_individual_summary.csv,ad9bca843ff063d1a9cc26d134f8fc43b3cdeb9460f850e9e5afbda6c0d5f0b1
15,HF300-3,3,W,P_C_given_E,93752,213467,2000,0.43918732169375124,True,,2000,2000,0,1.0,True,,0.4339305299583935,0.4440285051435414,0.010097975185147934,0.005256791735357758,False,,,COMPOSITE,300000.0,300.0,3e-06,3.0,脉宽单特征准则,HIGHER,artifacts/stage10/bootstrap_individual_summary.csv,ad9bca843ff063d1a9cc26d134f8fc43b3cdeb9460f850e9e5afbda6c0d5f0b1
15,HF300-3,3,W,Mean_L_NC,214568,94853,2000,2.2621108452025767,True,,2000,2000,0,1.0,True,,2.237674028500291,2.2892204714834232,0.051546442983132046,0.027109626280846566,False,,,COMPOSITE,300000.0,300.0,3e-06,3.0,脉宽单特征准则,LOWER,artifacts/stage10/bootstrap_individual_summary.csv,ad9bca843ff063d1a9cc26d134f8fc43b3cdeb9460f850e9e5afbda6c0d5f0b1
15,HF300-3,4,TW,P_cor,197261,400000,2000,0.4931525,True,,2000,2000,0,1.0,True,,0.489456375,0.49686006250000003,0.0074036875000000335,0.003707562500000039,True,0.02,True,COMPOSITE,300000.0,300.0,3e-06,3.0,双特征联合准则,HIGHER,artifacts/stage10/bootstrap_individual_summary.csv,ad9bca843ff063d1a9cc26d134f8fc43b3cdeb9460f850e9e5afbda6c0d5f0b1
15,HF300-3,4,TW,P_C_given_C,156003,196348,2000,0.7945229897936317,True,,2000,2000,0,1.0,True,,0.7925196133362437,0.7964541751616525,0.0039345618254088555,0.0020033764573880175,True,0.02,True,COMPOSITE,300000.0,300.0,3e-06,3.0,双特征联合准则,HIGHER,artifacts/stage10/bootstrap_individual_summary.csv,ad9bca843ff063d1a9cc26d134f8fc43b3cdeb9460f850e9e5afbda6c0d5f0b1
15,HF300-3,4,TW,P_C_given_E,39606,201652,2000,0.19640767262412473,True,,2000,2000,0,1.0,True,,0.19433906902125375,0.19854223108585833,0.004203162064604582,0.0021345584617336044,True,0.02,True,COMPOSITE,300000.0,300.0,3e-06,3.0,双特征联合准则,HIGHER,artifacts/stage10/bootstrap_individual_summary.csv,ad9bca843ff063d1a9cc26d134f8fc43b3cdeb9460f850e9e5afbda6c0d5f0b1
15,HF300-3,4,TW,Mean_L_NC,202739,40693,2000,4.982159093701619,True,,2000,2000,0,1.0,True,,4.93035186673729,5.033386903916506,0.10303503717921636,0.05180722696432927,True,0.25,True,COMPOSITE,300000.0,300.0,3e-06,3.0,双特征联合准则,LOWER,artifacts/stage10/bootstrap_individual_summary.csv,ad9bca843ff063d1a9cc26d134f8fc43b3cdeb9460f850e9e5afbda6c0d5f0b1
16,HF500-1,0,FIRST,P_cor,26,400000,2000,6.5e-05,True,,2000,2000,0,1.0,True,,4.25e-05,9.25e-05,4.9999999999999996e-05,2.7500000000000004e-05,False,,,COMPOSITE,500000.0,500.0,1e-06,1.0,首脉冲准则,HIGHER,artifacts/stage10/bootstrap_individual_summary.csv,ad9bca843ff063d1a9cc26d134f8fc43b3cdeb9460f850e9e5afbda6c0d5f0b1
16,HF500-1,0,FIRST,P_C_given_C,0,26,26,0.0,True,,2000,2000,0,1.0,True,,0.0,0.0,0.0,0.0,False,,,COMPOSITE,500000.0,500.0,1e-06,1.0,首脉冲准则,HIGHER,artifacts/stage10/bootstrap_individual_summary.csv,ad9bca843ff063d1a9cc26d134f8fc43b3cdeb9460f850e9e5afbda6c0d5f0b1
16,HF500-1,0,FIRST,P_C_given_E,0,397974,2000,0.0,True,,2000,2000,0,1.0,True,,0.0,0.0,0.0,0.0,False,,,COMPOSITE,500000.0,500.0,1e-06,1.0,首脉冲准则,HIGHER,artifacts/stage10/bootstrap_individual_summary.csv,ad9bca843ff063d1a9cc26d134f8fc43b3cdeb9460f850e9e5afbda6c0d5f0b1
16,HF500-1,0,FIRST,Mean_L_NC,399974,2000,2000,199.987,True,,2000,2000,0,1.0,True,,199.9815,199.9915,0.009999999999990905,0.005499999999983629,False,,,COMPOSITE,500000.0,500.0,1e-06,1.0,首脉冲准则,LOWER,artifacts/stage10/bootstrap_individual_summary.csv,ad9bca843ff063d1a9cc26d134f8fc43b3cdeb9460f850e9e5afbda6c0d5f0b1
16,HF500-1,1,LAST,P_cor,7,400000,2000,1.75e-05,True,,2000,2000,0,1.0,True,,5e-06,3e-05,2.5e-05,1.2500000000000002e-05,False,,,COMPOSITE,500000.0,500.0,1e-06,1.0,末脉冲准则,HIGHER,artifacts/stage10/bootstrap_individual_summary.csv,ad9bca843ff063d1a9cc26d134f8fc43b3cdeb9460f850e9e5afbda6c0d5f0b1
16,HF500-1,1,LAST,P_C_given_C,0,7,7,0.0,True,,2000,1998,2,0.999,True,,0.0,0.0,0.0,0.0,False,,,COMPOSITE,500000.0,500.0,1e-06,1.0,末脉冲准则,HIGHER,artifacts/stage10/bootstrap_individual_summary.csv,ad9bca843ff063d1a9cc26d134f8fc43b3cdeb9460f850e9e5afbda6c0d5f0b1
16,HF500-1,1,LAST,P_C_given_E,0,397993,2000,0.0,True,,2000,2000,0,1.0,True,,0.0,0.0,0.0,0.0,False,,,COMPOSITE,500000.0,500.0,1e-06,1.0,末脉冲准则,HIGHER,artifacts/stage10/bootstrap_individual_summary.csv,ad9bca843ff063d1a9cc26d134f8fc43b3cdeb9460f850e9e5afbda6c0d5f0b1
16,HF500-1,1,LAST,Mean_L_NC,399993,2000,2000,199.9965,True,,2000,2000,0,1.0,True,,199.994,199.999,0.0049999999999954525,0.0024999999999977263,False,,,COMPOSITE,500000.0,500.0,1e-06,1.0,末脉冲准则,LOWER,artifacts/stage10/bootstrap_individual_summary.csv,ad9bca843ff063d1a9cc26d134f8fc43b3cdeb9460f850e9e5afbda6c0d5f0b1
16,HF500-1,2,T,P_cor,72073,400000,2000,0.1801825,True,,2000,2000,0,1.0,True,,0.17679987500000002,0.1835075625,0.006707687499999976,0.0033826249999999725,True,0.02,True,COMPOSITE,500000.0,500.0,1e-06,1.0,最优时序准则,HIGHER,artifacts/stage10/bootstrap_individual_summary.csv,ad9bca843ff063d1a9cc26d134f8fc43b3cdeb9460f850e9e5afbda6c0d5f0b1
16,HF500-1,2,T,P_C_given_C,20664,71789,1974,0.28784354148964325,True,,2000,2000,0,1.0,True,,0.28438577467253207,0.2912668832744488,0.006881108601916708,0.0034577668171111853,True,0.02,True,COMPOSITE,500000.0,500.0,1e-06,1.0,最优时序准则,HIGHER,artifacts/stage10/bootstrap_individual_summary.csv,ad9bca843ff063d1a9cc26d134f8fc43b3cdeb9460f850e9e5afbda6c0d5f0b1
16,HF500-1,2,T,P_C_given_E,50854,326211,2000,0.1558929649827872,True,,2000,2000,0,1.0,True,,0.15245981316534787,0.15929908583954175,0.006839272674193875,0.003433151817439334,True,0.02,True,COMPOSITE,500000.0,500.0,1e-06,1.0,最优时序准则,HIGHER,artifacts/stage10/bootstrap_individual_summary.csv,ad9bca843ff063d1a9cc26d134f8fc43b3cdeb9460f850e9e5afbda6c0d5f0b1
16,HF500-1,2,T,Mean_L_NC,327927,52570,2000,6.237911356286856,True,,2000,2000,0,1.0,True,,6.108387499117096,6.374335063240293,0.26594756412319764,0.13642370695343775,True,0.25,True,COMPOSITE,500000.0,500.0,1e-06,1.0,最优时序准则,LOWER,artifacts/stage10/bootstrap_individual_summary.csv,ad9bca843ff063d1a9cc26d134f8fc43b3cdeb9460f850e9e5afbda6c0d5f0b1
16,HF500-1,3,W,P_cor,182424,400000,2000,0.45606,True,,2000,2000,0,1.0,True,,0.4528345,0.459207875,0.0063733750000000144,0.0032255000000000478,False,,,COMPOSITE,500000.0,500.0,1e-06,1.0,脉宽单特征准则,HIGHER,artifacts/stage10/bootstrap_individual_summary.csv,ad9bca843ff063d1a9cc26d134f8fc43b3cdeb9460f850e9e5afbda6c0d5f0b1
16,HF500-1,3,W,P_C_given_C,86881,181548,1997,0.47855663515984753,True,,2000,2000,0,1.0,True,,0.4763177655871679,0.4808886056890169,0.00457084010184905,0.0023319705291693915,False,,,COMPOSITE,500000.0,500.0,1e-06,1.0,脉宽单特征准则,HIGHER,artifacts/stage10/bootstrap_individual_summary.csv,ad9bca843ff063d1a9cc26d134f8fc43b3cdeb9460f850e9e5afbda6c0d5f0b1
16,HF500-1,3,W,P_C_given_E,94579,216452,2000,0.43695137952063273,True,,2000,2000,0,1.0,True,,0.4315440984156567,0.44232412706249874,0.010780028646842021,0.005407281104976014,False,,,COMPOSITE,500000.0,500.0,1e-06,1.0,脉宽单特征准则,HIGHER,artifacts/stage10/bootstrap_individual_summary.csv,ad9bca843ff063d1a9cc26d134f8fc43b3cdeb9460f850e9e5afbda6c0d5f0b1
16,HF500-1,3,W,Mean_L_NC,217576,95703,2000,2.273450153077751,True,,2000,2000,0,1.0,True,,2.2464793126831517,2.3014698288547724,0.05499051617162065,0.02801967577702147,False,,,COMPOSITE,500000.0,500.0,1e-06,1.0,脉宽单特征准则,LOWER,artifacts/stage10/bootstrap_individual_summary.csv,ad9bca843ff063d1a9cc26d134f8fc43b3cdeb9460f850e9e5afbda6c0d5f0b1
16,HF500-1,4,TW,P_cor,194474,400000,2000,0.486185,True,,2000,2000,0,1.0,True,,0.484487125,0.48787768750000005,0.0033905625000000272,0.0016978749999999598,True,0.02,True,COMPOSITE,500000.0,500.0,1e-06,1.0,双特征联合准则,HIGHER,artifacts/stage10/bootstrap_individual_summary.csv,ad9bca843ff063d1a9cc26d134f8fc43b3cdeb9460f850e9e5afbda6c0d5f0b1
16,HF500-1,4,TW,P_C_given_C,103314,193506,2000,0.5339059253976621,True,,2000,2000,0,1.0,True,,0.5316429269711,0.5362269942896215,0.0045840673185214564,0.002321068891959377,True,0.02,True,COMPOSITE,500000.0,500.0,1e-06,1.0,双特征联合准则,HIGHER,artifacts/stage10/bootstrap_individual_summary.csv,ad9bca843ff063d1a9cc26d134f8fc43b3cdeb9460f850e9e5afbda6c0d5f0b1
16,HF500-1,4,TW,P_C_given_E,90060,204494,2000,0.44040411943626706,True,,2000,2000,0,1.0,True,,0.43824087945019546,0.44260594021051924,0.00436506076032378,0.0022018207742521834,True,0.02,True,COMPOSITE,500000.0,500.0,1e-06,1.0,双特征联合准则,HIGHER,artifacts/stage10/bootstrap_individual_summary.csv,ad9bca843ff063d1a9cc26d134f8fc43b3cdeb9460f850e9e5afbda6c0d5f0b1
16,HF500-1,4,TW,Mean_L_NC,205526,91092,2000,2.256246432178457,True,,2000,2000,0,1.0,True,,2.2452151231776236,2.267370190853978,0.022155067676354445,0.011123758675521067,True,0.25,True,COMPOSITE,500000.0,500.0,1e-06,1.0,双特征联合准则,LOWER,artifacts/stage10/bootstrap_individual_summary.csv,ad9bca843ff063d1a9cc26d134f8fc43b3cdeb9460f850e9e5afbda6c0d5f0b1
17,HF500-2,0,FIRST,P_cor,26,400000,2000,6.5e-05,True,,2000,2000,0,1.0,True,,4.25e-05,9.25e-05,4.9999999999999996e-05,2.7500000000000004e-05,False,,,COMPOSITE,500000.0,500.0,2e-06,2.0,首脉冲准则,HIGHER,artifacts/stage10/bootstrap_individual_summary.csv,ad9bca843ff063d1a9cc26d134f8fc43b3cdeb9460f850e9e5afbda6c0d5f0b1
17,HF500-2,0,FIRST,P_C_given_C,0,26,26,0.0,True,,2000,2000,0,1.0,True,,0.0,0.0,0.0,0.0,False,,,COMPOSITE,500000.0,500.0,2e-06,2.0,首脉冲准则,HIGHER,artifacts/stage10/bootstrap_individual_summary.csv,ad9bca843ff063d1a9cc26d134f8fc43b3cdeb9460f850e9e5afbda6c0d5f0b1
17,HF500-2,0,FIRST,P_C_given_E,0,397974,2000,0.0,True,,2000,2000,0,1.0,True,,0.0,0.0,0.0,0.0,False,,,COMPOSITE,500000.0,500.0,2e-06,2.0,首脉冲准则,HIGHER,artifacts/stage10/bootstrap_individual_summary.csv,ad9bca843ff063d1a9cc26d134f8fc43b3cdeb9460f850e9e5afbda6c0d5f0b1
17,HF500-2,0,FIRST,Mean_L_NC,399974,2000,2000,199.987,True,,2000,2000,0,1.0,True,,199.9815,199.9915,0.009999999999990905,0.005499999999983629,False,,,COMPOSITE,500000.0,500.0,2e-06,2.0,首脉冲准则,LOWER,artifacts/stage10/bootstrap_individual_summary.csv,ad9bca843ff063d1a9cc26d134f8fc43b3cdeb9460f850e9e5afbda6c0d5f0b1
17,HF500-2,1,LAST,P_cor,8,400000,2000,2e-05,True,,2000,2000,0,1.0,True,,7.5e-06,3.5e-05,2.7499999999999998e-05,1.4999999999999995e-05,False,,,COMPOSITE,500000.0,500.0,2e-06,2.0,末脉冲准则,HIGHER,artifacts/stage10/bootstrap_individual_summary.csv,ad9bca843ff063d1a9cc26d134f8fc43b3cdeb9460f850e9e5afbda6c0d5f0b1
17,HF500-2,1,LAST,P_C_given_C,0,8,8,0.0,True,,2000,1999,1,0.9995,True,,0.0,0.0,0.0,0.0,False,,,COMPOSITE,500000.0,500.0,2e-06,2.0,末脉冲准则,HIGHER,artifacts/stage10/bootstrap_individual_summary.csv,ad9bca843ff063d1a9cc26d134f8fc43b3cdeb9460f850e9e5afbda6c0d5f0b1
17,HF500-2,1,LAST,P_C_given_E,0,397992,2000,0.0,True,,2000,2000,0,1.0,True,,0.0,0.0,0.0,0.0,False,,,COMPOSITE,500000.0,500.0,2e-06,2.0,末脉冲准则,HIGHER,artifacts/stage10/bootstrap_individual_summary.csv,ad9bca843ff063d1a9cc26d134f8fc43b3cdeb9460f850e9e5afbda6c0d5f0b1
17,HF500-2,1,LAST,Mean_L_NC,399992,2000,2000,199.996,True,,2000,2000,0,1.0,True,,199.993,199.9985,0.005500000000012051,0.0030000000000143245,False,,,COMPOSITE,500000.0,500.0,2e-06,2.0,末脉冲准则,LOWER,artifacts/stage10/bootstrap_individual_summary.csv,ad9bca843ff063d1a9cc26d134f8fc43b3cdeb9460f850e9e5afbda6c0d5f0b1
17,HF500-2,2,T,P_cor,61561,400000,2000,0.1539025,True,,2000,2000,0,1.0,True,,0.1505599375,0.1571701875,0.006610250000000012,0.003342562500000007,True,0.02,True,COMPOSITE,500000.0,500.0,2e-06,2.0,最优时序准则,HIGHER,artifacts/stage10/bootstrap_individual_summary.csv,ad9bca843ff063d1a9cc26d134f8fc43b3cdeb9460f850e9e5afbda6c0d5f0b1
17,HF500-2,2,T,P_C_given_C,19811,61315,1979,0.3231020141890239,True,,2000,2000,0,1.0,True,,0.3193026992931787,0.32684918384412354,0.00754648455094481,0.003799314895845174,True,0.02,True,COMPOSITE,500000.0,500.0,2e-06,2.0,最优时序准则,HIGHER,artifacts/stage10/bootstrap_individual_summary.csv,ad9bca843ff063d1a9cc26d134f8fc43b3cdeb9460f850e9e5afbda6c0d5f0b1
17,HF500-2,2,T,P_C_given_E,41131,336685,2000,0.122164634599106,True,,2000,2000,0,1.0,True,,0.11912227266434561,0.12506453751880106,0.0059422648544554535,0.0030423619347603875,True,0.02,True,COMPOSITE,500000.0,500.0,2e-06,2.0,最优时序准则,HIGHER,artifacts/stage10/bootstrap_individual_summary.csv,ad9bca843ff063d1a9cc26d134f8fc43b3cdeb9460f850e9e5afbda6c0d5f0b1
17,HF500-2,2,T,Mean_L_NC,338439,42885,2000,7.891780342777195,True,,2000,2000,0,1.0,True,,7.717498781134729,8.087180656196837,0.36968187506210803,0.19540031341964248,True,0.25,True,COMPOSITE,500000.0,500.0,2e-06,2.0,最优时序准则,LOWER,artifacts/stage10/bootstrap_individual_summary.csv,ad9bca843ff063d1a9cc26d134f8fc43b3cdeb9460f850e9e5afbda6c0d5f0b1
17,HF500-2,3,W,P_cor,184734,400000,2000,0.461835,True,,2000,2000,0,1.0,True,,0.4587875,0.46457781249999996,0.00579031249999995,0.0030474999999999808,False,,,COMPOSITE,500000.0,500.0,2e-06,2.0,脉宽单特征准则,HIGHER,artifacts/stage10/bootstrap_individual_summary.csv,ad9bca843ff063d1a9cc26d134f8fc43b3cdeb9460f850e9e5afbda6c0d5f0b1
17,HF500-2,3,W,P_C_given_C,87869,183785,2000,0.4781075713469543,True,,2000,2000,0,1.0,True,,0.47568003636016837,0.480403341381486,0.004723305021317625,0.0024275349867859397,False,,,COMPOSITE,500000.0,500.0,2e-06,2.0,脉宽单特征准则,HIGHER,artifacts/stage10/bootstrap_individual_summary.csv,ad9bca843ff063d1a9cc26d134f8fc43b3cdeb9460f850e9e5afbda6c0d5f0b1
17,HF500-2,3,W,P_C_given_E,95940,214215,2000,0.44786779637280305,True,,2000,2000,0,1.0,True,,0.4428583915869645,0.4525403239593291,0.009681932372364588,0.005009404785838556,False,,,COMPOSITE,500000.0,500.0,2e-06,2.0,脉宽单特征准则,HIGHER,artifacts/stage10/bootstrap_individual_summary.csv,ad9bca843ff063d1a9cc26d134f8fc43b3cdeb9460f850e9e5afbda6c0d5f0b1
17,HF500-2,3,W,Mean_L_NC,215266,96991,2000,2.219443041106907,True,,2000,2000,0,1.0,True,,2.196961075440183,2.244630399830751,0.047669324390568146,0.025187358723844255,False,,,COMPOSITE,500000.0,500.0,2e-06,2.0,脉宽单特征准则,LOWER,artifacts/stage10/bootstrap_individual_summary.csv,ad9bca843ff063d1a9cc26d134f8fc43b3cdeb9460f850e9e5afbda6c0d5f0b1
17,HF500-2,4,TW,P_cor,193396,400000,2000,0.48349,True,,2000,2000,0,1.0,True,,0.48097475,0.48598025,0.005005499999999996,0.002515249999999969,True,0.02,True,COMPOSITE,500000.0,500.0,2e-06,2.0,双特征联合准则,HIGHER,artifacts/stage10/bootstrap_individual_summary.csv,ad9bca843ff063d1a9cc26d134f8fc43b3cdeb9460f850e9e5afbda6c0d5f0b1
17,HF500-2,4,TW,P_C_given_C,125479,192376,2000,0.6522591175614422,True,,2000,2000,0,1.0,True,,0.6499460258474538,0.6545945749912215,0.004648549143767777,0.002335457429779364,True,0.02,True,COMPOSITE,500000.0,500.0,2e-06,2.0,双特征联合准则,HIGHER,artifacts/stage10/bootstrap_individual_summary.csv,ad9bca843ff063d1a9cc26d134f8fc43b3cdeb9460f850e9e5afbda6c0d5f0b1
17,HF500-2,4,TW,P_C_given_E,66571,205624,2000,0.32375111854647315,True,,2000,2000,0,1.0,True,,0.32143083059563565,0.3260602184831416,0.0046293878875059424,0.0023202879508374963,True,0.02,True,COMPOSITE,500000.0,500.0,2e-06,2.0,双特征联合准则,HIGHER,artifacts/stage10/bootstrap_individual_summary.csv,ad9bca843ff063d1a9cc26d134f8fc43b3cdeb9460f850e9e5afbda6c0d5f0b1
17,HF500-2,4,TW,Mean_L_NC,206604,67551,2000,3.058489141537505,True,,2000,2000,0,1.0,True,,3.0371611962976615,3.0799922853736774,0.04283108907601596,0.021503143836172356,True,0.25,True,COMPOSITE,500000.0,500.0,2e-06,2.0,双特征联合准则,LOWER,artifacts/stage10/bootstrap_individual_summary.csv,ad9bca843ff063d1a9cc26d134f8fc43b3cdeb9460f850e9e5afbda6c0d5f0b1
18,HF500-3,0,FIRST,P_cor,28,400000,2000,7e-05,True,,2000,2000,0,1.0,True,,4.5e-05,9.75e-05,5.2499999999999995e-05,2.7500000000000004e-05,False,,,COMPOSITE,500000.0,500.0,3e-06,3.0,首脉冲准则,HIGHER,artifacts/stage10/bootstrap_individual_summary.csv,ad9bca843ff063d1a9cc26d134f8fc43b3cdeb9460f850e9e5afbda6c0d5f0b1
18,HF500-3,0,FIRST,P_C_given_C,0,28,28,0.0,True,,2000,2000,0,1.0,True,,0.0,0.0,0.0,0.0,False,,,COMPOSITE,500000.0,500.0,3e-06,3.0,首脉冲准则,HIGHER,artifacts/stage10/bootstrap_individual_summary.csv,ad9bca843ff063d1a9cc26d134f8fc43b3cdeb9460f850e9e5afbda6c0d5f0b1
18,HF500-3,0,FIRST,P_C_given_E,0,397972,2000,0.0,True,,2000,2000,0,1.0,True,,0.0,0.0,0.0,0.0,False,,,COMPOSITE,500000.0,500.0,3e-06,3.0,首脉冲准则,HIGHER,artifacts/stage10/bootstrap_individual_summary.csv,ad9bca843ff063d1a9cc26d134f8fc43b3cdeb9460f850e9e5afbda6c0d5f0b1
18,HF500-3,0,FIRST,Mean_L_NC,399972,2000,2000,199.986,True,,2000,2000,0,1.0,True,,199.9805,199.991,0.010500000000007503,0.005499999999983629,False,,,COMPOSITE,500000.0,500.0,3e-06,3.0,首脉冲准则,LOWER,artifacts/stage10/bootstrap_individual_summary.csv,ad9bca843ff063d1a9cc26d134f8fc43b3cdeb9460f850e9e5afbda6c0d5f0b1
18,HF500-3,1,LAST,P_cor,8,400000,2000,2e-05,True,,2000,2000,0,1.0,True,,7.5e-06,3.5e-05,2.7499999999999998e-05,1.4999999999999995e-05,False,,,COMPOSITE,500000.0,500.0,3e-06,3.0,末脉冲准则,HIGHER,artifacts/stage10/bootstrap_individual_summary.csv,ad9bca843ff063d1a9cc26d134f8fc43b3cdeb9460f850e9e5afbda6c0d5f0b1
18,HF500-3,1,LAST,P_C_given_C,0,8,8,0.0,True,,2000,1999,1,0.9995,True,,0.0,0.0,0.0,0.0,False,,,COMPOSITE,500000.0,500.0,3e-06,3.0,末脉冲准则,HIGHER,artifacts/stage10/bootstrap_individual_summary.csv,ad9bca843ff063d1a9cc26d134f8fc43b3cdeb9460f850e9e5afbda6c0d5f0b1
18,HF500-3,1,LAST,P_C_given_E,0,397992,2000,0.0,True,,2000,2000,0,1.0,True,,0.0,0.0,0.0,0.0,False,,,COMPOSITE,500000.0,500.0,3e-06,3.0,末脉冲准则,HIGHER,artifacts/stage10/bootstrap_individual_summary.csv,ad9bca843ff063d1a9cc26d134f8fc43b3cdeb9460f850e9e5afbda6c0d5f0b1
18,HF500-3,1,LAST,Mean_L_NC,399992,2000,2000,199.996,True,,2000,2000,0,1.0,True,,199.993,199.9985,0.005500000000012051,0.0030000000000143245,False,,,COMPOSITE,500000.0,500.0,3e-06,3.0,末脉冲准则,LOWER,artifacts/stage10/bootstrap_individual_summary.csv,ad9bca843ff063d1a9cc26d134f8fc43b3cdeb9460f850e9e5afbda6c0d5f0b1
18,HF500-3,2,T,P_cor,57425,400000,2000,0.1435625,True,,2000,2000,0,1.0,True,,0.14000393749999998,0.1470030625,0.006999125000000023,0.0035585625000000287,True,0.02,True,COMPOSITE,500000.0,500.0,3e-06,3.0,最优时序准则,HIGHER,artifacts/stage10/bootstrap_individual_summary.csv,ad9bca843ff063d1a9cc26d134f8fc43b3cdeb9460f850e9e5afbda6c0d5f0b1
18,HF500-3,2,T,P_C_given_C,20213,57203,1978,0.3533555932381169,True,,2000,2000,0,1.0,True,,0.3491349928574548,0.3575223937309968,0.008387400873542006,0.004220600380662076,True,0.02,True,COMPOSITE,500000.0,500.0,3e-06,3.0,最优时序准则,HIGHER,artifacts/stage10/bootstrap_individual_summary.csv,ad9bca843ff063d1a9cc26d134f8fc43b3cdeb9460f850e9e5afbda6c0d5f0b1
18,HF500-3,2,T,P_C_given_E,36557,340797,2000,0.10726913675883297,True,,2000,2000,0,1.0,True,,0.10419613817492887,0.11030637264477508,0.00611023446984621,0.003072998583904099,True,0.02,True,COMPOSITE,500000.0,500.0,3e-06,3.0,最优时序准则,HIGHER,artifacts/stage10/bootstrap_individual_summary.csv,ad9bca843ff063d1a9cc26d134f8fc43b3cdeb9460f850e9e5afbda6c0d5f0b1
18,HF500-3,2,T,Mean_L_NC,342575,38335,2000,8.936350593452458,True,,2000,2000,0,1.0,True,,8.700687573135353,9.184668393661973,0.48398082052661984,0.24831780020951477,True,0.25,True,COMPOSITE,500000.0,500.0,3e-06,3.0,最优时序准则,LOWER,artifacts/stage10/bootstrap_individual_summary.csv,ad9bca843ff063d1a9cc26d134f8fc43b3cdeb9460f850e9e5afbda6c0d5f0b1
18,HF500-3,3,W,P_cor,184471,400000,2000,0.4611775,True,,2000,2000,0,1.0,True,,0.4581423125,0.46410575,0.005963437500000002,0.003035187500000036,False,,,COMPOSITE,500000.0,500.0,3e-06,3.0,脉宽单特征准则,HIGHER,artifacts/stage10/bootstrap_individual_summary.csv,ad9bca843ff063d1a9cc26d134f8fc43b3cdeb9460f850e9e5afbda6c0d5f0b1
18,HF500-3,3,W,P_C_given_C,89712,183539,2000,0.48878984847906987,True,,2000,2000,0,1.0,True,,0.4864347827680847,0.49120839407921085,0.004773611311126136,0.0024185456001409866,False,,,COMPOSITE,500000.0,500.0,3e-06,3.0,脉宽单特征准则,HIGHER,artifacts/stage10/bootstrap_individual_summary.csv,ad9bca843ff063d1a9cc26d134f8fc43b3cdeb9460f850e9e5afbda6c0d5f0b1
18,HF500-3,3,W,P_C_given_E,93769,214461,2000,0.4372310116990968,True,,2000,2000,0,1.0,True,,0.4323560840724803,0.44177628373468425,0.009420199662203976,0.00487492762661651,False,,,COMPOSITE,500000.0,500.0,3e-06,3.0,脉宽单特征准则,HIGHER,artifacts/stage10/bootstrap_individual_summary.csv,ad9bca843ff063d1a9cc26d134f8fc43b3cdeb9460f850e9e5afbda6c0d5f0b1
18,HF500-3,3,W,Mean_L_NC,215529,94837,2000,2.272625662979639,True,,2000,2000,0,1.0,True,,2.2494493038984835,2.298086990236448,0.0486376863379645,0.025461327256809163,False,,,COMPOSITE,500000.0,500.0,3e-06,3.0,脉宽单特征准则,LOWER,artifacts/stage10/bootstrap_individual_summary.csv,ad9bca843ff063d1a9cc26d134f8fc43b3cdeb9460f850e9e5afbda6c0d5f0b1
18,HF500-3,4,TW,P_cor,194584,400000,2000,0.48646,True,,2000,2000,0,1.0,True,,0.48301225000000003,0.48999,0.006977749999999949,0.0035299999999999776,True,0.02,True,COMPOSITE,500000.0,500.0,3e-06,3.0,双特征联合准则,HIGHER,artifacts/stage10/bootstrap_individual_summary.csv,ad9bca843ff063d1a9cc26d134f8fc43b3cdeb9460f850e9e5afbda6c0d5f0b1
18,HF500-3,4,TW,P_C_given_C,152032,193602,2000,0.7852811437898369,True,,2000,2000,0,1.0,True,,0.7832616263839519,0.7872885555348799,0.004026929150927949,0.0020195174058850185,True,0.02,True,COMPOSITE,500000.0,500.0,3e-06,3.0,双特征联合准则,HIGHER,artifacts/stage10/bootstrap_individual_summary.csv,ad9bca843ff063d1a9cc26d134f8fc43b3cdeb9460f850e9e5afbda6c0d5f0b1
18,HF500-3,4,TW,P_C_given_E,40925,204398,2000,0.20022211567627862,True,,2000,2000,0,1.0,True,,0.19802975286505956,0.20241774998843667,0.004387997123377119,0.0021956343121580513,True,0.02,True,COMPOSITE,500000.0,500.0,3e-06,3.0,双特征联合准则,HIGHER,artifacts/stage10/bootstrap_individual_summary.csv,ad9bca843ff063d1a9cc26d134f8fc43b3cdeb9460f850e9e5afbda6c0d5f0b1
18,HF500-3,4,TW,Mean_L_NC,205416,41943,2000,4.897503755096202,True,,2000,2000,0,1.0,True,,4.846263132722085,4.950347585947586,0.10408445322550097,0.05284383085138433,True,0.25,True,COMPOSITE,500000.0,500.0,3e-06,3.0,双特征联合准则,LOWER,artifacts/stage10/bootstrap_individual_summary.csv,ad9bca843ff063d1a9cc26d134f8fc43b3cdeb9460f850e9e5afbda6c0d5f0b1
