ConditionOrdinal,ConditionCode,MethodOrdinal,MethodCode,RepeatID,WidthStratum,StratumCycleCount,StratumCorrectCount,StratumErrorCount,Stratum_C_to_E_Count
3,H300,0,FIRST,1,WIDTH_STRATUM_0NS,17,0,17,0
3,H300,0,FIRST,1,WIDTH_STRATUM_10NS,18,0,18,0
3,H300,0,FIRST,1,WIDTH_STRATUM_GE20NS,165,0,165,0
3,H300,0,FIRST,2,WIDTH_STRATUM_0NS,14,0,14,0
3,H300,0,FIRST,2,WIDTH_STRATUM_10NS,23,0,23,0
3,H300,0,FIRST,2,WIDTH_STRATUM_GE20NS,163,0,163,0
3,H300,0,FIRST,3,WIDTH_STRATUM_0NS,14,0,14,0
3,H300,0,FIRST,3,WIDTH_STRATUM_10NS,23,0,23,0
3,H300,0,FIRST,3,WIDTH_STRATUM_GE20NS,163,0,163,0
3,H300,0,FIRST,4,WIDTH_STRATUM_0NS,8,0,8,0
3,H300,0,FIRST,4,WIDTH_STRATUM_10NS,16,0,16,0
3,H300,0,FIRST,4,WIDTH_STRATUM_GE20NS,176,0,176,0
3,H300,0,FIRST,5,WIDTH_STRATUM_0NS,9,0,9,0
3,H300,0,FIRST,5,WIDTH_STRATUM_10NS,22,0,22,0
3,H300,0,FIRST,5,WIDTH_STRATUM_GE20NS,169,0,169,0
3,H300,0,FIRST,6,WIDTH_STRATUM_0NS,9,0,9,0
3,H300,0,FIRST,6,WIDTH_STRATUM_10NS,22,0,22,0
3,H300,0,FIRST,6,WIDTH_STRATUM_GE20NS,169,0,169,0
3,H300,0,FIRST,7,WIDTH_STRATUM_0NS,10,0,10,0
3,H300,0,FIRST,7,WIDTH_STRATUM_10NS,26,0,26,0
3,H300,0,FIRST,7,WIDTH_STRATUM_GE20NS,164,0,164,0
3,H300,0,FIRST,8,WIDTH_STRATUM_0NS,11,0,11,0
3,H300,0,FIRST,8,WIDTH_STRATUM_10NS,23,0,23,0
3,H300,0,FIRST,8,WIDTH_STRATUM_GE20NS,166,0,166,0
3,H300,0,FIRST,9,WIDTH_STRATUM_0NS,17,0,17,0
3,H300,0,FIRST,9,WIDTH_STRATUM_10NS,18,0,18,0
3,H300,0,FIRST,9,WIDTH_STRATUM_GE20NS,165,0,165,0
3,H300,0,FIRST,10,WIDTH_STRATUM_0NS,14,0,14,0
3,H300,0,FIRST,10,WIDTH_STRATUM_10NS,18,0,18,0
3,H300,0,FIRST,10,WIDTH_STRATUM_GE20NS,168,0,168,0
3,H300,0,FIRST,11,WIDTH_STRATUM_0NS,14,0,14,0
3,H300,0,FIRST,11,WIDTH_STRATUM_10NS,25,0,25,0
3,H300,0,FIRST,11,WIDTH_STRATUM_GE20NS,161,0,161,0
3,H300,0,FIRST,12,WIDTH_STRATUM_0NS,18,0,18,0
3,H300,0,FIRST,12,WIDTH_STRATUM_10NS,29,0,29,0
3,H300,0,FIRST,12,WIDTH_STRATUM_GE20NS,153,0,153,0
3,H300,0,FIRST,13,WIDTH_STRATUM_0NS,11,0,11,0
3,H300,0,FIRST,13,WIDTH_STRATUM_10NS,32,0,32,0
3,H300,0,FIRST,13,WIDTH_STRATUM_GE20NS,157,0,157,0
3,H300,0,FIRST,14,WIDTH_STRATUM_0NS,18,0,18,0
3,H300,0,FIRST,14,WIDTH_STRATUM_10NS,29,0,29,0
3,H300,0,FIRST,14,WIDTH_STRATUM_GE20NS,153,0,153,0
3,H300,0,FIRST,15,WIDTH_STRATUM_0NS,10,0,10,0
3,H300,0,FIRST,15,WIDTH_STRATUM_10NS,26,0,26,0
3,H300,0,FIRST,15,WIDTH_STRATUM_GE20NS,164,0,164,0
3,H300,0,FIRST,16,WIDTH_STRATUM_0NS,12,0,12,0
3,H300,0,FIRST,16,WIDTH_STRATUM_10NS,11,0,11,0
3,H300,0,FIRST,16,WIDTH_STRATUM_GE20NS,177,0,177,0
3,H300,0,FIRST,17,WIDTH_STRATUM_0NS,11,0,11,0
3,H300,0,FIRST,17,WIDTH_STRATUM_10NS,23,0,23,0
3,H300,0,FIRST,17,WIDTH_STRATUM_GE20NS,166,0,166,0
3,H300,0,FIRST,18,WIDTH_STRATUM_0NS,14,0,14,0
3,H300,0,FIRST,18,WIDTH_STRATUM_10NS,18,0,18,0
3,H300,0,FIRST,18,WIDTH_STRATUM_GE20NS,168,0,168,0
3,H300,0,FIRST,19,WIDTH_STRATUM_0NS,18,0,18,0
3,H300,0,FIRST,19,WIDTH_STRATUM_10NS,32,0,32,0
3,H300,0,FIRST,19,WIDTH_STRATUM_GE20NS,150,0,150,0
3,H300,0,FIRST,20,WIDTH_STRATUM_0NS,10,0,10,0
3,H300,0,FIRST,20,WIDTH_STRATUM_10NS,26,0,26,0
3,H300,0,FIRST,20,WIDTH_STRATUM_GE20NS,164,0,164,0
3,H300,0,FIRST,21,WIDTH_STRATUM_0NS,8,0,8,0
3,H300,0,FIRST,21,WIDTH_STRATUM_10NS,16,0,16,0
3,H300,0,FIRST,21,WIDTH_STRATUM_GE20NS,176,0,176,0
3,H300,0,FIRST,22,WIDTH_STRATUM_0NS,14,0,14,0
3,H300,0,FIRST,22,WIDTH_STRATUM_10NS,23,0,23,0
3,H300,0,FIRST,22,WIDTH_STRATUM_GE20NS,163,0,163,0
3,H300,0,FIRST,23,WIDTH_STRATUM_0NS,11,0,11,0
3,H300,0,FIRST,23,WIDTH_STRATUM_10NS,28,0,28,0
3,H300,0,FIRST,23,WIDTH_STRATUM_GE20NS,161,0,161,0
3,H300,0,FIRST,24,WIDTH_STRATUM_0NS,11,0,11,0
3,H300,0,FIRST,24,WIDTH_STRATUM_10NS,28,0,28,0
3,H300,0,FIRST,24,WIDTH_STRATUM_GE20NS,161,0,161,0
3,H300,0,FIRST,25,WIDTH_STRATUM_0NS,18,0,18,0
3,H300,0,FIRST,25,WIDTH_STRATUM_10NS,32,0,32,0
3,H300,0,FIRST,25,WIDTH_STRATUM_GE20NS,150,0,150,0
3,H300,0,FIRST,26,WIDTH_STRATUM_0NS,9,0,9,0
3,H300,0,FIRST,26,WIDTH_STRATUM_10NS,22,0,22,0
3,H300,0,FIRST,26,WIDTH_STRATUM_GE20NS,169,0,169,0
3,H300,0,FIRST,27,WIDTH_STRATUM_0NS,11,0,11,0
3,H300,0,FIRST,27,WIDTH_STRATUM_10NS,23,0,23,0
3,H300,0,FIRST,27,WIDTH_STRATUM_GE20NS,166,0,166,0
3,H300,0,FIRST,28,WIDTH_STRATUM_0NS,17,0,17,0
3,H300,0,FIRST,28,WIDTH_STRATUM_10NS,18,0,18,0
3,H300,0,FIRST,28,WIDTH_STRATUM_GE20NS,165,0,165,0
3,H300,0,FIRST,29,WIDTH_STRATUM_0NS,12,0,12,0
3,H300,0,FIRST,29,WIDTH_STRATUM_10NS,11,0,11,0
3,H300,0,FIRST,29,WIDTH_STRATUM_GE20NS,177,0,177,0
3,H300,0,FIRST,30,WIDTH_STRATUM_0NS,12,0,12,0
3,H300,0,FIRST,30,WIDTH_STRATUM_10NS,11,0,11,0
3,H300,0,FIRST,30,WIDTH_STRATUM_GE20NS,177,0,177,0
3,H300,0,FIRST,31,WIDTH_STRATUM_0NS,12,0,12,0
3,H300,0,FIRST,31,WIDTH_STRATUM_10NS,11,0,11,0
3,H300,0,FIRST,31,WIDTH_STRATUM_GE20NS,177,0,177,0
3,H300,0,FIRST,32,WIDTH_STRATUM_0NS,18,0,18,0
3,H300,0,FIRST,32,WIDTH_STRATUM_10NS,32,0,32,0
3,H300,0,FIRST,32,WIDTH_STRATUM_GE20NS,150,1,149,1
3,H300,0,FIRST,33,WIDTH_STRATUM_0NS,11,0,11,0
3,H300,0,FIRST,33,WIDTH_STRATUM_10NS,25,0,25,0
3,H300,0,FIRST,33,WIDTH_STRATUM_GE20NS,164,0,164,0
3,H300,0,FIRST,34,WIDTH_STRATUM_0NS,11,0,11,0
3,H300,0,FIRST,34,WIDTH_STRATUM_10NS,25,1,24,1
3,H300,0,FIRST,34,WIDTH_STRATUM_GE20NS,164,0,164,0
3,H300,0,FIRST,35,WIDTH_STRATUM_0NS,11,0,11,0
3,H300,0,FIRST,35,WIDTH_STRATUM_10NS,25,0,25,0
3,H300,0,FIRST,35,WIDTH_STRATUM_GE20NS,164,0,164,0
3,H300,0,FIRST,36,WIDTH_STRATUM_0NS,15,0,15,0
3,H300,0,FIRST,36,WIDTH_STRATUM_10NS,21,0,21,0
3,H300,0,FIRST,36,WIDTH_STRATUM_GE20NS,164,0,164,0
3,H300,0,FIRST,37,WIDTH_STRATUM_0NS,11,0,11,0
3,H300,0,FIRST,37,WIDTH_STRATUM_10NS,23,0,23,0
3,H300,0,FIRST,37,WIDTH_STRATUM_GE20NS,166,0,166,0
3,H300,0,FIRST,38,WIDTH_STRATUM_0NS,11,0,11,0
3,H300,0,FIRST,38,WIDTH_STRATUM_10NS,23,0,23,0
3,H300,0,FIRST,38,WIDTH_STRATUM_GE20NS,166,0,166,0
3,H300,0,FIRST,39,WIDTH_STRATUM_0NS,17,0,17,0
3,H300,0,FIRST,39,WIDTH_STRATUM_10NS,18,0,18,0
3,H300,0,FIRST,39,WIDTH_STRATUM_GE20NS,165,0,165,0
3,H300,0,FIRST,40,WIDTH_STRATUM_0NS,10,0,10,0
3,H300,0,FIRST,40,WIDTH_STRATUM_10NS,26,0,26,0
3,H300,0,FIRST,40,WIDTH_STRATUM_GE20NS,164,0,164,0
3,H300,0,FIRST,41,WIDTH_STRATUM_0NS,7,0,7,0
3,H300,0,FIRST,41,WIDTH_STRATUM_10NS,25,0,25,0
3,H300,0,FIRST,41,WIDTH_STRATUM_GE20NS,168,0,168,0
3,H300,0,FIRST,42,WIDTH_STRATUM_0NS,14,0,14,0
3,H300,0,FIRST,42,WIDTH_STRATUM_10NS,18,0,18,0
3,H300,0,FIRST,42,WIDTH_STRATUM_GE20NS,168,0,168,0
3,H300,0,FIRST,43,WIDTH_STRATUM_0NS,10,0,10,0
3,H300,0,FIRST,43,WIDTH_STRATUM_10NS,26,0,26,0
3,H300,0,FIRST,43,WIDTH_STRATUM_GE20NS,164,0,164,0
3,H300,0,FIRST,44,WIDTH_STRATUM_0NS,18,0,18,0
3,H300,0,FIRST,44,WIDTH_STRATUM_10NS,32,0,32,0
3,H300,0,FIRST,44,WIDTH_STRATUM_GE20NS,150,1,149,1
3,H300,0,FIRST,45,WIDTH_STRATUM_0NS,12,0,12,0
3,H300,0,FIRST,45,WIDTH_STRATUM_10NS,11,0,11,0
3,H300,0,FIRST,45,WIDTH_STRATUM_GE20NS,177,0,177,0
3,H300,0,FIRST,46,WIDTH_STRATUM_0NS,18,0,18,0
3,H300,0,FIRST,46,WIDTH_STRATUM_10NS,29,0,29,0
3,H300,0,FIRST,46,WIDTH_STRATUM_GE20NS,153,0,153,0
3,H300,0,FIRST,47,WIDTH_STRATUM_0NS,10,0,10,0
3,H300,0,FIRST,47,WIDTH_STRATUM_10NS,26,0,26,0
3,H300,0,FIRST,47,WIDTH_STRATUM_GE20NS,164,0,164,0
3,H300,0,FIRST,48,WIDTH_STRATUM_0NS,11,0,11,0
3,H300,0,FIRST,48,WIDTH_STRATUM_10NS,23,0,23,0
3,H300,0,FIRST,48,WIDTH_STRATUM_GE20NS,166,0,166,0
3,H300,0,FIRST,49,WIDTH_STRATUM_0NS,18,0,18,0
3,H300,0,FIRST,49,WIDTH_STRATUM_10NS,32,0,32,0
3,H300,0,FIRST,49,WIDTH_STRATUM_GE20NS,150,0,150,0
3,H300,0,FIRST,50,WIDTH_STRATUM_0NS,18,0,18,0
3,H300,0,FIRST,50,WIDTH_STRATUM_10NS,29,0,29,0
3,H300,0,FIRST,50,WIDTH_STRATUM_GE20NS,153,0,153,0
3,H300,0,FIRST,51,WIDTH_STRATUM_0NS,11,0,11,0
3,H300,0,FIRST,51,WIDTH_STRATUM_10NS,28,0,28,0
3,H300,0,FIRST,51,WIDTH_STRATUM_GE20NS,161,0,161,0
3,H300,0,FIRST,52,WIDTH_STRATUM_0NS,14,0,14,0
3,H300,0,FIRST,52,WIDTH_STRATUM_10NS,25,0,25,0
3,H300,0,FIRST,52,WIDTH_STRATUM_GE20NS,161,0,161,0
3,H300,0,FIRST,53,WIDTH_STRATUM_0NS,11,0,11,0
3,H300,0,FIRST,53,WIDTH_STRATUM_10NS,32,0,32,0
3,H300,0,FIRST,53,WIDTH_STRATUM_GE20NS,157,0,157,0
3,H300,0,FIRST,54,WIDTH_STRATUM_0NS,14,0,14,0
3,H300,0,FIRST,54,WIDTH_STRATUM_10NS,25,0,25,0
3,H300,0,FIRST,54,WIDTH_STRATUM_GE20NS,161,0,161,0
3,H300,0,FIRST,55,WIDTH_STRATUM_0NS,12,0,12,0
3,H300,0,FIRST,55,WIDTH_STRATUM_10NS,11,0,11,0
3,H300,0,FIRST,55,WIDTH_STRATUM_GE20NS,177,0,177,0
3,H300,0,FIRST,56,WIDTH_STRATUM_0NS,11,0,11,0
3,H300,0,FIRST,56,WIDTH_STRATUM_10NS,28,0,28,0
3,H300,0,FIRST,56,WIDTH_STRATUM_GE20NS,161,0,161,0
3,H300,0,FIRST,57,WIDTH_STRATUM_0NS,15,0,15,0
3,H300,0,FIRST,57,WIDTH_STRATUM_10NS,21,0,21,0
3,H300,0,FIRST,57,WIDTH_STRATUM_GE20NS,164,0,164,0
3,H300,0,FIRST,58,WIDTH_STRATUM_0NS,12,0,12,0
3,H300,0,FIRST,58,WIDTH_STRATUM_10NS,11,0,11,0
3,H300,0,FIRST,58,WIDTH_STRATUM_GE20NS,177,0,177,0
3,H300,0,FIRST,59,WIDTH_STRATUM_0NS,18,0,18,0
3,H300,0,FIRST,59,WIDTH_STRATUM_10NS,32,0,32,0
3,H300,0,FIRST,59,WIDTH_STRATUM_GE20NS,150,0,150,0
3,H300,0,FIRST,60,WIDTH_STRATUM_0NS,8,0,8,0
3,H300,0,FIRST,60,WIDTH_STRATUM_10NS,16,0,16,0
3,H300,0,FIRST,60,WIDTH_STRATUM_GE20NS,176,0,176,0
3,H300,0,FIRST,61,WIDTH_STRATUM_0NS,11,0,11,0
3,H300,0,FIRST,61,WIDTH_STRATUM_10NS,28,0,28,0
3,H300,0,FIRST,61,WIDTH_STRATUM_GE20NS,161,1,160,1
3,H300,0,FIRST,62,WIDTH_STRATUM_0NS,14,0,14,0
3,H300,0,FIRST,62,WIDTH_STRATUM_10NS,25,0,25,0
3,H300,0,FIRST,62,WIDTH_STRATUM_GE20NS,161,0,161,0
3,H300,0,FIRST,63,WIDTH_STRATUM_0NS,11,0,11,0
3,H300,0,FIRST,63,WIDTH_STRATUM_10NS,23,0,23,0
3,H300,0,FIRST,63,WIDTH_STRATUM_GE20NS,166,0,166,0
3,H300,0,FIRST,64,WIDTH_STRATUM_0NS,14,0,14,0
3,H300,0,FIRST,64,WIDTH_STRATUM_10NS,23,0,23,0
3,H300,0,FIRST,64,WIDTH_STRATUM_GE20NS,163,0,163,0
3,H300,0,FIRST,65,WIDTH_STRATUM_0NS,14,0,14,0
3,H300,0,FIRST,65,WIDTH_STRATUM_10NS,25,0,25,0
3,H300,0,FIRST,65,WIDTH_STRATUM_GE20NS,161,0,161,0
3,H300,0,FIRST,66,WIDTH_STRATUM_0NS,18,0,18,0
3,H300,0,FIRST,66,WIDTH_STRATUM_10NS,32,0,32,0
3,H300,0,FIRST,66,WIDTH_STRATUM_GE20NS,150,0,150,0
3,H300,0,FIRST,67,WIDTH_STRATUM_0NS,12,0,12,0
3,H300,0,FIRST,67,WIDTH_STRATUM_10NS,11,0,11,0
3,H300,0,FIRST,67,WIDTH_STRATUM_GE20NS,177,0,177,0
3,H300,0,FIRST,68,WIDTH_STRATUM_0NS,11,0,11,0
3,H300,0,FIRST,68,WIDTH_STRATUM_10NS,25,0,25,0
3,H300,0,FIRST,68,WIDTH_STRATUM_GE20NS,164,0,164,0
3,H300,0,FIRST,69,WIDTH_STRATUM_0NS,18,0,18,0
3,H300,0,FIRST,69,WIDTH_STRATUM_10NS,29,0,29,0
3,H300,0,FIRST,69,WIDTH_STRATUM_GE20NS,153,0,153,0
3,H300,0,FIRST,70,WIDTH_STRATUM_0NS,17,0,17,0
3,H300,0,FIRST,70,WIDTH_STRATUM_10NS,18,0,18,0
3,H300,0,FIRST,70,WIDTH_STRATUM_GE20NS,165,0,165,0
3,H300,0,FIRST,71,WIDTH_STRATUM_0NS,15,0,15,0
3,H300,0,FIRST,71,WIDTH_STRATUM_10NS,21,0,21,0
3,H300,0,FIRST,71,WIDTH_STRATUM_GE20NS,164,0,164,0
3,H300,0,FIRST,72,WIDTH_STRATUM_0NS,18,0,18,0
3,H300,0,FIRST,72,WIDTH_STRATUM_10NS,32,0,32,0
3,H300,0,FIRST,72,WIDTH_STRATUM_GE20NS,150,0,150,0
3,H300,0,FIRST,73,WIDTH_STRATUM_0NS,18,0,18,0
3,H300,0,FIRST,73,WIDTH_STRATUM_10NS,32,0,32,0
3,H300,0,FIRST,73,WIDTH_STRATUM_GE20NS,150,0,150,0
3,H300,0,FIRST,74,WIDTH_STRATUM_0NS,11,0,11,0
3,H300,0,FIRST,74,WIDTH_STRATUM_10NS,32,0,32,0
3,H300,0,FIRST,74,WIDTH_STRATUM_GE20NS,157,0,157,0
3,H300,0,FIRST,75,WIDTH_STRATUM_0NS,14,0,14,0
3,H300,0,FIRST,75,WIDTH_STRATUM_10NS,18,0,18,0
3,H300,0,FIRST,75,WIDTH_STRATUM_GE20NS,168,0,168,0
3,H300,0,FIRST,76,WIDTH_STRATUM_0NS,8,0,8,0
3,H300,0,FIRST,76,WIDTH_STRATUM_10NS,16,0,16,0
3,H300,0,FIRST,76,WIDTH_STRATUM_GE20NS,176,0,176,0
3,H300,0,FIRST,77,WIDTH_STRATUM_0NS,11,0,11,0
3,H300,0,FIRST,77,WIDTH_STRATUM_10NS,25,0,25,0
3,H300,0,FIRST,77,WIDTH_STRATUM_GE20NS,164,0,164,0
3,H300,0,FIRST,78,WIDTH_STRATUM_0NS,7,0,7,0
3,H300,0,FIRST,78,WIDTH_STRATUM_10NS,25,0,25,0
3,H300,0,FIRST,78,WIDTH_STRATUM_GE20NS,168,0,168,0
3,H300,0,FIRST,79,WIDTH_STRATUM_0NS,18,0,18,0
3,H300,0,FIRST,79,WIDTH_STRATUM_10NS,29,0,29,0
3,H300,0,FIRST,79,WIDTH_STRATUM_GE20NS,153,0,153,0
3,H300,0,FIRST,80,WIDTH_STRATUM_0NS,10,0,10,0
3,H300,0,FIRST,80,WIDTH_STRATUM_10NS,26,0,26,0
3,H300,0,FIRST,80,WIDTH_STRATUM_GE20NS,164,0,164,0
3,H300,0,FIRST,81,WIDTH_STRATUM_0NS,12,0,12,0
3,H300,0,FIRST,81,WIDTH_STRATUM_10NS,11,0,11,0
3,H300,0,FIRST,81,WIDTH_STRATUM_GE20NS,177,0,177,0
3,H300,0,FIRST,82,WIDTH_STRATUM_0NS,12,0,12,0
3,H300,0,FIRST,82,WIDTH_STRATUM_10NS,11,0,11,0
3,H300,0,FIRST,82,WIDTH_STRATUM_GE20NS,177,0,177,0
3,H300,0,FIRST,83,WIDTH_STRATUM_0NS,10,0,10,0
3,H300,0,FIRST,83,WIDTH_STRATUM_10NS,26,0,26,0
3,H300,0,FIRST,83,WIDTH_STRATUM_GE20NS,164,0,164,0
3,H300,0,FIRST,84,WIDTH_STRATUM_0NS,11,0,11,0
3,H300,0,FIRST,84,WIDTH_STRATUM_10NS,28,0,28,0
3,H300,0,FIRST,84,WIDTH_STRATUM_GE20NS,161,1,160,1
3,H300,0,FIRST,85,WIDTH_STRATUM_0NS,15,0,15,0
3,H300,0,FIRST,85,WIDTH_STRATUM_10NS,21,0,21,0
3,H300,0,FIRST,85,WIDTH_STRATUM_GE20NS,164,0,164,0
3,H300,0,FIRST,86,WIDTH_STRATUM_0NS,11,0,11,0
3,H300,0,FIRST,86,WIDTH_STRATUM_10NS,23,0,23,0
3,H300,0,FIRST,86,WIDTH_STRATUM_GE20NS,166,0,166,0
3,H300,0,FIRST,87,WIDTH_STRATUM_0NS,10,0,10,0
3,H300,0,FIRST,87,WIDTH_STRATUM_10NS,26,0,26,0
3,H300,0,FIRST,87,WIDTH_STRATUM_GE20NS,164,0,164,0
3,H300,0,FIRST,88,WIDTH_STRATUM_0NS,14,0,14,0
3,H300,0,FIRST,88,WIDTH_STRATUM_10NS,25,0,25,0
3,H300,0,FIRST,88,WIDTH_STRATUM_GE20NS,161,0,161,0
3,H300,0,FIRST,89,WIDTH_STRATUM_0NS,14,0,14,0
3,H300,0,FIRST,89,WIDTH_STRATUM_10NS,18,0,18,0
3,H300,0,FIRST,89,WIDTH_STRATUM_GE20NS,168,0,168,0
3,H300,0,FIRST,90,WIDTH_STRATUM_0NS,7,0,7,0
3,H300,0,FIRST,90,WIDTH_STRATUM_10NS,25,0,25,0
3,H300,0,FIRST,90,WIDTH_STRATUM_GE20NS,168,0,168,0
3,H300,0,FIRST,91,WIDTH_STRATUM_0NS,18,0,18,0
3,H300,0,FIRST,91,WIDTH_STRATUM_10NS,32,0,32,0
3,H300,0,FIRST,91,WIDTH_STRATUM_GE20NS,150,0,150,0
3,H300,0,FIRST,92,WIDTH_STRATUM_0NS,11,0,11,0
3,H300,0,FIRST,92,WIDTH_STRATUM_10NS,23,0,23,0
3,H300,0,FIRST,92,WIDTH_STRATUM_GE20NS,166,0,166,0
3,H300,0,FIRST,93,WIDTH_STRATUM_0NS,18,0,18,0
3,H300,0,FIRST,93,WIDTH_STRATUM_10NS,32,0,32,0
3,H300,0,FIRST,93,WIDTH_STRATUM_GE20NS,150,0,150,0
3,H300,0,FIRST,94,WIDTH_STRATUM_0NS,11,0,11,0
3,H300,0,FIRST,94,WIDTH_STRATUM_10NS,32,0,32,0
3,H300,0,FIRST,94,WIDTH_STRATUM_GE20NS,157,0,157,0
3,H300,0,FIRST,95,WIDTH_STRATUM_0NS,14,0,14,0
3,H300,0,FIRST,95,WIDTH_STRATUM_10NS,25,0,25,0
3,H300,0,FIRST,95,WIDTH_STRATUM_GE20NS,161,0,161,0
3,H300,0,FIRST,96,WIDTH_STRATUM_0NS,15,0,15,0
3,H300,0,FIRST,96,WIDTH_STRATUM_10NS,21,0,21,0
3,H300,0,FIRST,96,WIDTH_STRATUM_GE20NS,164,0,164,0
3,H300,0,FIRST,97,WIDTH_STRATUM_0NS,11,0,11,0
3,H300,0,FIRST,97,WIDTH_STRATUM_10NS,28,0,28,0
3,H300,0,FIRST,97,WIDTH_STRATUM_GE20NS,161,0,161,0
3,H300,0,FIRST,98,WIDTH_STRATUM_0NS,10,0,10,0
3,H300,0,FIRST,98,WIDTH_STRATUM_10NS,26,0,26,0
3,H300,0,FIRST,98,WIDTH_STRATUM_GE20NS,164,0,164,0
3,H300,0,FIRST,99,WIDTH_STRATUM_0NS,18,0,18,0
3,H300,0,FIRST,99,WIDTH_STRATUM_10NS,32,0,32,0
3,H300,0,FIRST,99,WIDTH_STRATUM_GE20NS,150,0,150,0
3,H300,0,FIRST,100,WIDTH_STRATUM_0NS,18,0,18,0
3,H300,0,FIRST,100,WIDTH_STRATUM_10NS,29,0,29,0
3,H300,0,FIRST,100,WIDTH_STRATUM_GE20NS,153,0,153,0
3,H300,0,FIRST,101,WIDTH_STRATUM_0NS,11,0,11,0
3,H300,0,FIRST,101,WIDTH_STRATUM_10NS,28,0,28,0
3,H300,0,FIRST,101,WIDTH_STRATUM_GE20NS,161,0,161,0
3,H300,0,FIRST,102,WIDTH_STRATUM_0NS,10,0,10,0
3,H300,0,FIRST,102,WIDTH_STRATUM_10NS,26,0,26,0
3,H300,0,FIRST,102,WIDTH_STRATUM_GE20NS,164,0,164,0
3,H300,0,FIRST,103,WIDTH_STRATUM_0NS,18,0,18,0
3,H300,0,FIRST,103,WIDTH_STRATUM_10NS,32,0,32,0
3,H300,0,FIRST,103,WIDTH_STRATUM_GE20NS,150,0,150,0
3,H300,0,FIRST,104,WIDTH_STRATUM_0NS,10,0,10,0
3,H300,0,FIRST,104,WIDTH_STRATUM_10NS,26,0,26,0
3,H300,0,FIRST,104,WIDTH_STRATUM_GE20NS,164,0,164,0
3,H300,0,FIRST,105,WIDTH_STRATUM_0NS,15,0,15,0
3,H300,0,FIRST,105,WIDTH_STRATUM_10NS,21,0,21,0
3,H300,0,FIRST,105,WIDTH_STRATUM_GE20NS,164,0,164,0
3,H300,0,FIRST,106,WIDTH_STRATUM_0NS,14,0,14,0
3,H300,0,FIRST,106,WIDTH_STRATUM_10NS,23,0,23,0
3,H300,0,FIRST,106,WIDTH_STRATUM_GE20NS,163,0,163,0
3,H300,0,FIRST,107,WIDTH_STRATUM_0NS,17,0,17,0
3,H300,0,FIRST,107,WIDTH_STRATUM_10NS,18,0,18,0
3,H300,0,FIRST,107,WIDTH_STRATUM_GE20NS,165,0,165,0
3,H300,0,FIRST,108,WIDTH_STRATUM_0NS,7,0,7,0
3,H300,0,FIRST,108,WIDTH_STRATUM_10NS,25,0,25,0
3,H300,0,FIRST,108,WIDTH_STRATUM_GE20NS,168,0,168,0
3,H300,0,FIRST,109,WIDTH_STRATUM_0NS,18,0,18,0
3,H300,0,FIRST,109,WIDTH_STRATUM_10NS,29,0,29,0
3,H300,0,FIRST,109,WIDTH_STRATUM_GE20NS,153,0,153,0
3,H300,0,FIRST,110,WIDTH_STRATUM_0NS,14,0,14,0
3,H300,0,FIRST,110,WIDTH_STRATUM_10NS,25,0,25,0
3,H300,0,FIRST,110,WIDTH_STRATUM_GE20NS,161,0,161,0
3,H300,0,FIRST,111,WIDTH_STRATUM_0NS,15,0,15,0
3,H300,0,FIRST,111,WIDTH_STRATUM_10NS,21,0,21,0
3,H300,0,FIRST,111,WIDTH_STRATUM_GE20NS,164,0,164,0
3,H300,0,FIRST,112,WIDTH_STRATUM_0NS,9,0,9,0
3,H300,0,FIRST,112,WIDTH_STRATUM_10NS,22,0,22,0
3,H300,0,FIRST,112,WIDTH_STRATUM_GE20NS,169,0,169,0
3,H300,0,FIRST,113,WIDTH_STRATUM_0NS,14,0,14,0
3,H300,0,FIRST,113,WIDTH_STRATUM_10NS,25,0,25,0
3,H300,0,FIRST,113,WIDTH_STRATUM_GE20NS,161,0,161,0
3,H300,0,FIRST,114,WIDTH_STRATUM_0NS,18,0,18,0
3,H300,0,FIRST,114,WIDTH_STRATUM_10NS,29,0,29,0
3,H300,0,FIRST,114,WIDTH_STRATUM_GE20NS,153,0,153,0
3,H300,0,FIRST,115,WIDTH_STRATUM_0NS,11,0,11,0
3,H300,0,FIRST,115,WIDTH_STRATUM_10NS,28,0,28,0
3,H300,0,FIRST,115,WIDTH_STRATUM_GE20NS,161,0,161,0
3,H300,0,FIRST,116,WIDTH_STRATUM_0NS,11,0,11,0
3,H300,0,FIRST,116,WIDTH_STRATUM_10NS,23,0,23,0
3,H300,0,FIRST,116,WIDTH_STRATUM_GE20NS,166,0,166,0
3,H300,0,FIRST,117,WIDTH_STRATUM_0NS,11,0,11,0
3,H300,0,FIRST,117,WIDTH_STRATUM_10NS,32,0,32,0
3,H300,0,FIRST,117,WIDTH_STRATUM_GE20NS,157,0,157,0
3,H300,0,FIRST,118,WIDTH_STRATUM_0NS,14,0,14,0
3,H300,0,FIRST,118,WIDTH_STRATUM_10NS,23,0,23,0
3,H300,0,FIRST,118,WIDTH_STRATUM_GE20NS,163,0,163,0
3,H300,0,FIRST,119,WIDTH_STRATUM_0NS,17,0,17,0
3,H300,0,FIRST,119,WIDTH_STRATUM_10NS,18,0,18,0
3,H300,0,FIRST,119,WIDTH_STRATUM_GE20NS,165,0,165,0
3,H300,0,FIRST,120,WIDTH_STRATUM_0NS,14,0,14,0
3,H300,0,FIRST,120,WIDTH_STRATUM_10NS,18,0,18,0
3,H300,0,FIRST,120,WIDTH_STRATUM_GE20NS,168,0,168,0
3,H300,0,FIRST,121,WIDTH_STRATUM_0NS,9,0,9,0
3,H300,0,FIRST,121,WIDTH_STRATUM_10NS,22,0,22,0
3,H300,0,FIRST,121,WIDTH_STRATUM_GE20NS,169,0,169,0
3,H300,0,FIRST,122,WIDTH_STRATUM_0NS,9,0,9,0
3,H300,0,FIRST,122,WIDTH_STRATUM_10NS,22,0,22,0
3,H300,0,FIRST,122,WIDTH_STRATUM_GE20NS,169,0,169,0
3,H300,0,FIRST,123,WIDTH_STRATUM_0NS,7,0,7,0
3,H300,0,FIRST,123,WIDTH_STRATUM_10NS,25,0,25,0
3,H300,0,FIRST,123,WIDTH_STRATUM_GE20NS,168,0,168,0
3,H300,0,FIRST,124,WIDTH_STRATUM_0NS,11,0,11,0
3,H300,0,FIRST,124,WIDTH_STRATUM_10NS,25,1,24,1
3,H300,0,FIRST,124,WIDTH_STRATUM_GE20NS,164,0,164,0
3,H300,0,FIRST,125,WIDTH_STRATUM_0NS,14,0,14,0
3,H300,0,FIRST,125,WIDTH_STRATUM_10NS,18,0,18,0
3,H300,0,FIRST,125,WIDTH_STRATUM_GE20NS,168,0,168,0
3,H300,0,FIRST,126,WIDTH_STRATUM_0NS,11,0,11,0
3,H300,0,FIRST,126,WIDTH_STRATUM_10NS,25,0,25,0
3,H300,0,FIRST,126,WIDTH_STRATUM_GE20NS,164,0,164,0
3,H300,0,FIRST,127,WIDTH_STRATUM_0NS,15,0,15,0
3,H300,0,FIRST,127,WIDTH_STRATUM_10NS,21,0,21,0
3,H300,0,FIRST,127,WIDTH_STRATUM_GE20NS,164,0,164,0
3,H300,0,FIRST,128,WIDTH_STRATUM_0NS,17,0,17,0
3,H300,0,FIRST,128,WIDTH_STRATUM_10NS,18,0,18,0
3,H300,0,FIRST,128,WIDTH_STRATUM_GE20NS,165,1,164,1
3,H300,0,FIRST,129,WIDTH_STRATUM_0NS,14,0,14,0
3,H300,0,FIRST,129,WIDTH_STRATUM_10NS,23,0,23,0
3,H300,0,FIRST,129,WIDTH_STRATUM_GE20NS,163,0,163,0
3,H300,0,FIRST,130,WIDTH_STRATUM_0NS,11,0,11,0
3,H300,0,FIRST,130,WIDTH_STRATUM_10NS,32,0,32,0
3,H300,0,FIRST,130,WIDTH_STRATUM_GE20NS,157,0,157,0
3,H300,0,FIRST,131,WIDTH_STRATUM_0NS,14,0,14,0
3,H300,0,FIRST,131,WIDTH_STRATUM_10NS,25,0,25,0
3,H300,0,FIRST,131,WIDTH_STRATUM_GE20NS,161,0,161,0
3,H300,0,FIRST,132,WIDTH_STRATUM_0NS,11,0,11,0
3,H300,0,FIRST,132,WIDTH_STRATUM_10NS,25,0,25,0
3,H300,0,FIRST,132,WIDTH_STRATUM_GE20NS,164,0,164,0
3,H300,0,FIRST,133,WIDTH_STRATUM_0NS,11,0,11,0
3,H300,0,FIRST,133,WIDTH_STRATUM_10NS,25,0,25,0
3,H300,0,FIRST,133,WIDTH_STRATUM_GE20NS,164,0,164,0
3,H300,0,FIRST,134,WIDTH_STRATUM_0NS,11,0,11,0
3,H300,0,FIRST,134,WIDTH_STRATUM_10NS,32,0,32,0
3,H300,0,FIRST,134,WIDTH_STRATUM_GE20NS,157,0,157,0
3,H300,0,FIRST,135,WIDTH_STRATUM_0NS,14,0,14,0
3,H300,0,FIRST,135,WIDTH_STRATUM_10NS,25,0,25,0
3,H300,0,FIRST,135,WIDTH_STRATUM_GE20NS,161,0,161,0
3,H300,0,FIRST,136,WIDTH_STRATUM_0NS,11,0,11,0
3,H300,0,FIRST,136,WIDTH_STRATUM_10NS,28,0,28,0
3,H300,0,FIRST,136,WIDTH_STRATUM_GE20NS,161,0,161,0
3,H300,0,FIRST,137,WIDTH_STRATUM_0NS,8,0,8,0
3,H300,0,FIRST,137,WIDTH_STRATUM_10NS,16,0,16,0
3,H300,0,FIRST,137,WIDTH_STRATUM_GE20NS,176,0,176,0
3,H300,0,FIRST,138,WIDTH_STRATUM_0NS,12,0,12,0
3,H300,0,FIRST,138,WIDTH_STRATUM_10NS,11,0,11,0
3,H300,0,FIRST,138,WIDTH_STRATUM_GE20NS,177,0,177,0
3,H300,0,FIRST,139,WIDTH_STRATUM_0NS,12,0,12,0
3,H300,0,FIRST,139,WIDTH_STRATUM_10NS,11,0,11,0
3,H300,0,FIRST,139,WIDTH_STRATUM_GE20NS,177,0,177,0
3,H300,0,FIRST,140,WIDTH_STRATUM_0NS,18,0,18,0
3,H300,0,FIRST,140,WIDTH_STRATUM_10NS,29,0,29,0
3,H300,0,FIRST,140,WIDTH_STRATUM_GE20NS,153,0,153,0
3,H300,0,FIRST,141,WIDTH_STRATUM_0NS,18,0,18,0
3,H300,0,FIRST,141,WIDTH_STRATUM_10NS,29,0,29,0
3,H300,0,FIRST,141,WIDTH_STRATUM_GE20NS,153,0,153,0
3,H300,0,FIRST,142,WIDTH_STRATUM_0NS,14,0,14,0
3,H300,0,FIRST,142,WIDTH_STRATUM_10NS,18,0,18,0
3,H300,0,FIRST,142,WIDTH_STRATUM_GE20NS,168,0,168,0
3,H300,0,FIRST,143,WIDTH_STRATUM_0NS,18,0,18,0
3,H300,0,FIRST,143,WIDTH_STRATUM_10NS,32,0,32,0
3,H300,0,FIRST,143,WIDTH_STRATUM_GE20NS,150,0,150,0
3,H300,0,FIRST,144,WIDTH_STRATUM_0NS,11,0,11,0
3,H300,0,FIRST,144,WIDTH_STRATUM_10NS,28,0,28,0
3,H300,0,FIRST,144,WIDTH_STRATUM_GE20NS,161,0,161,0
3,H300,0,FIRST,145,WIDTH_STRATUM_0NS,12,0,12,0
3,H300,0,FIRST,145,WIDTH_STRATUM_10NS,11,0,11,0
3,H300,0,FIRST,145,WIDTH_STRATUM_GE20NS,177,0,177,0
3,H300,0,FIRST,146,WIDTH_STRATUM_0NS,11,0,11,0
3,H300,0,FIRST,146,WIDTH_STRATUM_10NS,28,0,28,0
3,H300,0,FIRST,146,WIDTH_STRATUM_GE20NS,161,0,161,0
3,H300,0,FIRST,147,WIDTH_STRATUM_0NS,15,0,15,0
3,H300,0,FIRST,147,WIDTH_STRATUM_10NS,21,0,21,0
3,H300,0,FIRST,147,WIDTH_STRATUM_GE20NS,164,0,164,0
3,H300,0,FIRST,148,WIDTH_STRATUM_0NS,14,0,14,0
3,H300,0,FIRST,148,WIDTH_STRATUM_10NS,23,0,23,0
3,H300,0,FIRST,148,WIDTH_STRATUM_GE20NS,163,0,163,0
3,H300,0,FIRST,149,WIDTH_STRATUM_0NS,11,0,11,0
3,H300,0,FIRST,149,WIDTH_STRATUM_10NS,28,0,28,0
3,H300,0,FIRST,149,WIDTH_STRATUM_GE20NS,161,0,161,0
3,H300,0,FIRST,150,WIDTH_STRATUM_0NS,14,0,14,0
3,H300,0,FIRST,150,WIDTH_STRATUM_10NS,25,0,25,0
3,H300,0,FIRST,150,WIDTH_STRATUM_GE20NS,161,0,161,0
3,H300,0,FIRST,151,WIDTH_STRATUM_0NS,10,0,10,0
3,H300,0,FIRST,151,WIDTH_STRATUM_10NS,26,0,26,0
3,H300,0,FIRST,151,WIDTH_STRATUM_GE20NS,164,0,164,0
3,H300,0,FIRST,152,WIDTH_STRATUM_0NS,18,0,18,0
3,H300,0,FIRST,152,WIDTH_STRATUM_10NS,32,0,32,0
3,H300,0,FIRST,152,WIDTH_STRATUM_GE20NS,150,0,150,0
3,H300,0,FIRST,153,WIDTH_STRATUM_0NS,9,0,9,0
3,H300,0,FIRST,153,WIDTH_STRATUM_10NS,22,0,22,0
3,H300,0,FIRST,153,WIDTH_STRATUM_GE20NS,169,0,169,0
3,H300,0,FIRST,154,WIDTH_STRATUM_0NS,14,1,13,1
3,H300,0,FIRST,154,WIDTH_STRATUM_10NS,25,0,25,0
3,H300,0,FIRST,154,WIDTH_STRATUM_GE20NS,161,0,161,0
3,H300,0,FIRST,155,WIDTH_STRATUM_0NS,7,0,7,0
3,H300,0,FIRST,155,WIDTH_STRATUM_10NS,25,0,25,0
3,H300,0,FIRST,155,WIDTH_STRATUM_GE20NS,168,0,168,0
3,H300,0,FIRST,156,WIDTH_STRATUM_0NS,14,0,14,0
3,H300,0,FIRST,156,WIDTH_STRATUM_10NS,18,0,18,0
3,H300,0,FIRST,156,WIDTH_STRATUM_GE20NS,168,0,168,0
3,H300,0,FIRST,157,WIDTH_STRATUM_0NS,8,0,8,0
3,H300,0,FIRST,157,WIDTH_STRATUM_10NS,16,0,16,0
3,H300,0,FIRST,157,WIDTH_STRATUM_GE20NS,176,0,176,0
3,H300,0,FIRST,158,WIDTH_STRATUM_0NS,14,0,14,0
3,H300,0,FIRST,158,WIDTH_STRATUM_10NS,18,0,18,0
3,H300,0,FIRST,158,WIDTH_STRATUM_GE20NS,168,0,168,0
3,H300,0,FIRST,159,WIDTH_STRATUM_0NS,18,0,18,0
3,H300,0,FIRST,159,WIDTH_STRATUM_10NS,32,0,32,0
3,H300,0,FIRST,159,WIDTH_STRATUM_GE20NS,150,0,150,0
3,H300,0,FIRST,160,WIDTH_STRATUM_0NS,11,0,11,0
3,H300,0,FIRST,160,WIDTH_STRATUM_10NS,25,0,25,0
3,H300,0,FIRST,160,WIDTH_STRATUM_GE20NS,164,0,164,0
3,H300,0,FIRST,161,WIDTH_STRATUM_0NS,15,0,15,0
3,H300,0,FIRST,161,WIDTH_STRATUM_10NS,21,0,21,0
3,H300,0,FIRST,161,WIDTH_STRATUM_GE20NS,164,0,164,0
3,H300,0,FIRST,162,WIDTH_STRATUM_0NS,11,0,11,0
3,H300,0,FIRST,162,WIDTH_STRATUM_10NS,28,0,28,0
3,H300,0,FIRST,162,WIDTH_STRATUM_GE20NS,161,0,161,0
3,H300,0,FIRST,163,WIDTH_STRATUM_0NS,10,0,10,0
3,H300,0,FIRST,163,WIDTH_STRATUM_10NS,26,0,26,0
3,H300,0,FIRST,163,WIDTH_STRATUM_GE20NS,164,0,164,0
3,H300,0,FIRST,164,WIDTH_STRATUM_0NS,12,0,12,0
3,H300,0,FIRST,164,WIDTH_STRATUM_10NS,11,0,11,0
3,H300,0,FIRST,164,WIDTH_STRATUM_GE20NS,177,0,177,0
3,H300,0,FIRST,165,WIDTH_STRATUM_0NS,14,0,14,0
3,H300,0,FIRST,165,WIDTH_STRATUM_10NS,23,0,23,0
3,H300,0,FIRST,165,WIDTH_STRATUM_GE20NS,163,0,163,0
3,H300,0,FIRST,166,WIDTH_STRATUM_0NS,17,0,17,0
3,H300,0,FIRST,166,WIDTH_STRATUM_10NS,18,0,18,0
3,H300,0,FIRST,166,WIDTH_STRATUM_GE20NS,165,0,165,0
3,H300,0,FIRST,167,WIDTH_STRATUM_0NS,11,0,11,0
3,H300,0,FIRST,167,WIDTH_STRATUM_10NS,23,0,23,0
3,H300,0,FIRST,167,WIDTH_STRATUM_GE20NS,166,0,166,0
3,H300,0,FIRST,168,WIDTH_STRATUM_0NS,12,0,12,0
3,H300,0,FIRST,168,WIDTH_STRATUM_10NS,11,0,11,0
3,H300,0,FIRST,168,WIDTH_STRATUM_GE20NS,177,0,177,0
3,H300,0,FIRST,169,WIDTH_STRATUM_0NS,11,0,11,0
3,H300,0,FIRST,169,WIDTH_STRATUM_10NS,25,0,25,0
3,H300,0,FIRST,169,WIDTH_STRATUM_GE20NS,164,0,164,0
3,H300,0,FIRST,170,WIDTH_STRATUM_0NS,8,0,8,0
3,H300,0,FIRST,170,WIDTH_STRATUM_10NS,16,0,16,0
3,H300,0,FIRST,170,WIDTH_STRATUM_GE20NS,176,0,176,0
3,H300,0,FIRST,171,WIDTH_STRATUM_0NS,11,0,11,0
3,H300,0,FIRST,171,WIDTH_STRATUM_10NS,25,0,25,0
3,H300,0,FIRST,171,WIDTH_STRATUM_GE20NS,164,0,164,0
3,H300,0,FIRST,172,WIDTH_STRATUM_0NS,10,0,10,0
3,H300,0,FIRST,172,WIDTH_STRATUM_10NS,26,0,26,0
3,H300,0,FIRST,172,WIDTH_STRATUM_GE20NS,164,0,164,0
3,H300,0,FIRST,173,WIDTH_STRATUM_0NS,18,0,18,0
3,H300,0,FIRST,173,WIDTH_STRATUM_10NS,29,0,29,0
3,H300,0,FIRST,173,WIDTH_STRATUM_GE20NS,153,0,153,0
3,H300,0,FIRST,174,WIDTH_STRATUM_0NS,18,0,18,0
3,H300,0,FIRST,174,WIDTH_STRATUM_10NS,29,0,29,0
3,H300,0,FIRST,174,WIDTH_STRATUM_GE20NS,153,0,153,0
3,H300,0,FIRST,175,WIDTH_STRATUM_0NS,18,0,18,0
3,H300,0,FIRST,175,WIDTH_STRATUM_10NS,29,0,29,0
3,H300,0,FIRST,175,WIDTH_STRATUM_GE20NS,153,0,153,0
3,H300,0,FIRST,176,WIDTH_STRATUM_0NS,10,0,10,0
3,H300,0,FIRST,176,WIDTH_STRATUM_10NS,26,0,26,0
3,H300,0,FIRST,176,WIDTH_STRATUM_GE20NS,164,0,164,0
3,H300,0,FIRST,177,WIDTH_STRATUM_0NS,11,0,11,0
3,H300,0,FIRST,177,WIDTH_STRATUM_10NS,25,0,25,0
3,H300,0,FIRST,177,WIDTH_STRATUM_GE20NS,164,0,164,0
3,H300,0,FIRST,178,WIDTH_STRATUM_0NS,11,0,11,0
3,H300,0,FIRST,178,WIDTH_STRATUM_10NS,28,0,28,0
3,H300,0,FIRST,178,WIDTH_STRATUM_GE20NS,161,0,161,0
3,H300,0,FIRST,179,WIDTH_STRATUM_0NS,11,0,11,0
3,H300,0,FIRST,179,WIDTH_STRATUM_10NS,28,0,28,0
3,H300,0,FIRST,179,WIDTH_STRATUM_GE20NS,161,1,160,1
3,H300,0,FIRST,180,WIDTH_STRATUM_0NS,14,0,14,0
3,H300,0,FIRST,180,WIDTH_STRATUM_10NS,18,0,18,0
3,H300,0,FIRST,180,WIDTH_STRATUM_GE20NS,168,0,168,0
3,H300,0,FIRST,181,WIDTH_STRATUM_0NS,12,0,12,0
3,H300,0,FIRST,181,WIDTH_STRATUM_10NS,11,0,11,0
3,H300,0,FIRST,181,WIDTH_STRATUM_GE20NS,177,1,176,1
3,H300,0,FIRST,182,WIDTH_STRATUM_0NS,15,0,15,0
3,H300,0,FIRST,182,WIDTH_STRATUM_10NS,21,0,21,0
3,H300,0,FIRST,182,WIDTH_STRATUM_GE20NS,164,1,163,1
3,H300,0,FIRST,183,WIDTH_STRATUM_0NS,11,0,11,0
3,H300,0,FIRST,183,WIDTH_STRATUM_10NS,32,0,32,0
3,H300,0,FIRST,183,WIDTH_STRATUM_GE20NS,157,0,157,0
3,H300,0,FIRST,184,WIDTH_STRATUM_0NS,10,0,10,0
3,H300,0,FIRST,184,WIDTH_STRATUM_10NS,26,0,26,0
3,H300,0,FIRST,184,WIDTH_STRATUM_GE20NS,164,0,164,0
3,H300,0,FIRST,185,WIDTH_STRATUM_0NS,11,0,11,0
3,H300,0,FIRST,185,WIDTH_STRATUM_10NS,23,0,23,0
3,H300,0,FIRST,185,WIDTH_STRATUM_GE20NS,166,0,166,0
3,H300,0,FIRST,186,WIDTH_STRATUM_0NS,11,0,11,0
3,H300,0,FIRST,186,WIDTH_STRATUM_10NS,23,0,23,0
3,H300,0,FIRST,186,WIDTH_STRATUM_GE20NS,166,0,166,0
3,H300,0,FIRST,187,WIDTH_STRATUM_0NS,11,0,11,0
3,H300,0,FIRST,187,WIDTH_STRATUM_10NS,28,0,28,0
3,H300,0,FIRST,187,WIDTH_STRATUM_GE20NS,161,0,161,0
3,H300,0,FIRST,188,WIDTH_STRATUM_0NS,14,0,14,0
3,H300,0,FIRST,188,WIDTH_STRATUM_10NS,25,0,25,0
3,H300,0,FIRST,188,WIDTH_STRATUM_GE20NS,161,0,161,0
3,H300,0,FIRST,189,WIDTH_STRATUM_0NS,11,0,11,0
3,H300,0,FIRST,189,WIDTH_STRATUM_10NS,28,0,28,0
3,H300,0,FIRST,189,WIDTH_STRATUM_GE20NS,161,0,161,0
3,H300,0,FIRST,190,WIDTH_STRATUM_0NS,8,0,8,0
3,H300,0,FIRST,190,WIDTH_STRATUM_10NS,16,0,16,0
3,H300,0,FIRST,190,WIDTH_STRATUM_GE20NS,176,0,176,0
3,H300,0,FIRST,191,WIDTH_STRATUM_0NS,17,0,17,0
3,H300,0,FIRST,191,WIDTH_STRATUM_10NS,18,0,18,0
3,H300,0,FIRST,191,WIDTH_STRATUM_GE20NS,165,0,165,0
3,H300,0,FIRST,192,WIDTH_STRATUM_0NS,10,0,10,0
3,H300,0,FIRST,192,WIDTH_STRATUM_10NS,26,0,26,0
3,H300,0,FIRST,192,WIDTH_STRATUM_GE20NS,164,0,164,0
3,H300,0,FIRST,193,WIDTH_STRATUM_0NS,11,0,11,0
3,H300,0,FIRST,193,WIDTH_STRATUM_10NS,23,0,23,0
3,H300,0,FIRST,193,WIDTH_STRATUM_GE20NS,166,0,166,0
3,H300,0,FIRST,194,WIDTH_STRATUM_0NS,18,0,18,0
3,H300,0,FIRST,194,WIDTH_STRATUM_10NS,29,0,29,0
3,H300,0,FIRST,194,WIDTH_STRATUM_GE20NS,153,0,153,0
3,H300,0,FIRST,195,WIDTH_STRATUM_0NS,18,0,18,0
3,H300,0,FIRST,195,WIDTH_STRATUM_10NS,32,0,32,0
3,H300,0,FIRST,195,WIDTH_STRATUM_GE20NS,150,0,150,0
3,H300,0,FIRST,196,WIDTH_STRATUM_0NS,11,0,11,0
3,H300,0,FIRST,196,WIDTH_STRATUM_10NS,32,0,32,0
3,H300,0,FIRST,196,WIDTH_STRATUM_GE20NS,157,0,157,0
3,H300,0,FIRST,197,WIDTH_STRATUM_0NS,18,0,18,0
3,H300,0,FIRST,197,WIDTH_STRATUM_10NS,32,0,32,0
3,H300,0,FIRST,197,WIDTH_STRATUM_GE20NS,150,0,150,0
3,H300,0,FIRST,198,WIDTH_STRATUM_0NS,11,0,11,0
3,H300,0,FIRST,198,WIDTH_STRATUM_10NS,32,0,32,0
3,H300,0,FIRST,198,WIDTH_STRATUM_GE20NS,157,0,157,0
3,H300,0,FIRST,199,WIDTH_STRATUM_0NS,12,0,12,0
3,H300,0,FIRST,199,WIDTH_STRATUM_10NS,11,0,11,0
3,H300,0,FIRST,199,WIDTH_STRATUM_GE20NS,177,0,177,0
3,H300,0,FIRST,200,WIDTH_STRATUM_0NS,11,0,11,0
3,H300,0,FIRST,200,WIDTH_STRATUM_10NS,25,0,25,0
3,H300,0,FIRST,200,WIDTH_STRATUM_GE20NS,164,0,164,0
3,H300,1,LAST,1,WIDTH_STRATUM_0NS,17,0,17,0
3,H300,1,LAST,1,WIDTH_STRATUM_10NS,18,0,18,0
3,H300,1,LAST,1,WIDTH_STRATUM_GE20NS,165,0,165,0
3,H300,1,LAST,2,WIDTH_STRATUM_0NS,14,0,14,0
3,H300,1,LAST,2,WIDTH_STRATUM_10NS,23,0,23,0
3,H300,1,LAST,2,WIDTH_STRATUM_GE20NS,163,0,163,0
3,H300,1,LAST,3,WIDTH_STRATUM_0NS,14,0,14,0
3,H300,1,LAST,3,WIDTH_STRATUM_10NS,23,0,23,0
3,H300,1,LAST,3,WIDTH_STRATUM_GE20NS,163,0,163,0
3,H300,1,LAST,4,WIDTH_STRATUM_0NS,8,0,8,0
3,H300,1,LAST,4,WIDTH_STRATUM_10NS,16,0,16,0
3,H300,1,LAST,4,WIDTH_STRATUM_GE20NS,176,0,176,0
3,H300,1,LAST,5,WIDTH_STRATUM_0NS,9,0,9,0
3,H300,1,LAST,5,WIDTH_STRATUM_10NS,22,0,22,0
3,H300,1,LAST,5,WIDTH_STRATUM_GE20NS,169,0,169,0
3,H300,1,LAST,6,WIDTH_STRATUM_0NS,9,0,9,0
3,H300,1,LAST,6,WIDTH_STRATUM_10NS,22,0,22,0
3,H300,1,LAST,6,WIDTH_STRATUM_GE20NS,169,0,169,0
3,H300,1,LAST,7,WIDTH_STRATUM_0NS,10,0,10,0
3,H300,1,LAST,7,WIDTH_STRATUM_10NS,26,0,26,0
3,H300,1,LAST,7,WIDTH_STRATUM_GE20NS,164,0,164,0
3,H300,1,LAST,8,WIDTH_STRATUM_0NS,11,0,11,0
3,H300,1,LAST,8,WIDTH_STRATUM_10NS,23,0,23,0
3,H300,1,LAST,8,WIDTH_STRATUM_GE20NS,166,0,166,0
3,H300,1,LAST,9,WIDTH_STRATUM_0NS,17,0,17,0
3,H300,1,LAST,9,WIDTH_STRATUM_10NS,18,0,18,0
3,H300,1,LAST,9,WIDTH_STRATUM_GE20NS,165,0,165,0
3,H300,1,LAST,10,WIDTH_STRATUM_0NS,14,0,14,0
3,H300,1,LAST,10,WIDTH_STRATUM_10NS,18,0,18,0
3,H300,1,LAST,10,WIDTH_STRATUM_GE20NS,168,0,168,0
3,H300,1,LAST,11,WIDTH_STRATUM_0NS,14,0,14,0
3,H300,1,LAST,11,WIDTH_STRATUM_10NS,25,0,25,0
3,H300,1,LAST,11,WIDTH_STRATUM_GE20NS,161,0,161,0
3,H300,1,LAST,12,WIDTH_STRATUM_0NS,18,0,18,0
3,H300,1,LAST,12,WIDTH_STRATUM_10NS,29,0,29,0
3,H300,1,LAST,12,WIDTH_STRATUM_GE20NS,153,0,153,0
3,H300,1,LAST,13,WIDTH_STRATUM_0NS,11,0,11,0
3,H300,1,LAST,13,WIDTH_STRATUM_10NS,32,0,32,0
3,H300,1,LAST,13,WIDTH_STRATUM_GE20NS,157,0,157,0
3,H300,1,LAST,14,WIDTH_STRATUM_0NS,18,0,18,0
3,H300,1,LAST,14,WIDTH_STRATUM_10NS,29,0,29,0
3,H300,1,LAST,14,WIDTH_STRATUM_GE20NS,153,0,153,0
3,H300,1,LAST,15,WIDTH_STRATUM_0NS,10,0,10,0
3,H300,1,LAST,15,WIDTH_STRATUM_10NS,26,0,26,0
3,H300,1,LAST,15,WIDTH_STRATUM_GE20NS,164,0,164,0
3,H300,1,LAST,16,WIDTH_STRATUM_0NS,12,0,12,0
3,H300,1,LAST,16,WIDTH_STRATUM_10NS,11,0,11,0
3,H300,1,LAST,16,WIDTH_STRATUM_GE20NS,177,0,177,0
3,H300,1,LAST,17,WIDTH_STRATUM_0NS,11,0,11,0
3,H300,1,LAST,17,WIDTH_STRATUM_10NS,23,0,23,0
3,H300,1,LAST,17,WIDTH_STRATUM_GE20NS,166,1,165,1
3,H300,1,LAST,18,WIDTH_STRATUM_0NS,14,0,14,0
3,H300,1,LAST,18,WIDTH_STRATUM_10NS,18,0,18,0
3,H300,1,LAST,18,WIDTH_STRATUM_GE20NS,168,0,168,0
3,H300,1,LAST,19,WIDTH_STRATUM_0NS,18,0,18,0
3,H300,1,LAST,19,WIDTH_STRATUM_10NS,32,0,32,0
3,H300,1,LAST,19,WIDTH_STRATUM_GE20NS,150,0,150,0
3,H300,1,LAST,20,WIDTH_STRATUM_0NS,10,0,10,0
3,H300,1,LAST,20,WIDTH_STRATUM_10NS,26,0,26,0
3,H300,1,LAST,20,WIDTH_STRATUM_GE20NS,164,0,164,0
3,H300,1,LAST,21,WIDTH_STRATUM_0NS,8,0,8,0
3,H300,1,LAST,21,WIDTH_STRATUM_10NS,16,0,16,0
3,H300,1,LAST,21,WIDTH_STRATUM_GE20NS,176,0,176,0
3,H300,1,LAST,22,WIDTH_STRATUM_0NS,14,0,14,0
3,H300,1,LAST,22,WIDTH_STRATUM_10NS,23,0,23,0
3,H300,1,LAST,22,WIDTH_STRATUM_GE20NS,163,0,163,0
3,H300,1,LAST,23,WIDTH_STRATUM_0NS,11,0,11,0
3,H300,1,LAST,23,WIDTH_STRATUM_10NS,28,0,28,0
3,H300,1,LAST,23,WIDTH_STRATUM_GE20NS,161,0,161,0
3,H300,1,LAST,24,WIDTH_STRATUM_0NS,11,0,11,0
3,H300,1,LAST,24,WIDTH_STRATUM_10NS,28,0,28,0
3,H300,1,LAST,24,WIDTH_STRATUM_GE20NS,161,0,161,0
3,H300,1,LAST,25,WIDTH_STRATUM_0NS,18,0,18,0
3,H300,1,LAST,25,WIDTH_STRATUM_10NS,32,0,32,0
3,H300,1,LAST,25,WIDTH_STRATUM_GE20NS,150,1,149,1
3,H300,1,LAST,26,WIDTH_STRATUM_0NS,9,0,9,0
3,H300,1,LAST,26,WIDTH_STRATUM_10NS,22,0,22,0
3,H300,1,LAST,26,WIDTH_STRATUM_GE20NS,169,0,169,0
3,H300,1,LAST,27,WIDTH_STRATUM_0NS,11,0,11,0
3,H300,1,LAST,27,WIDTH_STRATUM_10NS,23,0,23,0
3,H300,1,LAST,27,WIDTH_STRATUM_GE20NS,166,0,166,0
3,H300,1,LAST,28,WIDTH_STRATUM_0NS,17,0,17,0
3,H300,1,LAST,28,WIDTH_STRATUM_10NS,18,0,18,0
3,H300,1,LAST,28,WIDTH_STRATUM_GE20NS,165,0,165,0
3,H300,1,LAST,29,WIDTH_STRATUM_0NS,12,0,12,0
3,H300,1,LAST,29,WIDTH_STRATUM_10NS,11,0,11,0
3,H300,1,LAST,29,WIDTH_STRATUM_GE20NS,177,0,177,0
3,H300,1,LAST,30,WIDTH_STRATUM_0NS,12,0,12,0
3,H300,1,LAST,30,WIDTH_STRATUM_10NS,11,0,11,0
3,H300,1,LAST,30,WIDTH_STRATUM_GE20NS,177,0,177,0
3,H300,1,LAST,31,WIDTH_STRATUM_0NS,12,0,12,0
3,H300,1,LAST,31,WIDTH_STRATUM_10NS,11,0,11,0
3,H300,1,LAST,31,WIDTH_STRATUM_GE20NS,177,0,177,0
3,H300,1,LAST,32,WIDTH_STRATUM_0NS,18,0,18,0
3,H300,1,LAST,32,WIDTH_STRATUM_10NS,32,0,32,0
3,H300,1,LAST,32,WIDTH_STRATUM_GE20NS,150,0,150,0
3,H300,1,LAST,33,WIDTH_STRATUM_0NS,11,0,11,0
3,H300,1,LAST,33,WIDTH_STRATUM_10NS,25,0,25,0
3,H300,1,LAST,33,WIDTH_STRATUM_GE20NS,164,0,164,0
3,H300,1,LAST,34,WIDTH_STRATUM_0NS,11,0,11,0
3,H300,1,LAST,34,WIDTH_STRATUM_10NS,25,0,25,0
3,H300,1,LAST,34,WIDTH_STRATUM_GE20NS,164,0,164,0
3,H300,1,LAST,35,WIDTH_STRATUM_0NS,11,0,11,0
3,H300,1,LAST,35,WIDTH_STRATUM_10NS,25,1,24,1
3,H300,1,LAST,35,WIDTH_STRATUM_GE20NS,164,0,164,0
3,H300,1,LAST,36,WIDTH_STRATUM_0NS,15,0,15,0
3,H300,1,LAST,36,WIDTH_STRATUM_10NS,21,0,21,0
3,H300,1,LAST,36,WIDTH_STRATUM_GE20NS,164,0,164,0
3,H300,1,LAST,37,WIDTH_STRATUM_0NS,11,0,11,0
3,H300,1,LAST,37,WIDTH_STRATUM_10NS,23,0,23,0
3,H300,1,LAST,37,WIDTH_STRATUM_GE20NS,166,0,166,0
3,H300,1,LAST,38,WIDTH_STRATUM_0NS,11,0,11,0
3,H300,1,LAST,38,WIDTH_STRATUM_10NS,23,0,23,0
3,H300,1,LAST,38,WIDTH_STRATUM_GE20NS,166,1,165,1
3,H300,1,LAST,39,WIDTH_STRATUM_0NS,17,0,17,0
3,H300,1,LAST,39,WIDTH_STRATUM_10NS,18,0,18,0
3,H300,1,LAST,39,WIDTH_STRATUM_GE20NS,165,0,165,0
3,H300,1,LAST,40,WIDTH_STRATUM_0NS,10,0,10,0
3,H300,1,LAST,40,WIDTH_STRATUM_10NS,26,0,26,0
3,H300,1,LAST,40,WIDTH_STRATUM_GE20NS,164,0,164,0
3,H300,1,LAST,41,WIDTH_STRATUM_0NS,7,0,7,0
3,H300,1,LAST,41,WIDTH_STRATUM_10NS,25,0,25,0
3,H300,1,LAST,41,WIDTH_STRATUM_GE20NS,168,0,168,0
3,H300,1,LAST,42,WIDTH_STRATUM_0NS,14,0,14,0
3,H300,1,LAST,42,WIDTH_STRATUM_10NS,18,0,18,0
3,H300,1,LAST,42,WIDTH_STRATUM_GE20NS,168,0,168,0
3,H300,1,LAST,43,WIDTH_STRATUM_0NS,10,0,10,0
3,H300,1,LAST,43,WIDTH_STRATUM_10NS,26,0,26,0
3,H300,1,LAST,43,WIDTH_STRATUM_GE20NS,164,0,164,0
3,H300,1,LAST,44,WIDTH_STRATUM_0NS,18,0,18,0
3,H300,1,LAST,44,WIDTH_STRATUM_10NS,32,0,32,0
3,H300,1,LAST,44,WIDTH_STRATUM_GE20NS,150,0,150,0
3,H300,1,LAST,45,WIDTH_STRATUM_0NS,12,0,12,0
3,H300,1,LAST,45,WIDTH_STRATUM_10NS,11,0,11,0
3,H300,1,LAST,45,WIDTH_STRATUM_GE20NS,177,0,177,0
3,H300,1,LAST,46,WIDTH_STRATUM_0NS,18,0,18,0
3,H300,1,LAST,46,WIDTH_STRATUM_10NS,29,0,29,0
3,H300,1,LAST,46,WIDTH_STRATUM_GE20NS,153,0,153,0
3,H300,1,LAST,47,WIDTH_STRATUM_0NS,10,0,10,0
3,H300,1,LAST,47,WIDTH_STRATUM_10NS,26,0,26,0
3,H300,1,LAST,47,WIDTH_STRATUM_GE20NS,164,0,164,0
3,H300,1,LAST,48,WIDTH_STRATUM_0NS,11,0,11,0
3,H300,1,LAST,48,WIDTH_STRATUM_10NS,23,0,23,0
3,H300,1,LAST,48,WIDTH_STRATUM_GE20NS,166,0,166,0
3,H300,1,LAST,49,WIDTH_STRATUM_0NS,18,0,18,0
3,H300,1,LAST,49,WIDTH_STRATUM_10NS,32,0,32,0
3,H300,1,LAST,49,WIDTH_STRATUM_GE20NS,150,0,150,0
3,H300,1,LAST,50,WIDTH_STRATUM_0NS,18,0,18,0
3,H300,1,LAST,50,WIDTH_STRATUM_10NS,29,0,29,0
3,H300,1,LAST,50,WIDTH_STRATUM_GE20NS,153,0,153,0
3,H300,1,LAST,51,WIDTH_STRATUM_0NS,11,0,11,0
3,H300,1,LAST,51,WIDTH_STRATUM_10NS,28,0,28,0
3,H300,1,LAST,51,WIDTH_STRATUM_GE20NS,161,0,161,0
3,H300,1,LAST,52,WIDTH_STRATUM_0NS,14,0,14,0
3,H300,1,LAST,52,WIDTH_STRATUM_10NS,25,0,25,0
3,H300,1,LAST,52,WIDTH_STRATUM_GE20NS,161,0,161,0
3,H300,1,LAST,53,WIDTH_STRATUM_0NS,11,0,11,0
3,H300,1,LAST,53,WIDTH_STRATUM_10NS,32,0,32,0
3,H300,1,LAST,53,WIDTH_STRATUM_GE20NS,157,0,157,0
3,H300,1,LAST,54,WIDTH_STRATUM_0NS,14,0,14,0
3,H300,1,LAST,54,WIDTH_STRATUM_10NS,25,0,25,0
3,H300,1,LAST,54,WIDTH_STRATUM_GE20NS,161,0,161,0
3,H300,1,LAST,55,WIDTH_STRATUM_0NS,12,0,12,0
3,H300,1,LAST,55,WIDTH_STRATUM_10NS,11,0,11,0
3,H300,1,LAST,55,WIDTH_STRATUM_GE20NS,177,0,177,0
3,H300,1,LAST,56,WIDTH_STRATUM_0NS,11,0,11,0
3,H300,1,LAST,56,WIDTH_STRATUM_10NS,28,0,28,0
3,H300,1,LAST,56,WIDTH_STRATUM_GE20NS,161,0,161,0
3,H300,1,LAST,57,WIDTH_STRATUM_0NS,15,0,15,0
3,H300,1,LAST,57,WIDTH_STRATUM_10NS,21,0,21,0
3,H300,1,LAST,57,WIDTH_STRATUM_GE20NS,164,0,164,0
3,H300,1,LAST,58,WIDTH_STRATUM_0NS,12,0,12,0
3,H300,1,LAST,58,WIDTH_STRATUM_10NS,11,0,11,0
3,H300,1,LAST,58,WIDTH_STRATUM_GE20NS,177,0,177,0
3,H300,1,LAST,59,WIDTH_STRATUM_0NS,18,0,18,0
3,H300,1,LAST,59,WIDTH_STRATUM_10NS,32,0,32,0
3,H300,1,LAST,59,WIDTH_STRATUM_GE20NS,150,1,149,1
3,H300,1,LAST,60,WIDTH_STRATUM_0NS,8,0,8,0
3,H300,1,LAST,60,WIDTH_STRATUM_10NS,16,0,16,0
3,H300,1,LAST,60,WIDTH_STRATUM_GE20NS,176,0,176,0
3,H300,1,LAST,61,WIDTH_STRATUM_0NS,11,0,11,0
3,H300,1,LAST,61,WIDTH_STRATUM_10NS,28,0,28,0
3,H300,1,LAST,61,WIDTH_STRATUM_GE20NS,161,0,161,0
3,H300,1,LAST,62,WIDTH_STRATUM_0NS,14,0,14,0
3,H300,1,LAST,62,WIDTH_STRATUM_10NS,25,0,25,0
3,H300,1,LAST,62,WIDTH_STRATUM_GE20NS,161,0,161,0
3,H300,1,LAST,63,WIDTH_STRATUM_0NS,11,0,11,0
3,H300,1,LAST,63,WIDTH_STRATUM_10NS,23,0,23,0
3,H300,1,LAST,63,WIDTH_STRATUM_GE20NS,166,0,166,0
3,H300,1,LAST,64,WIDTH_STRATUM_0NS,14,0,14,0
3,H300,1,LAST,64,WIDTH_STRATUM_10NS,23,0,23,0
3,H300,1,LAST,64,WIDTH_STRATUM_GE20NS,163,0,163,0
3,H300,1,LAST,65,WIDTH_STRATUM_0NS,14,0,14,0
3,H300,1,LAST,65,WIDTH_STRATUM_10NS,25,0,25,0
3,H300,1,LAST,65,WIDTH_STRATUM_GE20NS,161,0,161,0
3,H300,1,LAST,66,WIDTH_STRATUM_0NS,18,0,18,0
3,H300,1,LAST,66,WIDTH_STRATUM_10NS,32,0,32,0
3,H300,1,LAST,66,WIDTH_STRATUM_GE20NS,150,0,150,0
3,H300,1,LAST,67,WIDTH_STRATUM_0NS,12,0,12,0
3,H300,1,LAST,67,WIDTH_STRATUM_10NS,11,0,11,0
3,H300,1,LAST,67,WIDTH_STRATUM_GE20NS,177,0,177,0
3,H300,1,LAST,68,WIDTH_STRATUM_0NS,11,0,11,0
3,H300,1,LAST,68,WIDTH_STRATUM_10NS,25,0,25,0
3,H300,1,LAST,68,WIDTH_STRATUM_GE20NS,164,0,164,0
3,H300,1,LAST,69,WIDTH_STRATUM_0NS,18,0,18,0
3,H300,1,LAST,69,WIDTH_STRATUM_10NS,29,0,29,0
3,H300,1,LAST,69,WIDTH_STRATUM_GE20NS,153,0,153,0
3,H300,1,LAST,70,WIDTH_STRATUM_0NS,17,0,17,0
3,H300,1,LAST,70,WIDTH_STRATUM_10NS,18,0,18,0
3,H300,1,LAST,70,WIDTH_STRATUM_GE20NS,165,0,165,0
3,H300,1,LAST,71,WIDTH_STRATUM_0NS,15,0,15,0
3,H300,1,LAST,71,WIDTH_STRATUM_10NS,21,0,21,0
3,H300,1,LAST,71,WIDTH_STRATUM_GE20NS,164,0,164,0
3,H300,1,LAST,72,WIDTH_STRATUM_0NS,18,0,18,0
3,H300,1,LAST,72,WIDTH_STRATUM_10NS,32,0,32,0
3,H300,1,LAST,72,WIDTH_STRATUM_GE20NS,150,0,150,0
3,H300,1,LAST,73,WIDTH_STRATUM_0NS,18,0,18,0
3,H300,1,LAST,73,WIDTH_STRATUM_10NS,32,0,32,0
3,H300,1,LAST,73,WIDTH_STRATUM_GE20NS,150,0,150,0
3,H300,1,LAST,74,WIDTH_STRATUM_0NS,11,0,11,0
3,H300,1,LAST,74,WIDTH_STRATUM_10NS,32,0,32,0
3,H300,1,LAST,74,WIDTH_STRATUM_GE20NS,157,0,157,0
3,H300,1,LAST,75,WIDTH_STRATUM_0NS,14,0,14,0
3,H300,1,LAST,75,WIDTH_STRATUM_10NS,18,0,18,0
3,H300,1,LAST,75,WIDTH_STRATUM_GE20NS,168,0,168,0
3,H300,1,LAST,76,WIDTH_STRATUM_0NS,8,0,8,0
3,H300,1,LAST,76,WIDTH_STRATUM_10NS,16,0,16,0
3,H300,1,LAST,76,WIDTH_STRATUM_GE20NS,176,0,176,0
3,H300,1,LAST,77,WIDTH_STRATUM_0NS,11,0,11,0
3,H300,1,LAST,77,WIDTH_STRATUM_10NS,25,0,25,0
3,H300,1,LAST,77,WIDTH_STRATUM_GE20NS,164,0,164,0
3,H300,1,LAST,78,WIDTH_STRATUM_0NS,7,0,7,0
3,H300,1,LAST,78,WIDTH_STRATUM_10NS,25,0,25,0
3,H300,1,LAST,78,WIDTH_STRATUM_GE20NS,168,0,168,0
3,H300,1,LAST,79,WIDTH_STRATUM_0NS,18,0,18,0
3,H300,1,LAST,79,WIDTH_STRATUM_10NS,29,0,29,0
3,H300,1,LAST,79,WIDTH_STRATUM_GE20NS,153,0,153,0
3,H300,1,LAST,80,WIDTH_STRATUM_0NS,10,0,10,0
3,H300,1,LAST,80,WIDTH_STRATUM_10NS,26,0,26,0
3,H300,1,LAST,80,WIDTH_STRATUM_GE20NS,164,0,164,0
3,H300,1,LAST,81,WIDTH_STRATUM_0NS,12,0,12,0
3,H300,1,LAST,81,WIDTH_STRATUM_10NS,11,0,11,0
3,H300,1,LAST,81,WIDTH_STRATUM_GE20NS,177,0,177,0
3,H300,1,LAST,82,WIDTH_STRATUM_0NS,12,0,12,0
3,H300,1,LAST,82,WIDTH_STRATUM_10NS,11,0,11,0
3,H300,1,LAST,82,WIDTH_STRATUM_GE20NS,177,0,177,0
3,H300,1,LAST,83,WIDTH_STRATUM_0NS,10,0,10,0
3,H300,1,LAST,83,WIDTH_STRATUM_10NS,26,0,26,0
3,H300,1,LAST,83,WIDTH_STRATUM_GE20NS,164,0,164,0
3,H300,1,LAST,84,WIDTH_STRATUM_0NS,11,0,11,0
3,H300,1,LAST,84,WIDTH_STRATUM_10NS,28,0,28,0
3,H300,1,LAST,84,WIDTH_STRATUM_GE20NS,161,0,161,0
3,H300,1,LAST,85,WIDTH_STRATUM_0NS,15,0,15,0
3,H300,1,LAST,85,WIDTH_STRATUM_10NS,21,0,21,0
3,H300,1,LAST,85,WIDTH_STRATUM_GE20NS,164,0,164,0
3,H300,1,LAST,86,WIDTH_STRATUM_0NS,11,0,11,0
3,H300,1,LAST,86,WIDTH_STRATUM_10NS,23,0,23,0
3,H300,1,LAST,86,WIDTH_STRATUM_GE20NS,166,0,166,0
3,H300,1,LAST,87,WIDTH_STRATUM_0NS,10,0,10,0
3,H300,1,LAST,87,WIDTH_STRATUM_10NS,26,0,26,0
3,H300,1,LAST,87,WIDTH_STRATUM_GE20NS,164,0,164,0
3,H300,1,LAST,88,WIDTH_STRATUM_0NS,14,0,14,0
3,H300,1,LAST,88,WIDTH_STRATUM_10NS,25,0,25,0
3,H300,1,LAST,88,WIDTH_STRATUM_GE20NS,161,0,161,0
3,H300,1,LAST,89,WIDTH_STRATUM_0NS,14,0,14,0
3,H300,1,LAST,89,WIDTH_STRATUM_10NS,18,0,18,0
3,H300,1,LAST,89,WIDTH_STRATUM_GE20NS,168,0,168,0
3,H300,1,LAST,90,WIDTH_STRATUM_0NS,7,0,7,0
3,H300,1,LAST,90,WIDTH_STRATUM_10NS,25,0,25,0
3,H300,1,LAST,90,WIDTH_STRATUM_GE20NS,168,0,168,0
3,H300,1,LAST,91,WIDTH_STRATUM_0NS,18,0,18,0
3,H300,1,LAST,91,WIDTH_STRATUM_10NS,32,0,32,0
3,H300,1,LAST,91,WIDTH_STRATUM_GE20NS,150,0,150,0
3,H300,1,LAST,92,WIDTH_STRATUM_0NS,11,0,11,0
3,H300,1,LAST,92,WIDTH_STRATUM_10NS,23,0,23,0
3,H300,1,LAST,92,WIDTH_STRATUM_GE20NS,166,0,166,0
3,H300,1,LAST,93,WIDTH_STRATUM_0NS,18,0,18,0
3,H300,1,LAST,93,WIDTH_STRATUM_10NS,32,0,32,0
3,H300,1,LAST,93,WIDTH_STRATUM_GE20NS,150,0,150,0
3,H300,1,LAST,94,WIDTH_STRATUM_0NS,11,0,11,0
3,H300,1,LAST,94,WIDTH_STRATUM_10NS,32,0,32,0
3,H300,1,LAST,94,WIDTH_STRATUM_GE20NS,157,0,157,0
3,H300,1,LAST,95,WIDTH_STRATUM_0NS,14,0,14,0
3,H300,1,LAST,95,WIDTH_STRATUM_10NS,25,0,25,0
3,H300,1,LAST,95,WIDTH_STRATUM_GE20NS,161,0,161,0
3,H300,1,LAST,96,WIDTH_STRATUM_0NS,15,0,15,0
3,H300,1,LAST,96,WIDTH_STRATUM_10NS,21,0,21,0
3,H300,1,LAST,96,WIDTH_STRATUM_GE20NS,164,0,164,0
3,H300,1,LAST,97,WIDTH_STRATUM_0NS,11,0,11,0
3,H300,1,LAST,97,WIDTH_STRATUM_10NS,28,0,28,0
3,H300,1,LAST,97,WIDTH_STRATUM_GE20NS,161,0,161,0
3,H300,1,LAST,98,WIDTH_STRATUM_0NS,10,0,10,0
3,H300,1,LAST,98,WIDTH_STRATUM_10NS,26,0,26,0
3,H300,1,LAST,98,WIDTH_STRATUM_GE20NS,164,0,164,0
3,H300,1,LAST,99,WIDTH_STRATUM_0NS,18,0,18,0
3,H300,1,LAST,99,WIDTH_STRATUM_10NS,32,0,32,0
3,H300,1,LAST,99,WIDTH_STRATUM_GE20NS,150,0,150,0
3,H300,1,LAST,100,WIDTH_STRATUM_0NS,18,0,18,0
3,H300,1,LAST,100,WIDTH_STRATUM_10NS,29,0,29,0
3,H300,1,LAST,100,WIDTH_STRATUM_GE20NS,153,0,153,0
3,H300,1,LAST,101,WIDTH_STRATUM_0NS,11,0,11,0
3,H300,1,LAST,101,WIDTH_STRATUM_10NS,28,0,28,0
3,H300,1,LAST,101,WIDTH_STRATUM_GE20NS,161,0,161,0
3,H300,1,LAST,102,WIDTH_STRATUM_0NS,10,0,10,0
3,H300,1,LAST,102,WIDTH_STRATUM_10NS,26,0,26,0
3,H300,1,LAST,102,WIDTH_STRATUM_GE20NS,164,0,164,0
3,H300,1,LAST,103,WIDTH_STRATUM_0NS,18,0,18,0
3,H300,1,LAST,103,WIDTH_STRATUM_10NS,32,0,32,0
3,H300,1,LAST,103,WIDTH_STRATUM_GE20NS,150,0,150,0
3,H300,1,LAST,104,WIDTH_STRATUM_0NS,10,0,10,0
3,H300,1,LAST,104,WIDTH_STRATUM_10NS,26,0,26,0
3,H300,1,LAST,104,WIDTH_STRATUM_GE20NS,164,0,164,0
3,H300,1,LAST,105,WIDTH_STRATUM_0NS,15,0,15,0
3,H300,1,LAST,105,WIDTH_STRATUM_10NS,21,0,21,0
3,H300,1,LAST,105,WIDTH_STRATUM_GE20NS,164,0,164,0
3,H300,1,LAST,106,WIDTH_STRATUM_0NS,14,0,14,0
3,H300,1,LAST,106,WIDTH_STRATUM_10NS,23,0,23,0
3,H300,1,LAST,106,WIDTH_STRATUM_GE20NS,163,0,163,0
3,H300,1,LAST,107,WIDTH_STRATUM_0NS,17,0,17,0
3,H300,1,LAST,107,WIDTH_STRATUM_10NS,18,0,18,0
3,H300,1,LAST,107,WIDTH_STRATUM_GE20NS,165,0,165,0
3,H300,1,LAST,108,WIDTH_STRATUM_0NS,7,0,7,0
3,H300,1,LAST,108,WIDTH_STRATUM_10NS,25,0,25,0
3,H300,1,LAST,108,WIDTH_STRATUM_GE20NS,168,0,168,0
3,H300,1,LAST,109,WIDTH_STRATUM_0NS,18,0,18,0
3,H300,1,LAST,109,WIDTH_STRATUM_10NS,29,0,29,0
3,H300,1,LAST,109,WIDTH_STRATUM_GE20NS,153,0,153,0
3,H300,1,LAST,110,WIDTH_STRATUM_0NS,14,0,14,0
3,H300,1,LAST,110,WIDTH_STRATUM_10NS,25,0,25,0
3,H300,1,LAST,110,WIDTH_STRATUM_GE20NS,161,0,161,0
3,H300,1,LAST,111,WIDTH_STRATUM_0NS,15,0,15,0
3,H300,1,LAST,111,WIDTH_STRATUM_10NS,21,0,21,0
3,H300,1,LAST,111,WIDTH_STRATUM_GE20NS,164,0,164,0
3,H300,1,LAST,112,WIDTH_STRATUM_0NS,9,0,9,0
3,H300,1,LAST,112,WIDTH_STRATUM_10NS,22,0,22,0
3,H300,1,LAST,112,WIDTH_STRATUM_GE20NS,169,0,169,0
3,H300,1,LAST,113,WIDTH_STRATUM_0NS,14,0,14,0
3,H300,1,LAST,113,WIDTH_STRATUM_10NS,25,0,25,0
3,H300,1,LAST,113,WIDTH_STRATUM_GE20NS,161,0,161,0
3,H300,1,LAST,114,WIDTH_STRATUM_0NS,18,0,18,0
3,H300,1,LAST,114,WIDTH_STRATUM_10NS,29,0,29,0
3,H300,1,LAST,114,WIDTH_STRATUM_GE20NS,153,0,153,0
3,H300,1,LAST,115,WIDTH_STRATUM_0NS,11,0,11,0
3,H300,1,LAST,115,WIDTH_STRATUM_10NS,28,0,28,0
3,H300,1,LAST,115,WIDTH_STRATUM_GE20NS,161,0,161,0
3,H300,1,LAST,116,WIDTH_STRATUM_0NS,11,0,11,0
3,H300,1,LAST,116,WIDTH_STRATUM_10NS,23,0,23,0
3,H300,1,LAST,116,WIDTH_STRATUM_GE20NS,166,0,166,0
3,H300,1,LAST,117,WIDTH_STRATUM_0NS,11,0,11,0
3,H300,1,LAST,117,WIDTH_STRATUM_10NS,32,0,32,0
3,H300,1,LAST,117,WIDTH_STRATUM_GE20NS,157,1,156,1
3,H300,1,LAST,118,WIDTH_STRATUM_0NS,14,0,14,0
3,H300,1,LAST,118,WIDTH_STRATUM_10NS,23,0,23,0
3,H300,1,LAST,118,WIDTH_STRATUM_GE20NS,163,0,163,0
3,H300,1,LAST,119,WIDTH_STRATUM_0NS,17,0,17,0
3,H300,1,LAST,119,WIDTH_STRATUM_10NS,18,0,18,0
3,H300,1,LAST,119,WIDTH_STRATUM_GE20NS,165,0,165,0
3,H300,1,LAST,120,WIDTH_STRATUM_0NS,14,0,14,0
3,H300,1,LAST,120,WIDTH_STRATUM_10NS,18,0,18,0
3,H300,1,LAST,120,WIDTH_STRATUM_GE20NS,168,0,168,0
3,H300,1,LAST,121,WIDTH_STRATUM_0NS,9,0,9,0
3,H300,1,LAST,121,WIDTH_STRATUM_10NS,22,0,22,0
3,H300,1,LAST,121,WIDTH_STRATUM_GE20NS,169,0,169,0
3,H300,1,LAST,122,WIDTH_STRATUM_0NS,9,0,9,0
3,H300,1,LAST,122,WIDTH_STRATUM_10NS,22,0,22,0
3,H300,1,LAST,122,WIDTH_STRATUM_GE20NS,169,0,169,0
3,H300,1,LAST,123,WIDTH_STRATUM_0NS,7,0,7,0
3,H300,1,LAST,123,WIDTH_STRATUM_10NS,25,0,25,0
3,H300,1,LAST,123,WIDTH_STRATUM_GE20NS,168,0,168,0
3,H300,1,LAST,124,WIDTH_STRATUM_0NS,11,0,11,0
3,H300,1,LAST,124,WIDTH_STRATUM_10NS,25,0,25,0
3,H300,1,LAST,124,WIDTH_STRATUM_GE20NS,164,0,164,0
3,H300,1,LAST,125,WIDTH_STRATUM_0NS,14,0,14,0
3,H300,1,LAST,125,WIDTH_STRATUM_10NS,18,0,18,0
3,H300,1,LAST,125,WIDTH_STRATUM_GE20NS,168,1,167,1
3,H300,1,LAST,126,WIDTH_STRATUM_0NS,11,0,11,0
3,H300,1,LAST,126,WIDTH_STRATUM_10NS,25,1,24,1
3,H300,1,LAST,126,WIDTH_STRATUM_GE20NS,164,0,164,0
3,H300,1,LAST,127,WIDTH_STRATUM_0NS,15,0,15,0
3,H300,1,LAST,127,WIDTH_STRATUM_10NS,21,0,21,0
3,H300,1,LAST,127,WIDTH_STRATUM_GE20NS,164,0,164,0
3,H300,1,LAST,128,WIDTH_STRATUM_0NS,17,0,17,0
3,H300,1,LAST,128,WIDTH_STRATUM_10NS,18,0,18,0
3,H300,1,LAST,128,WIDTH_STRATUM_GE20NS,165,0,165,0
3,H300,1,LAST,129,WIDTH_STRATUM_0NS,14,0,14,0
3,H300,1,LAST,129,WIDTH_STRATUM_10NS,23,0,23,0
3,H300,1,LAST,129,WIDTH_STRATUM_GE20NS,163,0,163,0
3,H300,1,LAST,130,WIDTH_STRATUM_0NS,11,0,11,0
3,H300,1,LAST,130,WIDTH_STRATUM_10NS,32,0,32,0
3,H300,1,LAST,130,WIDTH_STRATUM_GE20NS,157,0,157,0
3,H300,1,LAST,131,WIDTH_STRATUM_0NS,14,0,14,0
3,H300,1,LAST,131,WIDTH_STRATUM_10NS,25,0,25,0
3,H300,1,LAST,131,WIDTH_STRATUM_GE20NS,161,0,161,0
3,H300,1,LAST,132,WIDTH_STRATUM_0NS,11,0,11,0
3,H300,1,LAST,132,WIDTH_STRATUM_10NS,25,0,25,0
3,H300,1,LAST,132,WIDTH_STRATUM_GE20NS,164,0,164,0
3,H300,1,LAST,133,WIDTH_STRATUM_0NS,11,0,11,0
3,H300,1,LAST,133,WIDTH_STRATUM_10NS,25,0,25,0
3,H300,1,LAST,133,WIDTH_STRATUM_GE20NS,164,0,164,0
3,H300,1,LAST,134,WIDTH_STRATUM_0NS,11,0,11,0
3,H300,1,LAST,134,WIDTH_STRATUM_10NS,32,0,32,0
3,H300,1,LAST,134,WIDTH_STRATUM_GE20NS,157,0,157,0
3,H300,1,LAST,135,WIDTH_STRATUM_0NS,14,0,14,0
3,H300,1,LAST,135,WIDTH_STRATUM_10NS,25,0,25,0
3,H300,1,LAST,135,WIDTH_STRATUM_GE20NS,161,0,161,0
3,H300,1,LAST,136,WIDTH_STRATUM_0NS,11,0,11,0
3,H300,1,LAST,136,WIDTH_STRATUM_10NS,28,0,28,0
3,H300,1,LAST,136,WIDTH_STRATUM_GE20NS,161,0,161,0
3,H300,1,LAST,137,WIDTH_STRATUM_0NS,8,0,8,0
3,H300,1,LAST,137,WIDTH_STRATUM_10NS,16,0,16,0
3,H300,1,LAST,137,WIDTH_STRATUM_GE20NS,176,1,175,1
3,H300,1,LAST,138,WIDTH_STRATUM_0NS,12,0,12,0
3,H300,1,LAST,138,WIDTH_STRATUM_10NS,11,0,11,0
3,H300,1,LAST,138,WIDTH_STRATUM_GE20NS,177,0,177,0
3,H300,1,LAST,139,WIDTH_STRATUM_0NS,12,0,12,0
3,H300,1,LAST,139,WIDTH_STRATUM_10NS,11,0,11,0
3,H300,1,LAST,139,WIDTH_STRATUM_GE20NS,177,0,177,0
3,H300,1,LAST,140,WIDTH_STRATUM_0NS,18,0,18,0
3,H300,1,LAST,140,WIDTH_STRATUM_10NS,29,0,29,0
3,H300,1,LAST,140,WIDTH_STRATUM_GE20NS,153,0,153,0
3,H300,1,LAST,141,WIDTH_STRATUM_0NS,18,0,18,0
3,H300,1,LAST,141,WIDTH_STRATUM_10NS,29,0,29,0
3,H300,1,LAST,141,WIDTH_STRATUM_GE20NS,153,0,153,0
3,H300,1,LAST,142,WIDTH_STRATUM_0NS,14,0,14,0
3,H300,1,LAST,142,WIDTH_STRATUM_10NS,18,0,18,0
3,H300,1,LAST,142,WIDTH_STRATUM_GE20NS,168,0,168,0
3,H300,1,LAST,143,WIDTH_STRATUM_0NS,18,0,18,0
3,H300,1,LAST,143,WIDTH_STRATUM_10NS,32,0,32,0
3,H300,1,LAST,143,WIDTH_STRATUM_GE20NS,150,0,150,0
3,H300,1,LAST,144,WIDTH_STRATUM_0NS,11,0,11,0
3,H300,1,LAST,144,WIDTH_STRATUM_10NS,28,0,28,0
3,H300,1,LAST,144,WIDTH_STRATUM_GE20NS,161,0,161,0
3,H300,1,LAST,145,WIDTH_STRATUM_0NS,12,0,12,0
3,H300,1,LAST,145,WIDTH_STRATUM_10NS,11,0,11,0
3,H300,1,LAST,145,WIDTH_STRATUM_GE20NS,177,0,177,0
3,H300,1,LAST,146,WIDTH_STRATUM_0NS,11,0,11,0
3,H300,1,LAST,146,WIDTH_STRATUM_10NS,28,0,28,0
3,H300,1,LAST,146,WIDTH_STRATUM_GE20NS,161,0,161,0
3,H300,1,LAST,147,WIDTH_STRATUM_0NS,15,0,15,0
3,H300,1,LAST,147,WIDTH_STRATUM_10NS,21,0,21,0
3,H300,1,LAST,147,WIDTH_STRATUM_GE20NS,164,0,164,0
3,H300,1,LAST,148,WIDTH_STRATUM_0NS,14,0,14,0
3,H300,1,LAST,148,WIDTH_STRATUM_10NS,23,0,23,0
3,H300,1,LAST,148,WIDTH_STRATUM_GE20NS,163,0,163,0
3,H300,1,LAST,149,WIDTH_STRATUM_0NS,11,0,11,0
3,H300,1,LAST,149,WIDTH_STRATUM_10NS,28,0,28,0
3,H300,1,LAST,149,WIDTH_STRATUM_GE20NS,161,0,161,0
3,H300,1,LAST,150,WIDTH_STRATUM_0NS,14,0,14,0
3,H300,1,LAST,150,WIDTH_STRATUM_10NS,25,0,25,0
3,H300,1,LAST,150,WIDTH_STRATUM_GE20NS,161,0,161,0
3,H300,1,LAST,151,WIDTH_STRATUM_0NS,10,0,10,0
3,H300,1,LAST,151,WIDTH_STRATUM_10NS,26,0,26,0
3,H300,1,LAST,151,WIDTH_STRATUM_GE20NS,164,0,164,0
3,H300,1,LAST,152,WIDTH_STRATUM_0NS,18,0,18,0
3,H300,1,LAST,152,WIDTH_STRATUM_10NS,32,0,32,0
3,H300,1,LAST,152,WIDTH_STRATUM_GE20NS,150,0,150,0
3,H300,1,LAST,153,WIDTH_STRATUM_0NS,9,0,9,0
3,H300,1,LAST,153,WIDTH_STRATUM_10NS,22,0,22,0
3,H300,1,LAST,153,WIDTH_STRATUM_GE20NS,169,0,169,0
3,H300,1,LAST,154,WIDTH_STRATUM_0NS,14,0,14,0
3,H300,1,LAST,154,WIDTH_STRATUM_10NS,25,0,25,0
3,H300,1,LAST,154,WIDTH_STRATUM_GE20NS,161,0,161,0
3,H300,1,LAST,155,WIDTH_STRATUM_0NS,7,0,7,0
3,H300,1,LAST,155,WIDTH_STRATUM_10NS,25,0,25,0
3,H300,1,LAST,155,WIDTH_STRATUM_GE20NS,168,0,168,0
3,H300,1,LAST,156,WIDTH_STRATUM_0NS,14,0,14,0
3,H300,1,LAST,156,WIDTH_STRATUM_10NS,18,0,18,0
3,H300,1,LAST,156,WIDTH_STRATUM_GE20NS,168,0,168,0
3,H300,1,LAST,157,WIDTH_STRATUM_0NS,8,0,8,0
3,H300,1,LAST,157,WIDTH_STRATUM_10NS,16,0,16,0
3,H300,1,LAST,157,WIDTH_STRATUM_GE20NS,176,0,176,0
3,H300,1,LAST,158,WIDTH_STRATUM_0NS,14,0,14,0
3,H300,1,LAST,158,WIDTH_STRATUM_10NS,18,0,18,0
3,H300,1,LAST,158,WIDTH_STRATUM_GE20NS,168,0,168,0
3,H300,1,LAST,159,WIDTH_STRATUM_0NS,18,0,18,0
3,H300,1,LAST,159,WIDTH_STRATUM_10NS,32,0,32,0
3,H300,1,LAST,159,WIDTH_STRATUM_GE20NS,150,0,150,0
3,H300,1,LAST,160,WIDTH_STRATUM_0NS,11,0,11,0
3,H300,1,LAST,160,WIDTH_STRATUM_10NS,25,0,25,0
3,H300,1,LAST,160,WIDTH_STRATUM_GE20NS,164,0,164,0
3,H300,1,LAST,161,WIDTH_STRATUM_0NS,15,0,15,0
3,H300,1,LAST,161,WIDTH_STRATUM_10NS,21,0,21,0
3,H300,1,LAST,161,WIDTH_STRATUM_GE20NS,164,0,164,0
3,H300,1,LAST,162,WIDTH_STRATUM_0NS,11,0,11,0
3,H300,1,LAST,162,WIDTH_STRATUM_10NS,28,0,28,0
3,H300,1,LAST,162,WIDTH_STRATUM_GE20NS,161,0,161,0
3,H300,1,LAST,163,WIDTH_STRATUM_0NS,10,0,10,0
3,H300,1,LAST,163,WIDTH_STRATUM_10NS,26,0,26,0
3,H300,1,LAST,163,WIDTH_STRATUM_GE20NS,164,0,164,0
3,H300,1,LAST,164,WIDTH_STRATUM_0NS,12,0,12,0
3,H300,1,LAST,164,WIDTH_STRATUM_10NS,11,0,11,0
3,H300,1,LAST,164,WIDTH_STRATUM_GE20NS,177,0,177,0
3,H300,1,LAST,165,WIDTH_STRATUM_0NS,14,0,14,0
3,H300,1,LAST,165,WIDTH_STRATUM_10NS,23,0,23,0
3,H300,1,LAST,165,WIDTH_STRATUM_GE20NS,163,0,163,0
3,H300,1,LAST,166,WIDTH_STRATUM_0NS,17,0,17,0
3,H300,1,LAST,166,WIDTH_STRATUM_10NS,18,0,18,0
3,H300,1,LAST,166,WIDTH_STRATUM_GE20NS,165,0,165,0
3,H300,1,LAST,167,WIDTH_STRATUM_0NS,11,0,11,0
3,H300,1,LAST,167,WIDTH_STRATUM_10NS,23,0,23,0
3,H300,1,LAST,167,WIDTH_STRATUM_GE20NS,166,0,166,0
3,H300,1,LAST,168,WIDTH_STRATUM_0NS,12,0,12,0
3,H300,1,LAST,168,WIDTH_STRATUM_10NS,11,0,11,0
3,H300,1,LAST,168,WIDTH_STRATUM_GE20NS,177,0,177,0
3,H300,1,LAST,169,WIDTH_STRATUM_0NS,11,0,11,0
3,H300,1,LAST,169,WIDTH_STRATUM_10NS,25,0,25,0
3,H300,1,LAST,169,WIDTH_STRATUM_GE20NS,164,0,164,0
3,H300,1,LAST,170,WIDTH_STRATUM_0NS,8,0,8,0
3,H300,1,LAST,170,WIDTH_STRATUM_10NS,16,0,16,0
3,H300,1,LAST,170,WIDTH_STRATUM_GE20NS,176,1,175,1
3,H300,1,LAST,171,WIDTH_STRATUM_0NS,11,0,11,0
3,H300,1,LAST,171,WIDTH_STRATUM_10NS,25,0,25,0
3,H300,1,LAST,171,WIDTH_STRATUM_GE20NS,164,0,164,0
3,H300,1,LAST,172,WIDTH_STRATUM_0NS,10,0,10,0
3,H300,1,LAST,172,WIDTH_STRATUM_10NS,26,0,26,0
3,H300,1,LAST,172,WIDTH_STRATUM_GE20NS,164,0,164,0
3,H300,1,LAST,173,WIDTH_STRATUM_0NS,18,0,18,0
3,H300,1,LAST,173,WIDTH_STRATUM_10NS,29,0,29,0
3,H300,1,LAST,173,WIDTH_STRATUM_GE20NS,153,0,153,0
3,H300,1,LAST,174,WIDTH_STRATUM_0NS,18,0,18,0
3,H300,1,LAST,174,WIDTH_STRATUM_10NS,29,0,29,0
3,H300,1,LAST,174,WIDTH_STRATUM_GE20NS,153,1,152,1
3,H300,1,LAST,175,WIDTH_STRATUM_0NS,18,0,18,0
3,H300,1,LAST,175,WIDTH_STRATUM_10NS,29,0,29,0
3,H300,1,LAST,175,WIDTH_STRATUM_GE20NS,153,0,153,0
3,H300,1,LAST,176,WIDTH_STRATUM_0NS,10,0,10,0
3,H300,1,LAST,176,WIDTH_STRATUM_10NS,26,0,26,0
3,H300,1,LAST,176,WIDTH_STRATUM_GE20NS,164,0,164,0
3,H300,1,LAST,177,WIDTH_STRATUM_0NS,11,0,11,0
3,H300,1,LAST,177,WIDTH_STRATUM_10NS,25,0,25,0
3,H300,1,LAST,177,WIDTH_STRATUM_GE20NS,164,0,164,0
3,H300,1,LAST,178,WIDTH_STRATUM_0NS,11,0,11,0
3,H300,1,LAST,178,WIDTH_STRATUM_10NS,28,0,28,0
3,H300,1,LAST,178,WIDTH_STRATUM_GE20NS,161,0,161,0
3,H300,1,LAST,179,WIDTH_STRATUM_0NS,11,0,11,0
3,H300,1,LAST,179,WIDTH_STRATUM_10NS,28,0,28,0
3,H300,1,LAST,179,WIDTH_STRATUM_GE20NS,161,0,161,0
3,H300,1,LAST,180,WIDTH_STRATUM_0NS,14,0,14,0
3,H300,1,LAST,180,WIDTH_STRATUM_10NS,18,0,18,0
3,H300,1,LAST,180,WIDTH_STRATUM_GE20NS,168,0,168,0
3,H300,1,LAST,181,WIDTH_STRATUM_0NS,12,0,12,0
3,H300,1,LAST,181,WIDTH_STRATUM_10NS,11,0,11,0
3,H300,1,LAST,181,WIDTH_STRATUM_GE20NS,177,0,177,0
3,H300,1,LAST,182,WIDTH_STRATUM_0NS,15,0,15,0
3,H300,1,LAST,182,WIDTH_STRATUM_10NS,21,0,21,0
3,H300,1,LAST,182,WIDTH_STRATUM_GE20NS,164,0,164,0
3,H300,1,LAST,183,WIDTH_STRATUM_0NS,11,0,11,0
3,H300,1,LAST,183,WIDTH_STRATUM_10NS,32,0,32,0
3,H300,1,LAST,183,WIDTH_STRATUM_GE20NS,157,1,156,1
3,H300,1,LAST,184,WIDTH_STRATUM_0NS,10,0,10,0
3,H300,1,LAST,184,WIDTH_STRATUM_10NS,26,0,26,0
3,H300,1,LAST,184,WIDTH_STRATUM_GE20NS,164,0,164,0
3,H300,1,LAST,185,WIDTH_STRATUM_0NS,11,0,11,0
3,H300,1,LAST,185,WIDTH_STRATUM_10NS,23,0,23,0
3,H300,1,LAST,185,WIDTH_STRATUM_GE20NS,166,0,166,0
3,H300,1,LAST,186,WIDTH_STRATUM_0NS,11,0,11,0
3,H300,1,LAST,186,WIDTH_STRATUM_10NS,23,0,23,0
3,H300,1,LAST,186,WIDTH_STRATUM_GE20NS,166,0,166,0
3,H300,1,LAST,187,WIDTH_STRATUM_0NS,11,0,11,0
3,H300,1,LAST,187,WIDTH_STRATUM_10NS,28,0,28,0
3,H300,1,LAST,187,WIDTH_STRATUM_GE20NS,161,0,161,0
3,H300,1,LAST,188,WIDTH_STRATUM_0NS,14,0,14,0
3,H300,1,LAST,188,WIDTH_STRATUM_10NS,25,0,25,0
3,H300,1,LAST,188,WIDTH_STRATUM_GE20NS,161,0,161,0
3,H300,1,LAST,189,WIDTH_STRATUM_0NS,11,0,11,0
3,H300,1,LAST,189,WIDTH_STRATUM_10NS,28,0,28,0
3,H300,1,LAST,189,WIDTH_STRATUM_GE20NS,161,0,161,0
3,H300,1,LAST,190,WIDTH_STRATUM_0NS,8,0,8,0
3,H300,1,LAST,190,WIDTH_STRATUM_10NS,16,0,16,0
3,H300,1,LAST,190,WIDTH_STRATUM_GE20NS,176,0,176,0
3,H300,1,LAST,191,WIDTH_STRATUM_0NS,17,0,17,0
3,H300,1,LAST,191,WIDTH_STRATUM_10NS,18,0,18,0
3,H300,1,LAST,191,WIDTH_STRATUM_GE20NS,165,0,165,0
3,H300,1,LAST,192,WIDTH_STRATUM_0NS,10,0,10,0
3,H300,1,LAST,192,WIDTH_STRATUM_10NS,26,0,26,0
3,H300,1,LAST,192,WIDTH_STRATUM_GE20NS,164,0,164,0
3,H300,1,LAST,193,WIDTH_STRATUM_0NS,11,0,11,0
3,H300,1,LAST,193,WIDTH_STRATUM_10NS,23,0,23,0
3,H300,1,LAST,193,WIDTH_STRATUM_GE20NS,166,0,166,0
3,H300,1,LAST,194,WIDTH_STRATUM_0NS,18,0,18,0
3,H300,1,LAST,194,WIDTH_STRATUM_10NS,29,0,29,0
3,H300,1,LAST,194,WIDTH_STRATUM_GE20NS,153,0,153,0
3,H300,1,LAST,195,WIDTH_STRATUM_0NS,18,0,18,0
3,H300,1,LAST,195,WIDTH_STRATUM_10NS,32,0,32,0
3,H300,1,LAST,195,WIDTH_STRATUM_GE20NS,150,0,150,0
3,H300,1,LAST,196,WIDTH_STRATUM_0NS,11,0,11,0
3,H300,1,LAST,196,WIDTH_STRATUM_10NS,32,0,32,0
3,H300,1,LAST,196,WIDTH_STRATUM_GE20NS,157,0,157,0
3,H300,1,LAST,197,WIDTH_STRATUM_0NS,18,0,18,0
3,H300,1,LAST,197,WIDTH_STRATUM_10NS,32,0,32,0
3,H300,1,LAST,197,WIDTH_STRATUM_GE20NS,150,0,150,0
3,H300,1,LAST,198,WIDTH_STRATUM_0NS,11,0,11,0
3,H300,1,LAST,198,WIDTH_STRATUM_10NS,32,0,32,0
3,H300,1,LAST,198,WIDTH_STRATUM_GE20NS,157,0,157,0
3,H300,1,LAST,199,WIDTH_STRATUM_0NS,12,0,12,0
3,H300,1,LAST,199,WIDTH_STRATUM_10NS,11,0,11,0
3,H300,1,LAST,199,WIDTH_STRATUM_GE20NS,177,0,177,0
3,H300,1,LAST,200,WIDTH_STRATUM_0NS,11,0,11,0
3,H300,1,LAST,200,WIDTH_STRATUM_10NS,25,0,25,0
3,H300,1,LAST,200,WIDTH_STRATUM_GE20NS,164,0,164,0
3,H300,2,T,1,WIDTH_STRATUM_0NS,17,3,14,3
3,H300,2,T,1,WIDTH_STRATUM_10NS,18,5,13,3
3,H300,2,T,1,WIDTH_STRATUM_GE20NS,165,20,145,9
3,H300,2,T,2,WIDTH_STRATUM_0NS,14,2,12,1
3,H300,2,T,2,WIDTH_STRATUM_10NS,23,3,20,1
3,H300,2,T,2,WIDTH_STRATUM_GE20NS,163,37,126,24
3,H300,2,T,3,WIDTH_STRATUM_0NS,14,4,10,2
3,H300,2,T,3,WIDTH_STRATUM_10NS,23,8,15,7
3,H300,2,T,3,WIDTH_STRATUM_GE20NS,163,53,110,29
3,H300,2,T,4,WIDTH_STRATUM_0NS,8,1,7,0
3,H300,2,T,4,WIDTH_STRATUM_10NS,16,3,13,2
3,H300,2,T,4,WIDTH_STRATUM_GE20NS,176,33,143,18
3,H300,2,T,5,WIDTH_STRATUM_0NS,9,3,6,3
3,H300,2,T,5,WIDTH_STRATUM_10NS,22,7,15,3
3,H300,2,T,5,WIDTH_STRATUM_GE20NS,169,37,132,19
3,H300,2,T,6,WIDTH_STRATUM_0NS,9,4,5,2
3,H300,2,T,6,WIDTH_STRATUM_10NS,22,3,19,2
3,H300,2,T,6,WIDTH_STRATUM_GE20NS,169,24,145,12
3,H300,2,T,7,WIDTH_STRATUM_0NS,10,1,9,0
3,H300,2,T,7,WIDTH_STRATUM_10NS,26,13,13,6
3,H300,2,T,7,WIDTH_STRATUM_GE20NS,164,51,113,24
3,H300,2,T,8,WIDTH_STRATUM_0NS,11,0,11,0
3,H300,2,T,8,WIDTH_STRATUM_10NS,23,10,13,7
3,H300,2,T,8,WIDTH_STRATUM_GE20NS,166,45,121,23
3,H300,2,T,9,WIDTH_STRATUM_0NS,17,4,13,2
3,H300,2,T,9,WIDTH_STRATUM_10NS,18,5,13,3
3,H300,2,T,9,WIDTH_STRATUM_GE20NS,165,56,109,23
3,H300,2,T,10,WIDTH_STRATUM_0NS,14,2,12,2
3,H300,2,T,10,WIDTH_STRATUM_10NS,18,1,17,0
3,H300,2,T,10,WIDTH_STRATUM_GE20NS,168,21,147,12
3,H300,2,T,11,WIDTH_STRATUM_0NS,14,4,10,1
3,H300,2,T,11,WIDTH_STRATUM_10NS,25,5,20,3
3,H300,2,T,11,WIDTH_STRATUM_GE20NS,161,38,123,21
3,H300,2,T,12,WIDTH_STRATUM_0NS,18,5,13,3
3,H300,2,T,12,WIDTH_STRATUM_10NS,29,8,21,5
3,H300,2,T,12,WIDTH_STRATUM_GE20NS,153,65,88,44
3,H300,2,T,13,WIDTH_STRATUM_0NS,11,0,11,0
3,H300,2,T,13,WIDTH_STRATUM_10NS,32,10,22,4
3,H300,2,T,13,WIDTH_STRATUM_GE20NS,157,31,126,20
3,H300,2,T,14,WIDTH_STRATUM_0NS,18,3,15,1
3,H300,2,T,14,WIDTH_STRATUM_10NS,29,2,27,1
3,H300,2,T,14,WIDTH_STRATUM_GE20NS,153,8,145,5
3,H300,2,T,15,WIDTH_STRATUM_0NS,10,2,8,1
3,H300,2,T,15,WIDTH_STRATUM_10NS,26,9,17,6
3,H300,2,T,15,WIDTH_STRATUM_GE20NS,164,61,103,30
3,H300,2,T,16,WIDTH_STRATUM_0NS,12,7,5,4
3,H300,2,T,16,WIDTH_STRATUM_10NS,11,3,8,1
3,H300,2,T,16,WIDTH_STRATUM_GE20NS,177,67,110,37
3,H300,2,T,17,WIDTH_STRATUM_0NS,11,5,6,3
3,H300,2,T,17,WIDTH_STRATUM_10NS,23,7,16,4
3,H300,2,T,17,WIDTH_STRATUM_GE20NS,166,74,92,35
3,H300,2,T,18,WIDTH_STRATUM_0NS,14,5,9,2
3,H300,2,T,18,WIDTH_STRATUM_10NS,18,2,16,0
3,H300,2,T,18,WIDTH_STRATUM_GE20NS,168,39,129,21
3,H300,2,T,19,WIDTH_STRATUM_0NS,18,2,16,1
3,H300,2,T,19,WIDTH_STRATUM_10NS,32,7,25,5
3,H300,2,T,19,WIDTH_STRATUM_GE20NS,150,39,111,20
3,H300,2,T,20,WIDTH_STRATUM_0NS,10,2,8,2
3,H300,2,T,20,WIDTH_STRATUM_10NS,26,8,18,5
3,H300,2,T,20,WIDTH_STRATUM_GE20NS,164,66,98,39
3,H300,2,T,21,WIDTH_STRATUM_0NS,8,1,7,1
3,H300,2,T,21,WIDTH_STRATUM_10NS,16,3,13,0
3,H300,2,T,21,WIDTH_STRATUM_GE20NS,176,15,161,9
3,H300,2,T,22,WIDTH_STRATUM_0NS,14,3,11,2
3,H300,2,T,22,WIDTH_STRATUM_10NS,23,6,17,4
3,H300,2,T,22,WIDTH_STRATUM_GE20NS,163,48,115,23
3,H300,2,T,23,WIDTH_STRATUM_0NS,11,3,8,1
3,H300,2,T,23,WIDTH_STRATUM_10NS,28,7,21,4
3,H300,2,T,23,WIDTH_STRATUM_GE20NS,161,17,144,7
3,H300,2,T,24,WIDTH_STRATUM_0NS,11,5,6,2
3,H300,2,T,24,WIDTH_STRATUM_10NS,28,9,19,7
3,H300,2,T,24,WIDTH_STRATUM_GE20NS,161,69,92,35
3,H300,2,T,25,WIDTH_STRATUM_0NS,18,5,13,4
3,H300,2,T,25,WIDTH_STRATUM_10NS,32,4,28,4
3,H300,2,T,25,WIDTH_STRATUM_GE20NS,150,16,134,6
3,H300,2,T,26,WIDTH_STRATUM_0NS,9,1,8,1
3,H300,2,T,26,WIDTH_STRATUM_10NS,22,7,15,4
3,H300,2,T,26,WIDTH_STRATUM_GE20NS,169,44,125,23
3,H300,2,T,27,WIDTH_STRATUM_0NS,11,1,10,0
3,H300,2,T,27,WIDTH_STRATUM_10NS,23,1,22,1
3,H300,2,T,27,WIDTH_STRATUM_GE20NS,166,28,138,11
3,H300,2,T,28,WIDTH_STRATUM_0NS,17,1,16,1
3,H300,2,T,28,WIDTH_STRATUM_10NS,18,2,16,0
3,H300,2,T,28,WIDTH_STRATUM_GE20NS,165,25,140,15
3,H300,2,T,29,WIDTH_STRATUM_0NS,12,4,8,2
3,H300,2,T,29,WIDTH_STRATUM_10NS,11,0,11,0
3,H300,2,T,29,WIDTH_STRATUM_GE20NS,177,36,141,18
3,H300,2,T,30,WIDTH_STRATUM_0NS,12,5,7,3
3,H300,2,T,30,WIDTH_STRATUM_10NS,11,5,6,1
3,H300,2,T,30,WIDTH_STRATUM_GE20NS,177,87,90,44
3,H300,2,T,31,WIDTH_STRATUM_0NS,12,7,5,3
3,H300,2,T,31,WIDTH_STRATUM_10NS,11,4,7,1
3,H300,2,T,31,WIDTH_STRATUM_GE20NS,177,73,104,38
3,H300,2,T,32,WIDTH_STRATUM_0NS,18,5,13,4
3,H300,2,T,32,WIDTH_STRATUM_10NS,32,9,23,3
3,H300,2,T,32,WIDTH_STRATUM_GE20NS,150,45,105,25
3,H300,2,T,33,WIDTH_STRATUM_0NS,11,0,11,0
3,H300,2,T,33,WIDTH_STRATUM_10NS,25,0,25,0
3,H300,2,T,33,WIDTH_STRATUM_GE20NS,164,2,162,2
3,H300,2,T,34,WIDTH_STRATUM_0NS,11,1,10,1
3,H300,2,T,34,WIDTH_STRATUM_10NS,25,5,20,3
3,H300,2,T,34,WIDTH_STRATUM_GE20NS,164,35,129,18
3,H300,2,T,35,WIDTH_STRATUM_0NS,11,3,8,2
3,H300,2,T,35,WIDTH_STRATUM_10NS,25,9,16,3
3,H300,2,T,35,WIDTH_STRATUM_GE20NS,164,49,115,21
3,H300,2,T,36,WIDTH_STRATUM_0NS,15,7,8,3
3,H300,2,T,36,WIDTH_STRATUM_10NS,21,5,16,4
3,H300,2,T,36,WIDTH_STRATUM_GE20NS,164,51,113,22
3,H300,2,T,37,WIDTH_STRATUM_0NS,11,0,11,0
3,H300,2,T,37,WIDTH_STRATUM_10NS,23,9,14,3
3,H300,2,T,37,WIDTH_STRATUM_GE20NS,166,37,129,18
3,H300,2,T,38,WIDTH_STRATUM_0NS,11,1,10,1
3,H300,2,T,38,WIDTH_STRATUM_10NS,23,7,16,5
3,H300,2,T,38,WIDTH_STRATUM_GE20NS,166,50,116,24
3,H300,2,T,39,WIDTH_STRATUM_0NS,17,5,12,1
3,H300,2,T,39,WIDTH_STRATUM_10NS,18,2,16,1
3,H300,2,T,39,WIDTH_STRATUM_GE20NS,165,39,126,21
3,H300,2,T,40,WIDTH_STRATUM_0NS,10,4,6,0
3,H300,2,T,40,WIDTH_STRATUM_10NS,26,10,16,4
3,H300,2,T,40,WIDTH_STRATUM_GE20NS,164,72,92,33
3,H300,2,T,41,WIDTH_STRATUM_0NS,7,1,6,0
3,H300,2,T,41,WIDTH_STRATUM_10NS,25,1,24,0
3,H300,2,T,41,WIDTH_STRATUM_GE20NS,168,9,159,7
3,H300,2,T,42,WIDTH_STRATUM_0NS,14,2,12,2
3,H300,2,T,42,WIDTH_STRATUM_10NS,18,4,14,2
3,H300,2,T,42,WIDTH_STRATUM_GE20NS,168,51,117,24
3,H300,2,T,43,WIDTH_STRATUM_0NS,10,6,4,3
3,H300,2,T,43,WIDTH_STRATUM_10NS,26,11,15,6
3,H300,2,T,43,WIDTH_STRATUM_GE20NS,164,75,89,33
3,H300,2,T,44,WIDTH_STRATUM_0NS,18,6,12,2
3,H300,2,T,44,WIDTH_STRATUM_10NS,32,13,19,2
3,H300,2,T,44,WIDTH_STRATUM_GE20NS,150,60,90,27
3,H300,2,T,45,WIDTH_STRATUM_0NS,12,6,6,3
3,H300,2,T,45,WIDTH_STRATUM_10NS,11,6,5,5
3,H300,2,T,45,WIDTH_STRATUM_GE20NS,177,60,117,34
3,H300,2,T,46,WIDTH_STRATUM_0NS,18,2,16,1
3,H300,2,T,46,WIDTH_STRATUM_10NS,29,1,28,1
3,H300,2,T,46,WIDTH_STRATUM_GE20NS,153,2,151,1
3,H300,2,T,47,WIDTH_STRATUM_0NS,10,6,4,4
3,H300,2,T,47,WIDTH_STRATUM_10NS,26,8,18,3
3,H300,2,T,47,WIDTH_STRATUM_GE20NS,164,65,99,34
3,H300,2,T,48,WIDTH_STRATUM_0NS,11,4,7,0
3,H300,2,T,48,WIDTH_STRATUM_10NS,23,6,17,2
3,H300,2,T,48,WIDTH_STRATUM_GE20NS,166,45,121,22
3,H300,2,T,49,WIDTH_STRATUM_0NS,18,1,17,1
3,H300,2,T,49,WIDTH_STRATUM_10NS,32,12,20,6
3,H300,2,T,49,WIDTH_STRATUM_GE20NS,150,47,103,28
3,H300,2,T,50,WIDTH_STRATUM_0NS,18,5,13,1
3,H300,2,T,50,WIDTH_STRATUM_10NS,29,7,22,4
3,H300,2,T,50,WIDTH_STRATUM_GE20NS,153,26,127,14
3,H300,2,T,51,WIDTH_STRATUM_0NS,11,2,9,2
3,H300,2,T,51,WIDTH_STRATUM_10NS,28,7,21,4
3,H300,2,T,51,WIDTH_STRATUM_GE20NS,161,41,120,24
3,H300,2,T,52,WIDTH_STRATUM_0NS,14,2,12,0
3,H300,2,T,52,WIDTH_STRATUM_10NS,25,6,19,4
3,H300,2,T,52,WIDTH_STRATUM_GE20NS,161,54,107,23
3,H300,2,T,53,WIDTH_STRATUM_0NS,11,4,7,1
3,H300,2,T,53,WIDTH_STRATUM_10NS,32,17,15,6
3,H300,2,T,53,WIDTH_STRATUM_GE20NS,157,77,80,34
3,H300,2,T,54,WIDTH_STRATUM_0NS,14,2,12,2
3,H300,2,T,54,WIDTH_STRATUM_10NS,25,6,19,4
3,H300,2,T,54,WIDTH_STRATUM_GE20NS,161,26,135,15
3,H300,2,T,55,WIDTH_STRATUM_0NS,12,4,8,2
3,H300,2,T,55,WIDTH_STRATUM_10NS,11,5,6,3
3,H300,2,T,55,WIDTH_STRATUM_GE20NS,177,50,127,30
3,H300,2,T,56,WIDTH_STRATUM_0NS,11,1,10,1
3,H300,2,T,56,WIDTH_STRATUM_10NS,28,3,25,3
3,H300,2,T,56,WIDTH_STRATUM_GE20NS,161,14,147,8
3,H300,2,T,57,WIDTH_STRATUM_0NS,15,2,13,1
3,H300,2,T,57,WIDTH_STRATUM_10NS,21,4,17,2
3,H300,2,T,57,WIDTH_STRATUM_GE20NS,164,26,138,17
3,H300,2,T,58,WIDTH_STRATUM_0NS,12,2,10,1
3,H300,2,T,58,WIDTH_STRATUM_10NS,11,0,11,0
3,H300,2,T,58,WIDTH_STRATUM_GE20NS,177,37,140,20
3,H300,2,T,59,WIDTH_STRATUM_0NS,18,0,18,0
3,H300,2,T,59,WIDTH_STRATUM_10NS,32,1,31,1
3,H300,2,T,59,WIDTH_STRATUM_GE20NS,150,14,136,6
3,H300,2,T,60,WIDTH_STRATUM_0NS,8,3,5,3
3,H300,2,T,60,WIDTH_STRATUM_10NS,16,4,12,2
3,H300,2,T,60,WIDTH_STRATUM_GE20NS,176,37,139,17
3,H300,2,T,61,WIDTH_STRATUM_0NS,11,3,8,3
3,H300,2,T,61,WIDTH_STRATUM_10NS,28,10,18,7
3,H300,2,T,61,WIDTH_STRATUM_GE20NS,161,39,122,23
3,H300,2,T,62,WIDTH_STRATUM_0NS,14,2,12,2
3,H300,2,T,62,WIDTH_STRATUM_10NS,25,4,21,2
3,H300,2,T,62,WIDTH_STRATUM_GE20NS,161,29,132,14
3,H300,2,T,63,WIDTH_STRATUM_0NS,11,0,11,0
3,H300,2,T,63,WIDTH_STRATUM_10NS,23,0,23,0
3,H300,2,T,63,WIDTH_STRATUM_GE20NS,166,7,159,4
3,H300,2,T,64,WIDTH_STRATUM_0NS,14,6,8,2
3,H300,2,T,64,WIDTH_STRATUM_10NS,23,8,15,4
3,H300,2,T,64,WIDTH_STRATUM_GE20NS,163,72,91,34
3,H300,2,T,65,WIDTH_STRATUM_0NS,14,3,11,3
3,H300,2,T,65,WIDTH_STRATUM_10NS,25,9,16,5
3,H300,2,T,65,WIDTH_STRATUM_GE20NS,161,41,120,25
3,H300,2,T,66,WIDTH_STRATUM_0NS,18,2,16,1
3,H300,2,T,66,WIDTH_STRATUM_10NS,32,9,23,6
3,H300,2,T,66,WIDTH_STRATUM_GE20NS,150,27,123,12
3,H300,2,T,67,WIDTH_STRATUM_0NS,12,5,7,2
3,H300,2,T,67,WIDTH_STRATUM_10NS,11,4,7,2
3,H300,2,T,67,WIDTH_STRATUM_GE20NS,177,51,126,26
3,H300,2,T,68,WIDTH_STRATUM_0NS,11,1,10,1
3,H300,2,T,68,WIDTH_STRATUM_10NS,25,0,25,0
3,H300,2,T,68,WIDTH_STRATUM_GE20NS,164,22,142,11
3,H300,2,T,69,WIDTH_STRATUM_0NS,18,5,13,2
3,H300,2,T,69,WIDTH_STRATUM_10NS,29,11,18,6
3,H300,2,T,69,WIDTH_STRATUM_GE20NS,153,84,69,37
3,H300,2,T,70,WIDTH_STRATUM_0NS,17,0,17,0
3,H300,2,T,70,WIDTH_STRATUM_10NS,18,3,15,2
3,H300,2,T,70,WIDTH_STRATUM_GE20NS,165,9,156,5
3,H300,2,T,71,WIDTH_STRATUM_0NS,15,5,10,4
3,H300,2,T,71,WIDTH_STRATUM_10NS,21,8,13,2
3,H300,2,T,71,WIDTH_STRATUM_GE20NS,164,54,110,32
3,H300,2,T,72,WIDTH_STRATUM_0NS,18,8,10,6
3,H300,2,T,72,WIDTH_STRATUM_10NS,32,8,24,7
3,H300,2,T,72,WIDTH_STRATUM_GE20NS,150,28,122,17
3,H300,2,T,73,WIDTH_STRATUM_0NS,18,4,14,2
3,H300,2,T,73,WIDTH_STRATUM_10NS,32,9,23,8
3,H300,2,T,73,WIDTH_STRATUM_GE20NS,150,34,116,15
3,H300,2,T,74,WIDTH_STRATUM_0NS,11,3,8,2
3,H300,2,T,74,WIDTH_STRATUM_10NS,32,3,29,2
3,H300,2,T,74,WIDTH_STRATUM_GE20NS,157,27,130,14
3,H300,2,T,75,WIDTH_STRATUM_0NS,14,9,5,3
3,H300,2,T,75,WIDTH_STRATUM_10NS,18,7,11,2
3,H300,2,T,75,WIDTH_STRATUM_GE20NS,168,53,115,29
3,H300,2,T,76,WIDTH_STRATUM_0NS,8,5,3,3
3,H300,2,T,76,WIDTH_STRATUM_10NS,16,2,14,1
3,H300,2,T,76,WIDTH_STRATUM_GE20NS,176,54,122,25
3,H300,2,T,77,WIDTH_STRATUM_0NS,11,3,8,3
3,H300,2,T,77,WIDTH_STRATUM_10NS,25,9,16,6
3,H300,2,T,77,WIDTH_STRATUM_GE20NS,164,52,112,23
3,H300,2,T,78,WIDTH_STRATUM_0NS,7,1,6,0
3,H300,2,T,78,WIDTH_STRATUM_10NS,25,2,23,1
3,H300,2,T,78,WIDTH_STRATUM_GE20NS,168,19,149,12
3,H300,2,T,79,WIDTH_STRATUM_0NS,18,2,16,1
3,H300,2,T,79,WIDTH_STRATUM_10NS,29,4,25,2
3,H300,2,T,79,WIDTH_STRATUM_GE20NS,153,8,145,5
3,H300,2,T,80,WIDTH_STRATUM_0NS,10,5,5,1
3,H300,2,T,80,WIDTH_STRATUM_10NS,26,6,20,3
3,H300,2,T,80,WIDTH_STRATUM_GE20NS,164,72,92,41
3,H300,2,T,81,WIDTH_STRATUM_0NS,12,6,6,1
3,H300,2,T,81,WIDTH_STRATUM_10NS,11,4,7,1
3,H300,2,T,81,WIDTH_STRATUM_GE20NS,177,72,105,34
3,H300,2,T,82,WIDTH_STRATUM_0NS,12,6,6,1
3,H300,2,T,82,WIDTH_STRATUM_10NS,11,5,6,3
3,H300,2,T,82,WIDTH_STRATUM_GE20NS,177,79,98,35
3,H300,2,T,83,WIDTH_STRATUM_0NS,10,3,7,0
3,H300,2,T,83,WIDTH_STRATUM_10NS,26,4,22,2
3,H300,2,T,83,WIDTH_STRATUM_GE20NS,164,60,104,29
3,H300,2,T,84,WIDTH_STRATUM_0NS,11,3,8,2
3,H300,2,T,84,WIDTH_STRATUM_10NS,28,9,19,3
3,H300,2,T,84,WIDTH_STRATUM_GE20NS,161,56,105,26
3,H300,2,T,85,WIDTH_STRATUM_0NS,15,1,14,0
3,H300,2,T,85,WIDTH_STRATUM_10NS,21,2,19,1
3,H300,2,T,85,WIDTH_STRATUM_GE20NS,164,13,151,6
3,H300,2,T,86,WIDTH_STRATUM_0NS,11,7,4,3
3,H300,2,T,86,WIDTH_STRATUM_10NS,23,10,13,4
3,H300,2,T,86,WIDTH_STRATUM_GE20NS,166,59,107,30
3,H300,2,T,87,WIDTH_STRATUM_0NS,10,2,8,2
3,H300,2,T,87,WIDTH_STRATUM_10NS,26,3,23,0
3,H300,2,T,87,WIDTH_STRATUM_GE20NS,164,10,154,6
3,H300,2,T,88,WIDTH_STRATUM_0NS,14,6,8,3
3,H300,2,T,88,WIDTH_STRATUM_10NS,25,8,17,6
3,H300,2,T,88,WIDTH_STRATUM_GE20NS,161,48,113,23
3,H300,2,T,89,WIDTH_STRATUM_0NS,14,4,10,1
3,H300,2,T,89,WIDTH_STRATUM_10NS,18,1,17,0
3,H300,2,T,89,WIDTH_STRATUM_GE20NS,168,21,147,10
3,H300,2,T,90,WIDTH_STRATUM_0NS,7,1,6,1
3,H300,2,T,90,WIDTH_STRATUM_10NS,25,6,19,2
3,H300,2,T,90,WIDTH_STRATUM_GE20NS,168,22,146,10
3,H300,2,T,91,WIDTH_STRATUM_0NS,18,8,10,3
3,H300,2,T,91,WIDTH_STRATUM_10NS,32,11,21,6
3,H300,2,T,91,WIDTH_STRATUM_GE20NS,150,39,111,17
3,H300,2,T,92,WIDTH_STRATUM_0NS,11,4,7,3
3,H300,2,T,92,WIDTH_STRATUM_10NS,23,11,12,7
3,H300,2,T,92,WIDTH_STRATUM_GE20NS,166,75,91,32
3,H300,2,T,93,WIDTH_STRATUM_0NS,18,8,10,4
3,H300,2,T,93,WIDTH_STRATUM_10NS,32,8,24,4
3,H300,2,T,93,WIDTH_STRATUM_GE20NS,150,57,93,32
3,H300,2,T,94,WIDTH_STRATUM_0NS,11,1,10,1
3,H300,2,T,94,WIDTH_STRATUM_10NS,32,4,28,3
3,H300,2,T,94,WIDTH_STRATUM_GE20NS,157,38,119,16
3,H300,2,T,95,WIDTH_STRATUM_0NS,14,3,11,1
3,H300,2,T,95,WIDTH_STRATUM_10NS,25,5,20,1
3,H300,2,T,95,WIDTH_STRATUM_GE20NS,161,40,121,16
3,H300,2,T,96,WIDTH_STRATUM_0NS,15,4,11,2
3,H300,2,T,96,WIDTH_STRATUM_10NS,21,5,16,3
3,H300,2,T,96,WIDTH_STRATUM_GE20NS,164,30,134,18
3,H300,2,T,97,WIDTH_STRATUM_0NS,11,5,6,3
3,H300,2,T,97,WIDTH_STRATUM_10NS,28,13,15,7
3,H300,2,T,97,WIDTH_STRATUM_GE20NS,161,61,100,29
3,H300,2,T,98,WIDTH_STRATUM_0NS,10,2,8,0
3,H300,2,T,98,WIDTH_STRATUM_10NS,26,4,22,2
3,H300,2,T,98,WIDTH_STRATUM_GE20NS,164,28,136,17
3,H300,2,T,99,WIDTH_STRATUM_0NS,18,6,12,2
3,H300,2,T,99,WIDTH_STRATUM_10NS,32,13,19,4
3,H300,2,T,99,WIDTH_STRATUM_GE20NS,150,59,91,29
3,H300,2,T,100,WIDTH_STRATUM_0NS,18,7,11,4
3,H300,2,T,100,WIDTH_STRATUM_10NS,29,9,20,5
3,H300,2,T,100,WIDTH_STRATUM_GE20NS,153,67,86,29
3,H300,2,T,101,WIDTH_STRATUM_0NS,11,0,11,0
3,H300,2,T,101,WIDTH_STRATUM_10NS,28,0,28,0
3,H300,2,T,101,WIDTH_STRATUM_GE20NS,161,1,160,1
3,H300,2,T,102,WIDTH_STRATUM_0NS,10,0,10,0
3,H300,2,T,102,WIDTH_STRATUM_10NS,26,3,23,2
3,H300,2,T,102,WIDTH_STRATUM_GE20NS,164,20,144,5
3,H300,2,T,103,WIDTH_STRATUM_0NS,18,5,13,3
3,H300,2,T,103,WIDTH_STRATUM_10NS,32,14,18,7
3,H300,2,T,103,WIDTH_STRATUM_GE20NS,150,58,92,32
3,H300,2,T,104,WIDTH_STRATUM_0NS,10,2,8,2
3,H300,2,T,104,WIDTH_STRATUM_10NS,26,8,18,4
3,H300,2,T,104,WIDTH_STRATUM_GE20NS,164,58,106,24
3,H300,2,T,105,WIDTH_STRATUM_0NS,15,2,13,0
3,H300,2,T,105,WIDTH_STRATUM_10NS,21,4,17,2
3,H300,2,T,105,WIDTH_STRATUM_GE20NS,164,39,125,19
3,H300,2,T,106,WIDTH_STRATUM_0NS,14,4,10,0
3,H300,2,T,106,WIDTH_STRATUM_10NS,23,11,12,5
3,H300,2,T,106,WIDTH_STRATUM_GE20NS,163,56,107,25
3,H300,2,T,107,WIDTH_STRATUM_0NS,17,1,16,1
3,H300,2,T,107,WIDTH_STRATUM_10NS,18,3,15,0
3,H300,2,T,107,WIDTH_STRATUM_GE20NS,165,15,150,6
3,H300,2,T,108,WIDTH_STRATUM_0NS,7,0,7,0
3,H300,2,T,108,WIDTH_STRATUM_10NS,25,3,22,3
3,H300,2,T,108,WIDTH_STRATUM_GE20NS,168,24,144,13
3,H300,2,T,109,WIDTH_STRATUM_0NS,18,10,8,7
3,H300,2,T,109,WIDTH_STRATUM_10NS,29,11,18,4
3,H300,2,T,109,WIDTH_STRATUM_GE20NS,153,64,89,31
3,H300,2,T,110,WIDTH_STRATUM_0NS,14,1,13,1
3,H300,2,T,110,WIDTH_STRATUM_10NS,25,7,18,1
3,H300,2,T,110,WIDTH_STRATUM_GE20NS,161,43,118,19
3,H300,2,T,111,WIDTH_STRATUM_0NS,15,3,12,1
3,H300,2,T,111,WIDTH_STRATUM_10NS,21,9,12,5
3,H300,2,T,111,WIDTH_STRATUM_GE20NS,164,41,123,19
3,H300,2,T,112,WIDTH_STRATUM_0NS,9,2,7,1
3,H300,2,T,112,WIDTH_STRATUM_10NS,22,5,17,2
3,H300,2,T,112,WIDTH_STRATUM_GE20NS,169,43,126,17
3,H300,2,T,113,WIDTH_STRATUM_0NS,14,4,10,3
3,H300,2,T,113,WIDTH_STRATUM_10NS,25,5,20,3
3,H300,2,T,113,WIDTH_STRATUM_GE20NS,161,55,106,28
3,H300,2,T,114,WIDTH_STRATUM_0NS,18,5,13,4
3,H300,2,T,114,WIDTH_STRATUM_10NS,29,4,25,3
3,H300,2,T,114,WIDTH_STRATUM_GE20NS,153,30,123,19
3,H300,2,T,115,WIDTH_STRATUM_0NS,11,7,4,6
3,H300,2,T,115,WIDTH_STRATUM_10NS,28,8,20,4
3,H300,2,T,115,WIDTH_STRATUM_GE20NS,161,73,88,32
3,H300,2,T,116,WIDTH_STRATUM_0NS,11,1,10,1
3,H300,2,T,116,WIDTH_STRATUM_10NS,23,4,19,0
3,H300,2,T,116,WIDTH_STRATUM_GE20NS,166,39,127,21
3,H300,2,T,117,WIDTH_STRATUM_0NS,11,3,8,2
3,H300,2,T,117,WIDTH_STRATUM_10NS,32,9,23,4
3,H300,2,T,117,WIDTH_STRATUM_GE20NS,157,47,110,18
3,H300,2,T,118,WIDTH_STRATUM_0NS,14,4,10,3
3,H300,2,T,118,WIDTH_STRATUM_10NS,23,13,10,7
3,H300,2,T,118,WIDTH_STRATUM_GE20NS,163,57,106,26
3,H300,2,T,119,WIDTH_STRATUM_0NS,17,0,17,0
3,H300,2,T,119,WIDTH_STRATUM_10NS,18,1,17,1
3,H300,2,T,119,WIDTH_STRATUM_GE20NS,165,5,160,2
3,H300,2,T,120,WIDTH_STRATUM_0NS,14,5,9,2
3,H300,2,T,120,WIDTH_STRATUM_10NS,18,10,8,8
3,H300,2,T,120,WIDTH_STRATUM_GE20NS,168,67,101,29
3,H300,2,T,121,WIDTH_STRATUM_0NS,9,3,6,0
3,H300,2,T,121,WIDTH_STRATUM_10NS,22,8,14,6
3,H300,2,T,121,WIDTH_STRATUM_GE20NS,169,50,119,26
3,H300,2,T,122,WIDTH_STRATUM_0NS,9,0,9,0
3,H300,2,T,122,WIDTH_STRATUM_10NS,22,1,21,1
3,H300,2,T,122,WIDTH_STRATUM_GE20NS,169,3,166,2
3,H300,2,T,123,WIDTH_STRATUM_0NS,7,1,6,0
3,H300,2,T,123,WIDTH_STRATUM_10NS,25,2,23,1
3,H300,2,T,123,WIDTH_STRATUM_GE20NS,168,18,150,8
3,H300,2,T,124,WIDTH_STRATUM_0NS,11,1,10,0
3,H300,2,T,124,WIDTH_STRATUM_10NS,25,0,25,0
3,H300,2,T,124,WIDTH_STRATUM_GE20NS,164,13,151,5
3,H300,2,T,125,WIDTH_STRATUM_0NS,14,2,12,1
3,H300,2,T,125,WIDTH_STRATUM_10NS,18,2,16,1
3,H300,2,T,125,WIDTH_STRATUM_GE20NS,168,21,147,8
3,H300,2,T,126,WIDTH_STRATUM_0NS,11,1,10,1
3,H300,2,T,126,WIDTH_STRATUM_10NS,25,3,22,3
3,H300,2,T,126,WIDTH_STRATUM_GE20NS,164,25,139,14
3,H300,2,T,127,WIDTH_STRATUM_0NS,15,5,10,4
3,H300,2,T,127,WIDTH_STRATUM_10NS,21,9,12,3
3,H300,2,T,127,WIDTH_STRATUM_GE20NS,164,65,99,31
3,H300,2,T,128,WIDTH_STRATUM_0NS,17,2,15,1
3,H300,2,T,128,WIDTH_STRATUM_10NS,18,2,16,0
3,H300,2,T,128,WIDTH_STRATUM_GE20NS,165,20,145,9
3,H300,2,T,129,WIDTH_STRATUM_0NS,14,4,10,0
3,H300,2,T,129,WIDTH_STRATUM_10NS,23,5,18,2
3,H300,2,T,129,WIDTH_STRATUM_GE20NS,163,34,129,23
3,H300,2,T,130,WIDTH_STRATUM_0NS,11,1,10,1
3,H300,2,T,130,WIDTH_STRATUM_10NS,32,4,28,2
3,H300,2,T,130,WIDTH_STRATUM_GE20NS,157,28,129,17
3,H300,2,T,131,WIDTH_STRATUM_0NS,14,2,12,2
3,H300,2,T,131,WIDTH_STRATUM_10NS,25,1,24,1
3,H300,2,T,131,WIDTH_STRATUM_GE20NS,161,12,149,8
3,H300,2,T,132,WIDTH_STRATUM_0NS,11,3,8,2
3,H300,2,T,132,WIDTH_STRATUM_10NS,25,8,17,4
3,H300,2,T,132,WIDTH_STRATUM_GE20NS,164,46,118,29
3,H300,2,T,133,WIDTH_STRATUM_0NS,11,4,7,3
3,H300,2,T,133,WIDTH_STRATUM_10NS,25,7,18,4
3,H300,2,T,133,WIDTH_STRATUM_GE20NS,164,43,121,25
3,H300,2,T,134,WIDTH_STRATUM_0NS,11,3,8,2
3,H300,2,T,134,WIDTH_STRATUM_10NS,32,1,31,0
3,H300,2,T,134,WIDTH_STRATUM_GE20NS,157,20,137,12
3,H300,2,T,135,WIDTH_STRATUM_0NS,14,9,5,6
3,H300,2,T,135,WIDTH_STRATUM_10NS,25,8,17,1
3,H300,2,T,135,WIDTH_STRATUM_GE20NS,161,64,97,30
3,H300,2,T,136,WIDTH_STRATUM_0NS,11,6,5,2
3,H300,2,T,136,WIDTH_STRATUM_10NS,28,8,20,6
3,H300,2,T,136,WIDTH_STRATUM_GE20NS,161,60,101,24
3,H300,2,T,137,WIDTH_STRATUM_0NS,8,2,6,1
3,H300,2,T,137,WIDTH_STRATUM_10NS,16,4,12,2
3,H300,2,T,137,WIDTH_STRATUM_GE20NS,176,65,111,29
3,H300,2,T,138,WIDTH_STRATUM_0NS,12,0,12,0
3,H300,2,T,138,WIDTH_STRATUM_10NS,11,0,11,0
3,H300,2,T,138,WIDTH_STRATUM_GE20NS,177,6,171,4
3,H300,2,T,139,WIDTH_STRATUM_0NS,12,0,12,0
3,H300,2,T,139,WIDTH_STRATUM_10NS,11,0,11,0
3,H300,2,T,139,WIDTH_STRATUM_GE20NS,177,14,163,10
3,H300,2,T,140,WIDTH_STRATUM_0NS,18,10,8,4
3,H300,2,T,140,WIDTH_STRATUM_10NS,29,13,16,7
3,H300,2,T,140,WIDTH_STRATUM_GE20NS,153,70,83,25
3,H300,2,T,141,WIDTH_STRATUM_0NS,18,4,14,2
3,H300,2,T,141,WIDTH_STRATUM_10NS,29,8,21,3
3,H300,2,T,141,WIDTH_STRATUM_GE20NS,153,36,117,22
3,H300,2,T,142,WIDTH_STRATUM_0NS,14,4,10,2
3,H300,2,T,142,WIDTH_STRATUM_10NS,18,5,13,3
3,H300,2,T,142,WIDTH_STRATUM_GE20NS,168,38,130,20
3,H300,2,T,143,WIDTH_STRATUM_0NS,18,0,18,0
3,H300,2,T,143,WIDTH_STRATUM_10NS,32,0,32,0
3,H300,2,T,143,WIDTH_STRATUM_GE20NS,150,3,147,2
3,H300,2,T,144,WIDTH_STRATUM_0NS,11,5,6,4
3,H300,2,T,144,WIDTH_STRATUM_10NS,28,9,19,5
3,H300,2,T,144,WIDTH_STRATUM_GE20NS,161,64,97,32
3,H300,2,T,145,WIDTH_STRATUM_0NS,12,4,8,3
3,H300,2,T,145,WIDTH_STRATUM_10NS,11,3,8,2
3,H300,2,T,145,WIDTH_STRATUM_GE20NS,177,59,118,33
3,H300,2,T,146,WIDTH_STRATUM_0NS,11,2,9,1
3,H300,2,T,146,WIDTH_STRATUM_10NS,28,6,22,4
3,H300,2,T,146,WIDTH_STRATUM_GE20NS,161,12,149,5
3,H300,2,T,147,WIDTH_STRATUM_0NS,15,0,15,0
3,H300,2,T,147,WIDTH_STRATUM_10NS,21,0,21,0
3,H300,2,T,147,WIDTH_STRATUM_GE20NS,164,0,164,0
3,H300,2,T,148,WIDTH_STRATUM_0NS,14,0,14,0
3,H300,2,T,148,WIDTH_STRATUM_10NS,23,3,20,3
3,H300,2,T,148,WIDTH_STRATUM_GE20NS,163,4,159,1
3,H300,2,T,149,WIDTH_STRATUM_0NS,11,2,9,1
3,H300,2,T,149,WIDTH_STRATUM_10NS,28,7,21,4
3,H300,2,T,149,WIDTH_STRATUM_GE20NS,161,36,125,16
3,H300,2,T,150,WIDTH_STRATUM_0NS,14,5,9,3
3,H300,2,T,150,WIDTH_STRATUM_10NS,25,7,18,4
3,H300,2,T,150,WIDTH_STRATUM_GE20NS,161,60,101,31
3,H300,2,T,151,WIDTH_STRATUM_0NS,10,1,9,1
3,H300,2,T,151,WIDTH_STRATUM_10NS,26,3,23,2
3,H300,2,T,151,WIDTH_STRATUM_GE20NS,164,28,136,16
3,H300,2,T,152,WIDTH_STRATUM_0NS,18,5,13,2
3,H300,2,T,152,WIDTH_STRATUM_10NS,32,8,24,6
3,H300,2,T,152,WIDTH_STRATUM_GE20NS,150,58,92,26
3,H300,2,T,153,WIDTH_STRATUM_0NS,9,2,7,2
3,H300,2,T,153,WIDTH_STRATUM_10NS,22,14,8,6
3,H300,2,T,153,WIDTH_STRATUM_GE20NS,169,60,109,33
3,H300,2,T,154,WIDTH_STRATUM_0NS,14,2,12,1
3,H300,2,T,154,WIDTH_STRATUM_10NS,25,2,23,0
3,H300,2,T,154,WIDTH_STRATUM_GE20NS,161,10,151,4
3,H300,2,T,155,WIDTH_STRATUM_0NS,7,3,4,3
3,H300,2,T,155,WIDTH_STRATUM_10NS,25,5,20,3
3,H300,2,T,155,WIDTH_STRATUM_GE20NS,168,44,124,27
3,H300,2,T,156,WIDTH_STRATUM_0NS,14,3,11,2
3,H300,2,T,156,WIDTH_STRATUM_10NS,18,6,12,2
3,H300,2,T,156,WIDTH_STRATUM_GE20NS,168,32,136,19
3,H300,2,T,157,WIDTH_STRATUM_0NS,8,4,4,3
3,H300,2,T,157,WIDTH_STRATUM_10NS,16,6,10,2
3,H300,2,T,157,WIDTH_STRATUM_GE20NS,176,54,122,33
3,H300,2,T,158,WIDTH_STRATUM_0NS,14,5,9,2
3,H300,2,T,158,WIDTH_STRATUM_10NS,18,4,14,4
3,H300,2,T,158,WIDTH_STRATUM_GE20NS,168,43,125,21
3,H300,2,T,159,WIDTH_STRATUM_0NS,18,0,18,0
3,H300,2,T,159,WIDTH_STRATUM_10NS,32,0,32,0
3,H300,2,T,159,WIDTH_STRATUM_GE20NS,150,2,148,1
3,H300,2,T,160,WIDTH_STRATUM_0NS,11,0,11,0
3,H300,2,T,160,WIDTH_STRATUM_10NS,25,1,24,0
3,H300,2,T,160,WIDTH_STRATUM_GE20NS,164,5,159,3
3,H300,2,T,161,WIDTH_STRATUM_0NS,15,5,10,1
3,H300,2,T,161,WIDTH_STRATUM_10NS,21,5,16,3
3,H300,2,T,161,WIDTH_STRATUM_GE20NS,164,41,123,14
3,H300,2,T,162,WIDTH_STRATUM_0NS,11,2,9,2
3,H300,2,T,162,WIDTH_STRATUM_10NS,28,3,25,2
3,H300,2,T,162,WIDTH_STRATUM_GE20NS,161,46,115,22
3,H300,2,T,163,WIDTH_STRATUM_0NS,10,0,10,0
3,H300,2,T,163,WIDTH_STRATUM_10NS,26,5,21,2
3,H300,2,T,163,WIDTH_STRATUM_GE20NS,164,19,145,11
3,H300,2,T,164,WIDTH_STRATUM_0NS,12,0,12,0
3,H300,2,T,164,WIDTH_STRATUM_10NS,11,1,10,1
3,H300,2,T,164,WIDTH_STRATUM_GE20NS,177,12,165,5
3,H300,2,T,165,WIDTH_STRATUM_0NS,14,4,10,1
3,H300,2,T,165,WIDTH_STRATUM_10NS,23,9,14,5
3,H300,2,T,165,WIDTH_STRATUM_GE20NS,163,40,123,21
3,H300,2,T,166,WIDTH_STRATUM_0NS,17,10,7,3
3,H300,2,T,166,WIDTH_STRATUM_10NS,18,8,10,3
3,H300,2,T,166,WIDTH_STRATUM_GE20NS,165,80,85,43
3,H300,2,T,167,WIDTH_STRATUM_0NS,11,2,9,2
3,H300,2,T,167,WIDTH_STRATUM_10NS,23,11,12,4
3,H300,2,T,167,WIDTH_STRATUM_GE20NS,166,43,123,26
3,H300,2,T,168,WIDTH_STRATUM_0NS,12,2,10,2
3,H300,2,T,168,WIDTH_STRATUM_10NS,11,1,10,0
3,H300,2,T,168,WIDTH_STRATUM_GE20NS,177,36,141,16
3,H300,2,T,169,WIDTH_STRATUM_0NS,11,8,3,3
3,H300,2,T,169,WIDTH_STRATUM_10NS,25,12,13,6
3,H300,2,T,169,WIDTH_STRATUM_GE20NS,164,64,100,39
3,H300,2,T,170,WIDTH_STRATUM_0NS,8,5,3,3
3,H300,2,T,170,WIDTH_STRATUM_10NS,16,2,14,0
3,H300,2,T,170,WIDTH_STRATUM_GE20NS,176,66,110,35
3,H300,2,T,171,WIDTH_STRATUM_0NS,11,4,7,1
3,H300,2,T,171,WIDTH_STRATUM_10NS,25,7,18,4
3,H300,2,T,171,WIDTH_STRATUM_GE20NS,164,49,115,20
3,H300,2,T,172,WIDTH_STRATUM_0NS,10,1,9,1
3,H300,2,T,172,WIDTH_STRATUM_10NS,26,5,21,3
3,H300,2,T,172,WIDTH_STRATUM_GE20NS,164,48,116,20
3,H300,2,T,173,WIDTH_STRATUM_0NS,18,7,11,3
3,H300,2,T,173,WIDTH_STRATUM_10NS,29,11,18,5
3,H300,2,T,173,WIDTH_STRATUM_GE20NS,153,61,92,34
3,H300,2,T,174,WIDTH_STRATUM_0NS,18,3,15,2
3,H300,2,T,174,WIDTH_STRATUM_10NS,29,3,26,2
3,H300,2,T,174,WIDTH_STRATUM_GE20NS,153,2,151,2
3,H300,2,T,175,WIDTH_STRATUM_0NS,18,7,11,4
3,H300,2,T,175,WIDTH_STRATUM_10NS,29,10,19,4
3,H300,2,T,175,WIDTH_STRATUM_GE20NS,153,50,103,29
3,H300,2,T,176,WIDTH_STRATUM_0NS,10,4,6,1
3,H300,2,T,176,WIDTH_STRATUM_10NS,26,8,18,5
3,H300,2,T,176,WIDTH_STRATUM_GE20NS,164,73,91,38
3,H300,2,T,177,WIDTH_STRATUM_0NS,11,7,4,4
3,H300,2,T,177,WIDTH_STRATUM_10NS,25,14,11,5
3,H300,2,T,177,WIDTH_STRATUM_GE20NS,164,78,86,39
3,H300,2,T,178,WIDTH_STRATUM_0NS,11,4,7,4
3,H300,2,T,178,WIDTH_STRATUM_10NS,28,10,18,5
3,H300,2,T,178,WIDTH_STRATUM_GE20NS,161,61,100,27
3,H300,2,T,179,WIDTH_STRATUM_0NS,11,3,8,1
3,H300,2,T,179,WIDTH_STRATUM_10NS,28,11,17,5
3,H300,2,T,179,WIDTH_STRATUM_GE20NS,161,47,114,27
3,H300,2,T,180,WIDTH_STRATUM_0NS,14,1,13,1
3,H300,2,T,180,WIDTH_STRATUM_10NS,18,2,16,1
3,H300,2,T,180,WIDTH_STRATUM_GE20NS,168,21,147,14
3,H300,2,T,181,WIDTH_STRATUM_0NS,12,1,11,1
3,H300,2,T,181,WIDTH_STRATUM_10NS,11,0,11,0
3,H300,2,T,181,WIDTH_STRATUM_GE20NS,177,13,164,6
3,H300,2,T,182,WIDTH_STRATUM_0NS,15,2,13,2
3,H300,2,T,182,WIDTH_STRATUM_10NS,21,4,17,3
3,H300,2,T,182,WIDTH_STRATUM_GE20NS,164,60,104,32
3,H300,2,T,183,WIDTH_STRATUM_0NS,11,0,11,0
3,H300,2,T,183,WIDTH_STRATUM_10NS,32,4,28,4
3,H300,2,T,183,WIDTH_STRATUM_GE20NS,157,32,125,16
3,H300,2,T,184,WIDTH_STRATUM_0NS,10,6,4,3
3,H300,2,T,184,WIDTH_STRATUM_10NS,26,9,17,5
3,H300,2,T,184,WIDTH_STRATUM_GE20NS,164,73,91,42
3,H300,2,T,185,WIDTH_STRATUM_0NS,11,1,10,1
3,H300,2,T,185,WIDTH_STRATUM_10NS,23,1,22,1
3,H300,2,T,185,WIDTH_STRATUM_GE20NS,166,29,137,13
3,H300,2,T,186,WIDTH_STRATUM_0NS,11,0,11,0
3,H300,2,T,186,WIDTH_STRATUM_10NS,23,3,20,2
3,H300,2,T,186,WIDTH_STRATUM_GE20NS,166,8,158,6
3,H300,2,T,187,WIDTH_STRATUM_0NS,11,2,9,1
3,H300,2,T,187,WIDTH_STRATUM_10NS,28,8,20,5
3,H300,2,T,187,WIDTH_STRATUM_GE20NS,161,47,114,24
3,H300,2,T,188,WIDTH_STRATUM_0NS,14,5,9,4
3,H300,2,T,188,WIDTH_STRATUM_10NS,25,5,20,4
3,H300,2,T,188,WIDTH_STRATUM_GE20NS,161,30,131,20
3,H300,2,T,189,WIDTH_STRATUM_0NS,11,3,8,2
3,H300,2,T,189,WIDTH_STRATUM_10NS,28,10,18,4
3,H300,2,T,189,WIDTH_STRATUM_GE20NS,161,42,119,16
3,H300,2,T,190,WIDTH_STRATUM_0NS,8,2,6,0
3,H300,2,T,190,WIDTH_STRATUM_10NS,16,3,13,1
3,H300,2,T,190,WIDTH_STRATUM_GE20NS,176,53,123,26
3,H300,2,T,191,WIDTH_STRATUM_0NS,17,4,13,2
3,H300,2,T,191,WIDTH_STRATUM_10NS,18,3,15,2
3,H300,2,T,191,WIDTH_STRATUM_GE20NS,165,15,150,9
3,H300,2,T,192,WIDTH_STRATUM_0NS,10,4,6,1
3,H300,2,T,192,WIDTH_STRATUM_10NS,26,15,11,8
3,H300,2,T,192,WIDTH_STRATUM_GE20NS,164,60,104,31
3,H300,2,T,193,WIDTH_STRATUM_0NS,11,3,8,2
3,H300,2,T,193,WIDTH_STRATUM_10NS,23,7,16,1
3,H300,2,T,193,WIDTH_STRATUM_GE20NS,166,46,120,20
3,H300,2,T,194,WIDTH_STRATUM_0NS,18,7,11,2
3,H300,2,T,194,WIDTH_STRATUM_10NS,29,14,15,6
3,H300,2,T,194,WIDTH_STRATUM_GE20NS,153,49,104,24
3,H300,2,T,195,WIDTH_STRATUM_0NS,18,2,16,1
3,H300,2,T,195,WIDTH_STRATUM_10NS,32,5,27,4
3,H300,2,T,195,WIDTH_STRATUM_GE20NS,150,15,135,8
3,H300,2,T,196,WIDTH_STRATUM_0NS,11,2,9,1
3,H300,2,T,196,WIDTH_STRATUM_10NS,32,7,25,2
3,H300,2,T,196,WIDTH_STRATUM_GE20NS,157,42,115,20
3,H300,2,T,197,WIDTH_STRATUM_0NS,18,3,15,1
3,H300,2,T,197,WIDTH_STRATUM_10NS,32,6,26,2
3,H300,2,T,197,WIDTH_STRATUM_GE20NS,150,28,122,17
3,H300,2,T,198,WIDTH_STRATUM_0NS,11,0,11,0
3,H300,2,T,198,WIDTH_STRATUM_10NS,32,0,32,0
3,H300,2,T,198,WIDTH_STRATUM_GE20NS,157,14,143,5
3,H300,2,T,199,WIDTH_STRATUM_0NS,12,3,9,3
3,H300,2,T,199,WIDTH_STRATUM_10NS,11,2,9,1
3,H300,2,T,199,WIDTH_STRATUM_GE20NS,177,44,133,18
3,H300,2,T,200,WIDTH_STRATUM_0NS,11,5,6,3
3,H300,2,T,200,WIDTH_STRATUM_10NS,25,6,19,1
3,H300,2,T,200,WIDTH_STRATUM_GE20NS,164,39,125,23
3,H300,3,W,1,WIDTH_STRATUM_0NS,17,5,12,0
3,H300,3,W,1,WIDTH_STRATUM_10NS,18,18,0,0
3,H300,3,W,1,WIDTH_STRATUM_GE20NS,165,163,2,11
3,H300,3,W,2,WIDTH_STRATUM_0NS,14,3,11,0
3,H300,3,W,2,WIDTH_STRATUM_10NS,23,23,0,3
3,H300,3,W,2,WIDTH_STRATUM_GE20NS,163,158,5,7
3,H300,3,W,3,WIDTH_STRATUM_0NS,14,4,10,0
3,H300,3,W,3,WIDTH_STRATUM_10NS,23,23,0,3
3,H300,3,W,3,WIDTH_STRATUM_GE20NS,163,163,0,7
3,H300,3,W,4,WIDTH_STRATUM_0NS,8,2,6,0
3,H300,3,W,4,WIDTH_STRATUM_10NS,16,16,0,0
3,H300,3,W,4,WIDTH_STRATUM_GE20NS,176,176,0,5
3,H300,3,W,5,WIDTH_STRATUM_0NS,9,3,6,0
3,H300,3,W,5,WIDTH_STRATUM_10NS,22,22,0,1
3,H300,3,W,5,WIDTH_STRATUM_GE20NS,169,169,0,5
3,H300,3,W,6,WIDTH_STRATUM_0NS,9,2,7,0
3,H300,3,W,6,WIDTH_STRATUM_10NS,22,13,9,1
3,H300,3,W,6,WIDTH_STRATUM_GE20NS,169,88,81,3
3,H300,3,W,7,WIDTH_STRATUM_0NS,10,0,10,0
3,H300,3,W,7,WIDTH_STRATUM_10NS,26,25,1,1
3,H300,3,W,7,WIDTH_STRATUM_GE20NS,164,158,6,8
3,H300,3,W,8,WIDTH_STRATUM_0NS,11,4,7,0
3,H300,3,W,8,WIDTH_STRATUM_10NS,23,23,0,0
3,H300,3,W,8,WIDTH_STRATUM_GE20NS,166,166,0,7
3,H300,3,W,9,WIDTH_STRATUM_0NS,17,1,16,0
3,H300,3,W,9,WIDTH_STRATUM_10NS,18,16,2,0
3,H300,3,W,9,WIDTH_STRATUM_GE20NS,165,155,10,14
3,H300,3,W,10,WIDTH_STRATUM_0NS,14,3,11,0
3,H300,3,W,10,WIDTH_STRATUM_10NS,18,18,0,1
3,H300,3,W,10,WIDTH_STRATUM_GE20NS,168,167,1,10
3,H300,3,W,11,WIDTH_STRATUM_0NS,14,5,9,1
3,H300,3,W,11,WIDTH_STRATUM_10NS,25,25,0,2
3,H300,3,W,11,WIDTH_STRATUM_GE20NS,161,160,1,6
3,H300,3,W,12,WIDTH_STRATUM_0NS,18,7,11,0
3,H300,3,W,12,WIDTH_STRATUM_10NS,29,29,0,2
3,H300,3,W,12,WIDTH_STRATUM_GE20NS,153,153,0,8
3,H300,3,W,13,WIDTH_STRATUM_0NS,11,3,8,1
3,H300,3,W,13,WIDTH_STRATUM_10NS,32,32,0,2
3,H300,3,W,13,WIDTH_STRATUM_GE20NS,157,156,1,5
3,H300,3,W,14,WIDTH_STRATUM_0NS,18,4,14,0
3,H300,3,W,14,WIDTH_STRATUM_10NS,29,28,1,5
3,H300,3,W,14,WIDTH_STRATUM_GE20NS,153,151,2,8
3,H300,3,W,15,WIDTH_STRATUM_0NS,10,2,8,0
3,H300,3,W,15,WIDTH_STRATUM_10NS,26,26,0,1
3,H300,3,W,15,WIDTH_STRATUM_GE20NS,164,163,1,6
3,H300,3,W,16,WIDTH_STRATUM_0NS,12,1,11,0
3,H300,3,W,16,WIDTH_STRATUM_10NS,11,9,2,0
3,H300,3,W,16,WIDTH_STRATUM_GE20NS,177,136,41,6
3,H300,3,W,17,WIDTH_STRATUM_0NS,11,2,9,0
3,H300,3,W,17,WIDTH_STRATUM_10NS,23,23,0,0
3,H300,3,W,17,WIDTH_STRATUM_GE20NS,166,166,0,9
3,H300,3,W,18,WIDTH_STRATUM_0NS,14,4,10,0
3,H300,3,W,18,WIDTH_STRATUM_10NS,18,18,0,3
3,H300,3,W,18,WIDTH_STRATUM_GE20NS,168,167,1,7
3,H300,3,W,19,WIDTH_STRATUM_0NS,18,3,15,0
3,H300,3,W,19,WIDTH_STRATUM_10NS,32,31,1,1
3,H300,3,W,19,WIDTH_STRATUM_GE20NS,150,141,9,11
3,H300,3,W,20,WIDTH_STRATUM_0NS,10,2,8,0
3,H300,3,W,20,WIDTH_STRATUM_10NS,26,26,0,0
3,H300,3,W,20,WIDTH_STRATUM_GE20NS,164,163,1,7
3,H300,3,W,21,WIDTH_STRATUM_0NS,8,0,8,0
3,H300,3,W,21,WIDTH_STRATUM_10NS,16,16,0,0
3,H300,3,W,21,WIDTH_STRATUM_GE20NS,176,176,0,7
3,H300,3,W,22,WIDTH_STRATUM_0NS,14,2,12,0
3,H300,3,W,22,WIDTH_STRATUM_10NS,23,22,1,3
3,H300,3,W,22,WIDTH_STRATUM_GE20NS,163,161,2,9
3,H300,3,W,23,WIDTH_STRATUM_0NS,11,0,11,0
3,H300,3,W,23,WIDTH_STRATUM_10NS,28,21,7,3
3,H300,3,W,23,WIDTH_STRATUM_GE20NS,161,130,31,5
3,H300,3,W,24,WIDTH_STRATUM_0NS,11,2,9,1
3,H300,3,W,24,WIDTH_STRATUM_10NS,28,25,3,2
3,H300,3,W,24,WIDTH_STRATUM_GE20NS,161,134,27,6
3,H300,3,W,25,WIDTH_STRATUM_0NS,18,6,12,0
3,H300,3,W,25,WIDTH_STRATUM_10NS,32,32,0,1
3,H300,3,W,25,WIDTH_STRATUM_GE20NS,150,150,0,11
3,H300,3,W,26,WIDTH_STRATUM_0NS,9,3,6,0
3,H300,3,W,26,WIDTH_STRATUM_10NS,22,22,0,1
3,H300,3,W,26,WIDTH_STRATUM_GE20NS,169,168,1,5
3,H300,3,W,27,WIDTH_STRATUM_0NS,11,3,8,0
3,H300,3,W,27,WIDTH_STRATUM_10NS,23,22,1,0
3,H300,3,W,27,WIDTH_STRATUM_GE20NS,166,149,17,7
3,H300,3,W,28,WIDTH_STRATUM_0NS,17,6,11,0
3,H300,3,W,28,WIDTH_STRATUM_10NS,18,18,0,0
3,H300,3,W,28,WIDTH_STRATUM_GE20NS,165,157,8,11
3,H300,3,W,29,WIDTH_STRATUM_0NS,12,2,10,0
3,H300,3,W,29,WIDTH_STRATUM_10NS,11,11,0,0
3,H300,3,W,29,WIDTH_STRATUM_GE20NS,177,176,1,9
3,H300,3,W,30,WIDTH_STRATUM_0NS,12,4,8,0
3,H300,3,W,30,WIDTH_STRATUM_10NS,11,11,0,0
3,H300,3,W,30,WIDTH_STRATUM_GE20NS,177,170,7,4
3,H300,3,W,31,WIDTH_STRATUM_0NS,12,1,11,0
3,H300,3,W,31,WIDTH_STRATUM_10NS,11,1,10,0
3,H300,3,W,31,WIDTH_STRATUM_GE20NS,177,71,106,4
3,H300,3,W,32,WIDTH_STRATUM_0NS,18,4,14,0
3,H300,3,W,32,WIDTH_STRATUM_10NS,32,25,7,1
3,H300,3,W,32,WIDTH_STRATUM_GE20NS,150,125,25,11
3,H300,3,W,33,WIDTH_STRATUM_0NS,11,1,10,0
3,H300,3,W,33,WIDTH_STRATUM_10NS,25,25,0,2
3,H300,3,W,33,WIDTH_STRATUM_GE20NS,164,163,1,7
3,H300,3,W,34,WIDTH_STRATUM_0NS,11,4,7,0
3,H300,3,W,34,WIDTH_STRATUM_10NS,25,25,0,2
3,H300,3,W,34,WIDTH_STRATUM_GE20NS,164,164,0,5
3,H300,3,W,35,WIDTH_STRATUM_0NS,11,1,10,0
3,H300,3,W,35,WIDTH_STRATUM_10NS,25,25,0,3
3,H300,3,W,35,WIDTH_STRATUM_GE20NS,164,163,1,7
3,H300,3,W,36,WIDTH_STRATUM_0NS,15,3,12,0
3,H300,3,W,36,WIDTH_STRATUM_10NS,21,21,0,0
3,H300,3,W,36,WIDTH_STRATUM_GE20NS,164,154,10,12
3,H300,3,W,37,WIDTH_STRATUM_0NS,11,0,11,0
3,H300,3,W,37,WIDTH_STRATUM_10NS,23,22,1,0
3,H300,3,W,37,WIDTH_STRATUM_GE20NS,166,161,5,11
3,H300,3,W,38,WIDTH_STRATUM_0NS,11,7,4,0
3,H300,3,W,38,WIDTH_STRATUM_10NS,23,23,0,0
3,H300,3,W,38,WIDTH_STRATUM_GE20NS,166,164,2,4
3,H300,3,W,39,WIDTH_STRATUM_0NS,17,1,16,0
3,H300,3,W,39,WIDTH_STRATUM_10NS,18,17,1,0
3,H300,3,W,39,WIDTH_STRATUM_GE20NS,165,164,1,16
3,H300,3,W,40,WIDTH_STRATUM_0NS,10,3,7,1
3,H300,3,W,40,WIDTH_STRATUM_10NS,26,26,0,0
3,H300,3,W,40,WIDTH_STRATUM_GE20NS,164,162,2,6
3,H300,3,W,41,WIDTH_STRATUM_0NS,7,3,4,0
3,H300,3,W,41,WIDTH_STRATUM_10NS,25,25,0,1
3,H300,3,W,41,WIDTH_STRATUM_GE20NS,168,168,0,3
3,H300,3,W,42,WIDTH_STRATUM_0NS,14,5,9,0
3,H300,3,W,42,WIDTH_STRATUM_10NS,18,18,0,3
3,H300,3,W,42,WIDTH_STRATUM_GE20NS,168,165,3,6
3,H300,3,W,43,WIDTH_STRATUM_0NS,10,1,9,0
3,H300,3,W,43,WIDTH_STRATUM_10NS,26,26,0,0
3,H300,3,W,43,WIDTH_STRATUM_GE20NS,164,164,0,8
3,H300,3,W,44,WIDTH_STRATUM_0NS,18,2,16,0
3,H300,3,W,44,WIDTH_STRATUM_10NS,32,27,5,0
3,H300,3,W,44,WIDTH_STRATUM_GE20NS,150,105,45,8
3,H300,3,W,45,WIDTH_STRATUM_0NS,12,4,8,0
3,H300,3,W,45,WIDTH_STRATUM_10NS,11,11,0,0
3,H300,3,W,45,WIDTH_STRATUM_GE20NS,177,177,0,8
3,H300,3,W,46,WIDTH_STRATUM_0NS,18,2,16,0
3,H300,3,W,46,WIDTH_STRATUM_10NS,29,29,0,5
3,H300,3,W,46,WIDTH_STRATUM_GE20NS,153,151,2,10
3,H300,3,W,47,WIDTH_STRATUM_0NS,10,2,8,1
3,H300,3,W,47,WIDTH_STRATUM_10NS,26,26,0,1
3,H300,3,W,47,WIDTH_STRATUM_GE20NS,164,164,0,6
3,H300,3,W,48,WIDTH_STRATUM_0NS,11,2,9,0
3,H300,3,W,48,WIDTH_STRATUM_10NS,23,23,0,0
3,H300,3,W,48,WIDTH_STRATUM_GE20NS,166,166,0,9
3,H300,3,W,49,WIDTH_STRATUM_0NS,18,5,13,1
3,H300,3,W,49,WIDTH_STRATUM_10NS,32,30,2,1
3,H300,3,W,49,WIDTH_STRATUM_GE20NS,150,149,1,11
3,H300,3,W,50,WIDTH_STRATUM_0NS,18,4,14,0
3,H300,3,W,50,WIDTH_STRATUM_10NS,29,29,0,5
3,H300,3,W,50,WIDTH_STRATUM_GE20NS,153,153,0,9
3,H300,3,W,51,WIDTH_STRATUM_0NS,11,3,8,1
3,H300,3,W,51,WIDTH_STRATUM_10NS,28,26,2,2
3,H300,3,W,51,WIDTH_STRATUM_GE20NS,161,160,1,4
3,H300,3,W,52,WIDTH_STRATUM_0NS,14,6,8,1
3,H300,3,W,52,WIDTH_STRATUM_10NS,25,25,0,1
3,H300,3,W,52,WIDTH_STRATUM_GE20NS,161,160,1,5
3,H300,3,W,53,WIDTH_STRATUM_0NS,11,2,9,0
3,H300,3,W,53,WIDTH_STRATUM_10NS,32,32,0,3
3,H300,3,W,53,WIDTH_STRATUM_GE20NS,157,157,0,5
3,H300,3,W,54,WIDTH_STRATUM_0NS,14,3,11,0
3,H300,3,W,54,WIDTH_STRATUM_10NS,25,25,0,2
3,H300,3,W,54,WIDTH_STRATUM_GE20NS,161,156,5,8
3,H300,3,W,55,WIDTH_STRATUM_0NS,12,3,9,0
3,H300,3,W,55,WIDTH_STRATUM_10NS,11,11,0,0
3,H300,3,W,55,WIDTH_STRATUM_GE20NS,177,177,0,8
3,H300,3,W,56,WIDTH_STRATUM_0NS,11,7,4,0
3,H300,3,W,56,WIDTH_STRATUM_10NS,28,28,0,1
3,H300,3,W,56,WIDTH_STRATUM_GE20NS,161,159,2,3
3,H300,3,W,57,WIDTH_STRATUM_0NS,15,4,11,0
3,H300,3,W,57,WIDTH_STRATUM_10NS,21,21,0,0
3,H300,3,W,57,WIDTH_STRATUM_GE20NS,164,164,0,11
3,H300,3,W,58,WIDTH_STRATUM_0NS,12,0,12,0
3,H300,3,W,58,WIDTH_STRATUM_10NS,11,11,0,0
3,H300,3,W,58,WIDTH_STRATUM_GE20NS,177,158,19,10
3,H300,3,W,59,WIDTH_STRATUM_0NS,18,6,12,0
3,H300,3,W,59,WIDTH_STRATUM_10NS,32,32,0,0
3,H300,3,W,59,WIDTH_STRATUM_GE20NS,150,146,4,12
3,H300,3,W,60,WIDTH_STRATUM_0NS,8,2,6,0
3,H300,3,W,60,WIDTH_STRATUM_10NS,16,16,0,0
3,H300,3,W,60,WIDTH_STRATUM_GE20NS,176,173,3,4
3,H300,3,W,61,WIDTH_STRATUM_0NS,11,3,8,0
3,H300,3,W,61,WIDTH_STRATUM_10NS,28,26,2,2
3,H300,3,W,61,WIDTH_STRATUM_GE20NS,161,152,9,4
3,H300,3,W,62,WIDTH_STRATUM_0NS,14,2,12,1
3,H300,3,W,62,WIDTH_STRATUM_10NS,25,25,0,2
3,H300,3,W,62,WIDTH_STRATUM_GE20NS,161,158,3,8
3,H300,3,W,63,WIDTH_STRATUM_0NS,11,3,8,0
3,H300,3,W,63,WIDTH_STRATUM_10NS,23,23,0,0
3,H300,3,W,63,WIDTH_STRATUM_GE20NS,166,165,1,8
3,H300,3,W,64,WIDTH_STRATUM_0NS,14,4,10,0
3,H300,3,W,64,WIDTH_STRATUM_10NS,23,23,0,1
3,H300,3,W,64,WIDTH_STRATUM_GE20NS,163,162,1,9
3,H300,3,W,65,WIDTH_STRATUM_0NS,14,4,10,0
3,H300,3,W,65,WIDTH_STRATUM_10NS,25,25,0,1
3,H300,3,W,65,WIDTH_STRATUM_GE20NS,161,161,0,7
3,H300,3,W,66,WIDTH_STRATUM_0NS,18,4,14,1
3,H300,3,W,66,WIDTH_STRATUM_10NS,32,30,2,1
3,H300,3,W,66,WIDTH_STRATUM_GE20NS,150,149,1,12
3,H300,3,W,67,WIDTH_STRATUM_0NS,12,1,11,1
3,H300,3,W,67,WIDTH_STRATUM_10NS,11,9,2,0
3,H300,3,W,67,WIDTH_STRATUM_GE20NS,177,135,42,5
3,H300,3,W,68,WIDTH_STRATUM_0NS,11,3,8,0
3,H300,3,W,68,WIDTH_STRATUM_10NS,25,25,0,3
3,H300,3,W,68,WIDTH_STRATUM_GE20NS,164,163,1,5
3,H300,3,W,69,WIDTH_STRATUM_0NS,18,6,12,0
3,H300,3,W,69,WIDTH_STRATUM_10NS,29,27,2,4
3,H300,3,W,69,WIDTH_STRATUM_GE20NS,153,133,20,7
3,H300,3,W,70,WIDTH_STRATUM_0NS,17,1,16,0
3,H300,3,W,70,WIDTH_STRATUM_10NS,18,16,2,0
3,H300,3,W,70,WIDTH_STRATUM_GE20NS,165,116,49,10
3,H300,3,W,71,WIDTH_STRATUM_0NS,15,2,13,0
3,H300,3,W,71,WIDTH_STRATUM_10NS,21,21,0,0
3,H300,3,W,71,WIDTH_STRATUM_GE20NS,164,158,6,12
3,H300,3,W,72,WIDTH_STRATUM_0NS,18,2,16,0
3,H300,3,W,72,WIDTH_STRATUM_10NS,32,31,1,1
3,H300,3,W,72,WIDTH_STRATUM_GE20NS,150,143,7,14
3,H300,3,W,73,WIDTH_STRATUM_0NS,18,0,18,0
3,H300,3,W,73,WIDTH_STRATUM_10NS,32,32,0,1
3,H300,3,W,73,WIDTH_STRATUM_GE20NS,150,150,0,16
3,H300,3,W,74,WIDTH_STRATUM_0NS,11,2,9,0
3,H300,3,W,74,WIDTH_STRATUM_10NS,32,32,0,3
3,H300,3,W,74,WIDTH_STRATUM_GE20NS,157,156,1,5
3,H300,3,W,75,WIDTH_STRATUM_0NS,14,1,13,0
3,H300,3,W,75,WIDTH_STRATUM_10NS,18,18,0,2
3,H300,3,W,75,WIDTH_STRATUM_GE20NS,168,168,0,11
3,H300,3,W,76,WIDTH_STRATUM_0NS,8,1,7,1
3,H300,3,W,76,WIDTH_STRATUM_10NS,16,15,1,0
3,H300,3,W,76,WIDTH_STRATUM_GE20NS,176,168,8,6
3,H300,3,W,77,WIDTH_STRATUM_0NS,11,2,9,0
3,H300,3,W,77,WIDTH_STRATUM_10NS,25,22,3,2
3,H300,3,W,77,WIDTH_STRATUM_GE20NS,164,158,6,7
3,H300,3,W,78,WIDTH_STRATUM_0NS,7,0,7,0
3,H300,3,W,78,WIDTH_STRATUM_10NS,25,25,0,1
3,H300,3,W,78,WIDTH_STRATUM_GE20NS,168,167,1,6
3,H300,3,W,79,WIDTH_STRATUM_0NS,18,4,14,1
3,H300,3,W,79,WIDTH_STRATUM_10NS,29,29,0,6
3,H300,3,W,79,WIDTH_STRATUM_GE20NS,153,153,0,7
3,H300,3,W,80,WIDTH_STRATUM_0NS,10,3,7,0
3,H300,3,W,80,WIDTH_STRATUM_10NS,26,20,6,1
3,H300,3,W,80,WIDTH_STRATUM_GE20NS,164,141,23,3
3,H300,3,W,81,WIDTH_STRATUM_0NS,12,3,9,0
3,H300,3,W,81,WIDTH_STRATUM_10NS,11,11,0,0
3,H300,3,W,81,WIDTH_STRATUM_GE20NS,177,177,0,9
3,H300,3,W,82,WIDTH_STRATUM_0NS,12,3,9,0
3,H300,3,W,82,WIDTH_STRATUM_10NS,11,11,0,0
3,H300,3,W,82,WIDTH_STRATUM_GE20NS,177,177,0,8
3,H300,3,W,83,WIDTH_STRATUM_0NS,10,2,8,1
3,H300,3,W,83,WIDTH_STRATUM_10NS,26,26,0,1
3,H300,3,W,83,WIDTH_STRATUM_GE20NS,164,162,2,6
3,H300,3,W,84,WIDTH_STRATUM_0NS,11,2,9,0
3,H300,3,W,84,WIDTH_STRATUM_10NS,28,28,0,3
3,H300,3,W,84,WIDTH_STRATUM_GE20NS,161,161,0,6
3,H300,3,W,85,WIDTH_STRATUM_0NS,15,3,12,0
3,H300,3,W,85,WIDTH_STRATUM_10NS,21,21,0,0
3,H300,3,W,85,WIDTH_STRATUM_GE20NS,164,151,13,12
3,H300,3,W,86,WIDTH_STRATUM_0NS,11,4,7,0
3,H300,3,W,86,WIDTH_STRATUM_10NS,23,22,1,0
3,H300,3,W,86,WIDTH_STRATUM_GE20NS,166,165,1,6
3,H300,3,W,87,WIDTH_STRATUM_0NS,10,2,8,0
3,H300,3,W,87,WIDTH_STRATUM_10NS,26,26,0,0
3,H300,3,W,87,WIDTH_STRATUM_GE20NS,164,164,0,7
3,H300,3,W,88,WIDTH_STRATUM_0NS,14,5,9,0
3,H300,3,W,88,WIDTH_STRATUM_10NS,25,22,3,0
3,H300,3,W,88,WIDTH_STRATUM_GE20NS,161,153,8,7
3,H300,3,W,89,WIDTH_STRATUM_0NS,14,3,11,0
3,H300,3,W,89,WIDTH_STRATUM_10NS,18,18,0,3
3,H300,3,W,89,WIDTH_STRATUM_GE20NS,168,167,1,8
3,H300,3,W,90,WIDTH_STRATUM_0NS,7,1,6,0
3,H300,3,W,90,WIDTH_STRATUM_10NS,25,25,0,1
3,H300,3,W,90,WIDTH_STRATUM_GE20NS,168,168,0,5
3,H300,3,W,91,WIDTH_STRATUM_0NS,18,2,16,0
3,H300,3,W,91,WIDTH_STRATUM_10NS,32,27,5,0
3,H300,3,W,91,WIDTH_STRATUM_GE20NS,150,132,18,12
3,H300,3,W,92,WIDTH_STRATUM_0NS,11,2,9,0
3,H300,3,W,92,WIDTH_STRATUM_10NS,23,22,1,0
3,H300,3,W,92,WIDTH_STRATUM_GE20NS,166,162,4,8
3,H300,3,W,93,WIDTH_STRATUM_0NS,18,1,17,0
3,H300,3,W,93,WIDTH_STRATUM_10NS,32,29,3,1
3,H300,3,W,93,WIDTH_STRATUM_GE20NS,150,128,22,11
3,H300,3,W,94,WIDTH_STRATUM_0NS,11,0,11,0
3,H300,3,W,94,WIDTH_STRATUM_10NS,32,2,30,0
3,H300,3,W,94,WIDTH_STRATUM_GE20NS,157,27,130,2
3,H300,3,W,95,WIDTH_STRATUM_0NS,14,2,12,0
3,H300,3,W,95,WIDTH_STRATUM_10NS,25,22,3,2
3,H300,3,W,95,WIDTH_STRATUM_GE20NS,161,148,13,7
3,H300,3,W,96,WIDTH_STRATUM_0NS,15,5,10,0
3,H300,3,W,96,WIDTH_STRATUM_10NS,21,20,1,0
3,H300,3,W,96,WIDTH_STRATUM_GE20NS,164,160,4,10
3,H300,3,W,97,WIDTH_STRATUM_0NS,11,5,6,0
3,H300,3,W,97,WIDTH_STRATUM_10NS,28,28,0,1
3,H300,3,W,97,WIDTH_STRATUM_GE20NS,161,161,0,4
3,H300,3,W,98,WIDTH_STRATUM_0NS,10,5,5,0
3,H300,3,W,98,WIDTH_STRATUM_10NS,26,26,0,0
3,H300,3,W,98,WIDTH_STRATUM_GE20NS,164,164,0,5
3,H300,3,W,99,WIDTH_STRATUM_0NS,18,1,17,0
3,H300,3,W,99,WIDTH_STRATUM_10NS,32,18,14,1
3,H300,3,W,99,WIDTH_STRATUM_GE20NS,150,42,108,5
3,H300,3,W,100,WIDTH_STRATUM_0NS,18,5,13,0
3,H300,3,W,100,WIDTH_STRATUM_10NS,29,29,0,2
3,H300,3,W,100,WIDTH_STRATUM_GE20NS,153,153,0,10
3,H300,3,W,101,WIDTH_STRATUM_0NS,11,2,9,0
3,H300,3,W,101,WIDTH_STRATUM_10NS,28,28,0,3
3,H300,3,W,101,WIDTH_STRATUM_GE20NS,161,161,0,5
3,H300,3,W,102,WIDTH_STRATUM_0NS,10,5,5,0
3,H300,3,W,102,WIDTH_STRATUM_10NS,26,26,0,0
3,H300,3,W,102,WIDTH_STRATUM_GE20NS,164,164,0,5
3,H300,3,W,103,WIDTH_STRATUM_0NS,18,6,12,0
3,H300,3,W,103,WIDTH_STRATUM_10NS,32,32,0,0
3,H300,3,W,103,WIDTH_STRATUM_GE20NS,150,149,1,12
3,H300,3,W,104,WIDTH_STRATUM_0NS,10,2,8,0
3,H300,3,W,104,WIDTH_STRATUM_10NS,26,25,1,1
3,H300,3,W,104,WIDTH_STRATUM_GE20NS,164,162,2,6
3,H300,3,W,105,WIDTH_STRATUM_0NS,15,3,12,0
3,H300,3,W,105,WIDTH_STRATUM_10NS,21,20,1,0
3,H300,3,W,105,WIDTH_STRATUM_GE20NS,164,153,11,11
3,H300,3,W,106,WIDTH_STRATUM_0NS,14,3,11,0
3,H300,3,W,106,WIDTH_STRATUM_10NS,23,23,0,3
3,H300,3,W,106,WIDTH_STRATUM_GE20NS,163,163,0,8
3,H300,3,W,107,WIDTH_STRATUM_0NS,17,3,14,0
3,H300,3,W,107,WIDTH_STRATUM_10NS,18,18,0,0
3,H300,3,W,107,WIDTH_STRATUM_GE20NS,165,162,3,14
3,H300,3,W,108,WIDTH_STRATUM_0NS,7,2,5,0
3,H300,3,W,108,WIDTH_STRATUM_10NS,25,25,0,1
3,H300,3,W,108,WIDTH_STRATUM_GE20NS,168,166,2,4
3,H300,3,W,109,WIDTH_STRATUM_0NS,18,4,14,0
3,H300,3,W,109,WIDTH_STRATUM_10NS,29,28,1,6
3,H300,3,W,109,WIDTH_STRATUM_GE20NS,153,140,13,8
3,H300,3,W,110,WIDTH_STRATUM_0NS,14,4,10,0
3,H300,3,W,110,WIDTH_STRATUM_10NS,25,24,1,2
3,H300,3,W,110,WIDTH_STRATUM_GE20NS,161,153,8,7
3,H300,3,W,111,WIDTH_STRATUM_0NS,15,4,11,0
3,H300,3,W,111,WIDTH_STRATUM_10NS,21,21,0,0
3,H300,3,W,111,WIDTH_STRATUM_GE20NS,164,164,0,11
3,H300,3,W,112,WIDTH_STRATUM_0NS,9,3,6,0
3,H300,3,W,112,WIDTH_STRATUM_10NS,22,22,0,0
3,H300,3,W,112,WIDTH_STRATUM_GE20NS,169,169,0,6
3,H300,3,W,113,WIDTH_STRATUM_0NS,14,0,14,0
3,H300,3,W,113,WIDTH_STRATUM_10NS,25,25,0,2
3,H300,3,W,113,WIDTH_STRATUM_GE20NS,161,159,2,10
3,H300,3,W,114,WIDTH_STRATUM_0NS,18,9,9,0
3,H300,3,W,114,WIDTH_STRATUM_10NS,29,29,0,2
3,H300,3,W,114,WIDTH_STRATUM_GE20NS,153,151,2,7
3,H300,3,W,115,WIDTH_STRATUM_0NS,11,2,9,0
3,H300,3,W,115,WIDTH_STRATUM_10NS,28,28,0,2
3,H300,3,W,115,WIDTH_STRATUM_GE20NS,161,160,1,6
3,H300,3,W,116,WIDTH_STRATUM_0NS,11,2,9,0
3,H300,3,W,116,WIDTH_STRATUM_10NS,23,23,0,0
3,H300,3,W,116,WIDTH_STRATUM_GE20NS,166,165,1,9
3,H300,3,W,117,WIDTH_STRATUM_0NS,11,3,8,1
3,H300,3,W,117,WIDTH_STRATUM_10NS,32,30,2,2
3,H300,3,W,117,WIDTH_STRATUM_GE20NS,157,143,14,4
3,H300,3,W,118,WIDTH_STRATUM_0NS,14,5,9,0
3,H300,3,W,118,WIDTH_STRATUM_10NS,23,23,0,2
3,H300,3,W,118,WIDTH_STRATUM_GE20NS,163,163,0,7
3,H300,3,W,119,WIDTH_STRATUM_0NS,17,3,14,0
3,H300,3,W,119,WIDTH_STRATUM_10NS,18,18,0,0
3,H300,3,W,119,WIDTH_STRATUM_GE20NS,165,165,0,14
3,H300,3,W,120,WIDTH_STRATUM_0NS,14,3,11,0
3,H300,3,W,120,WIDTH_STRATUM_10NS,18,15,3,3
3,H300,3,W,120,WIDTH_STRATUM_GE20NS,168,119,49,6
3,H300,3,W,121,WIDTH_STRATUM_0NS,9,2,7,0
3,H300,3,W,121,WIDTH_STRATUM_10NS,22,22,0,1
3,H300,3,W,121,WIDTH_STRATUM_GE20NS,169,165,4,5
3,H300,3,W,122,WIDTH_STRATUM_0NS,9,0,9,0
3,H300,3,W,122,WIDTH_STRATUM_10NS,22,19,3,1
3,H300,3,W,122,WIDTH_STRATUM_GE20NS,169,146,23,4
3,H300,3,W,123,WIDTH_STRATUM_0NS,7,1,6,0
3,H300,3,W,123,WIDTH_STRATUM_10NS,25,25,0,1
3,H300,3,W,123,WIDTH_STRATUM_GE20NS,168,168,0,5
3,H300,3,W,124,WIDTH_STRATUM_0NS,11,5,6,0
3,H300,3,W,124,WIDTH_STRATUM_10NS,25,24,1,0
3,H300,3,W,124,WIDTH_STRATUM_GE20NS,164,163,1,5
3,H300,3,W,125,WIDTH_STRATUM_0NS,14,3,11,0
3,H300,3,W,125,WIDTH_STRATUM_10NS,18,18,0,3
3,H300,3,W,125,WIDTH_STRATUM_GE20NS,168,168,0,8
3,H300,3,W,126,WIDTH_STRATUM_0NS,11,6,5,0
3,H300,3,W,126,WIDTH_STRATUM_10NS,25,25,0,1
3,H300,3,W,126,WIDTH_STRATUM_GE20NS,164,164,0,4
3,H300,3,W,127,WIDTH_STRATUM_0NS,15,2,13,0
3,H300,3,W,127,WIDTH_STRATUM_10NS,21,21,0,0
3,H300,3,W,127,WIDTH_STRATUM_GE20NS,164,163,1,13
3,H300,3,W,128,WIDTH_STRATUM_0NS,17,5,12,0
3,H300,3,W,128,WIDTH_STRATUM_10NS,18,16,2,0
3,H300,3,W,128,WIDTH_STRATUM_GE20NS,165,163,2,12
3,H300,3,W,129,WIDTH_STRATUM_0NS,14,5,9,0
3,H300,3,W,129,WIDTH_STRATUM_10NS,23,23,0,2
3,H300,3,W,129,WIDTH_STRATUM_GE20NS,163,162,1,7
3,H300,3,W,130,WIDTH_STRATUM_0NS,11,4,7,0
3,H300,3,W,130,WIDTH_STRATUM_10NS,32,31,1,3
3,H300,3,W,130,WIDTH_STRATUM_GE20NS,157,156,1,4
3,H300,3,W,131,WIDTH_STRATUM_0NS,14,5,9,0
3,H300,3,W,131,WIDTH_STRATUM_10NS,25,25,0,2
3,H300,3,W,131,WIDTH_STRATUM_GE20NS,161,161,0,6
3,H300,3,W,132,WIDTH_STRATUM_0NS,11,4,7,0
3,H300,3,W,132,WIDTH_STRATUM_10NS,25,25,0,2
3,H300,3,W,132,WIDTH_STRATUM_GE20NS,164,164,0,5
3,H300,3,W,133,WIDTH_STRATUM_0NS,11,3,8,0
3,H300,3,W,133,WIDTH_STRATUM_10NS,25,24,1,3
3,H300,3,W,133,WIDTH_STRATUM_GE20NS,164,164,0,5
3,H300,3,W,134,WIDTH_STRATUM_0NS,11,3,8,1
3,H300,3,W,134,WIDTH_STRATUM_10NS,32,32,0,2
3,H300,3,W,134,WIDTH_STRATUM_GE20NS,157,157,0,5
3,H300,3,W,135,WIDTH_STRATUM_0NS,14,5,9,0
3,H300,3,W,135,WIDTH_STRATUM_10NS,25,25,0,1
3,H300,3,W,135,WIDTH_STRATUM_GE20NS,161,154,7,6
3,H300,3,W,136,WIDTH_STRATUM_0NS,11,1,10,0
3,H300,3,W,136,WIDTH_STRATUM_10NS,28,16,12,2
3,H300,3,W,136,WIDTH_STRATUM_GE20NS,161,71,90,3
3,H300,3,W,137,WIDTH_STRATUM_0NS,8,0,8,0
3,H300,3,W,137,WIDTH_STRATUM_10NS,16,15,1,0
3,H300,3,W,137,WIDTH_STRATUM_GE20NS,176,160,16,6
3,H300,3,W,138,WIDTH_STRATUM_0NS,12,2,10,0
3,H300,3,W,138,WIDTH_STRATUM_10NS,11,11,0,0
3,H300,3,W,138,WIDTH_STRATUM_GE20NS,177,176,1,8
3,H300,3,W,139,WIDTH_STRATUM_0NS,12,2,10,0
3,H300,3,W,139,WIDTH_STRATUM_10NS,11,11,0,0
3,H300,3,W,139,WIDTH_STRATUM_GE20NS,177,176,1,9
3,H300,3,W,140,WIDTH_STRATUM_0NS,18,5,13,0
3,H300,3,W,140,WIDTH_STRATUM_10NS,29,22,7,2
3,H300,3,W,140,WIDTH_STRATUM_GE20NS,153,126,27,6
3,H300,3,W,141,WIDTH_STRATUM_0NS,18,5,13,0
3,H300,3,W,141,WIDTH_STRATUM_10NS,29,23,6,4
3,H300,3,W,141,WIDTH_STRATUM_GE20NS,153,119,34,6
3,H300,3,W,142,WIDTH_STRATUM_0NS,14,1,13,0
3,H300,3,W,142,WIDTH_STRATUM_10NS,18,18,0,3
3,H300,3,W,142,WIDTH_STRATUM_GE20NS,168,166,2,9
3,H300,3,W,143,WIDTH_STRATUM_0NS,18,4,14,0
3,H300,3,W,143,WIDTH_STRATUM_10NS,32,32,0,1
3,H300,3,W,143,WIDTH_STRATUM_GE20NS,150,147,3,12
3,H300,3,W,144,WIDTH_STRATUM_0NS,11,3,8,0
3,H300,3,W,144,WIDTH_STRATUM_10NS,28,28,0,1
3,H300,3,W,144,WIDTH_STRATUM_GE20NS,161,160,1,7
3,H300,3,W,145,WIDTH_STRATUM_0NS,12,3,9,0
3,H300,3,W,145,WIDTH_STRATUM_10NS,11,11,0,0
3,H300,3,W,145,WIDTH_STRATUM_GE20NS,177,176,1,8
3,H300,3,W,146,WIDTH_STRATUM_0NS,11,2,9,0
3,H300,3,W,146,WIDTH_STRATUM_10NS,28,28,0,3
3,H300,3,W,146,WIDTH_STRATUM_GE20NS,161,160,1,6
3,H300,3,W,147,WIDTH_STRATUM_0NS,15,3,12,0
3,H300,3,W,147,WIDTH_STRATUM_10NS,21,11,10,0
3,H300,3,W,147,WIDTH_STRATUM_GE20NS,164,92,72,7
3,H300,3,W,148,WIDTH_STRATUM_0NS,14,4,10,0
3,H300,3,W,148,WIDTH_STRATUM_10NS,23,23,0,2
3,H300,3,W,148,WIDTH_STRATUM_GE20NS,163,163,0,8
3,H300,3,W,149,WIDTH_STRATUM_0NS,11,1,10,0
3,H300,3,W,149,WIDTH_STRATUM_10NS,28,25,3,3
3,H300,3,W,149,WIDTH_STRATUM_GE20NS,161,149,12,4
3,H300,3,W,150,WIDTH_STRATUM_0NS,14,7,7,0
3,H300,3,W,150,WIDTH_STRATUM_10NS,25,22,3,0
3,H300,3,W,150,WIDTH_STRATUM_GE20NS,161,154,7,4
3,H300,3,W,151,WIDTH_STRATUM_0NS,10,1,9,0
3,H300,3,W,151,WIDTH_STRATUM_10NS,26,8,18,0
3,H300,3,W,151,WIDTH_STRATUM_GE20NS,164,31,133,1
3,H300,3,W,152,WIDTH_STRATUM_0NS,18,6,12,0
3,H300,3,W,152,WIDTH_STRATUM_10NS,32,32,0,0
3,H300,3,W,152,WIDTH_STRATUM_GE20NS,150,146,4,11
3,H300,3,W,153,WIDTH_STRATUM_0NS,9,2,7,0
3,H300,3,W,153,WIDTH_STRATUM_10NS,22,21,1,1
3,H300,3,W,153,WIDTH_STRATUM_GE20NS,169,142,27,6
3,H300,3,W,154,WIDTH_STRATUM_0NS,14,3,11,0
3,H300,3,W,154,WIDTH_STRATUM_10NS,25,22,3,2
3,H300,3,W,154,WIDTH_STRATUM_GE20NS,161,156,5,8
3,H300,3,W,155,WIDTH_STRATUM_0NS,7,0,7,0
3,H300,3,W,155,WIDTH_STRATUM_10NS,25,22,3,1
3,H300,3,W,155,WIDTH_STRATUM_GE20NS,168,144,24,6
3,H300,3,W,156,WIDTH_STRATUM_0NS,14,1,13,0
3,H300,3,W,156,WIDTH_STRATUM_10NS,18,8,10,1
3,H300,3,W,156,WIDTH_STRATUM_GE20NS,168,119,49,8
3,H300,3,W,157,WIDTH_STRATUM_0NS,8,2,6,0
3,H300,3,W,157,WIDTH_STRATUM_10NS,16,16,0,0
3,H300,3,W,157,WIDTH_STRATUM_GE20NS,176,176,0,6
3,H300,3,W,158,WIDTH_STRATUM_0NS,14,3,11,0
3,H300,3,W,158,WIDTH_STRATUM_10NS,18,16,2,3
3,H300,3,W,158,WIDTH_STRATUM_GE20NS,168,139,29,8
3,H300,3,W,159,WIDTH_STRATUM_0NS,18,4,14,0
3,H300,3,W,159,WIDTH_STRATUM_10NS,32,30,2,1
3,H300,3,W,159,WIDTH_STRATUM_GE20NS,150,131,19,10
3,H300,3,W,160,WIDTH_STRATUM_0NS,11,1,10,0
3,H300,3,W,160,WIDTH_STRATUM_10NS,25,25,0,3
3,H300,3,W,160,WIDTH_STRATUM_GE20NS,164,163,1,7
3,H300,3,W,161,WIDTH_STRATUM_0NS,15,1,14,0
3,H300,3,W,161,WIDTH_STRATUM_10NS,21,19,2,0
3,H300,3,W,161,WIDTH_STRATUM_GE20NS,164,133,31,11
3,H300,3,W,162,WIDTH_STRATUM_0NS,11,8,3,1
3,H300,3,W,162,WIDTH_STRATUM_10NS,28,28,0,0
3,H300,3,W,162,WIDTH_STRATUM_GE20NS,161,161,0,2
3,H300,3,W,163,WIDTH_STRATUM_0NS,10,2,8,0
3,H300,3,W,163,WIDTH_STRATUM_10NS,26,25,1,0
3,H300,3,W,163,WIDTH_STRATUM_GE20NS,164,159,5,7
3,H300,3,W,164,WIDTH_STRATUM_0NS,12,2,10,0
3,H300,3,W,164,WIDTH_STRATUM_10NS,11,10,1,0
3,H300,3,W,164,WIDTH_STRATUM_GE20NS,177,164,13,8
3,H300,3,W,165,WIDTH_STRATUM_0NS,14,3,11,0
3,H300,3,W,165,WIDTH_STRATUM_10NS,23,23,0,2
3,H300,3,W,165,WIDTH_STRATUM_GE20NS,163,163,0,9
3,H300,3,W,166,WIDTH_STRATUM_0NS,17,6,11,0
3,H300,3,W,166,WIDTH_STRATUM_10NS,18,18,0,0
3,H300,3,W,166,WIDTH_STRATUM_GE20NS,165,151,14,9
3,H300,3,W,167,WIDTH_STRATUM_0NS,11,5,6,0
3,H300,3,W,167,WIDTH_STRATUM_10NS,23,23,0,0
3,H300,3,W,167,WIDTH_STRATUM_GE20NS,166,166,0,6
3,H300,3,W,168,WIDTH_STRATUM_0NS,12,3,9,0
3,H300,3,W,168,WIDTH_STRATUM_10NS,11,11,0,0
3,H300,3,W,168,WIDTH_STRATUM_GE20NS,177,175,2,8
3,H300,3,W,169,WIDTH_STRATUM_0NS,11,1,10,0
3,H300,3,W,169,WIDTH_STRATUM_10NS,25,5,20,0
3,H300,3,W,169,WIDTH_STRATUM_GE20NS,164,59,105,3
3,H300,3,W,170,WIDTH_STRATUM_0NS,8,2,6,1
3,H300,3,W,170,WIDTH_STRATUM_10NS,16,16,0,0
3,H300,3,W,170,WIDTH_STRATUM_GE20NS,176,174,2,5
3,H300,3,W,171,WIDTH_STRATUM_0NS,11,2,9,0
3,H300,3,W,171,WIDTH_STRATUM_10NS,25,25,0,3
3,H300,3,W,171,WIDTH_STRATUM_GE20NS,164,164,0,6
3,H300,3,W,172,WIDTH_STRATUM_0NS,10,3,7,0
3,H300,3,W,172,WIDTH_STRATUM_10NS,26,25,1,1
3,H300,3,W,172,WIDTH_STRATUM_GE20NS,164,156,8,5
3,H300,3,W,173,WIDTH_STRATUM_0NS,18,5,13,1
3,H300,3,W,173,WIDTH_STRATUM_10NS,29,29,0,4
3,H300,3,W,173,WIDTH_STRATUM_GE20NS,153,152,1,7
3,H300,3,W,174,WIDTH_STRATUM_0NS,18,2,16,0
3,H300,3,W,174,WIDTH_STRATUM_10NS,29,20,9,3
3,H300,3,W,174,WIDTH_STRATUM_GE20NS,153,116,37,5
3,H300,3,W,175,WIDTH_STRATUM_0NS,18,6,12,1
3,H300,3,W,175,WIDTH_STRATUM_10NS,29,26,3,2
3,H300,3,W,175,WIDTH_STRATUM_GE20NS,153,138,15,8
3,H300,3,W,176,WIDTH_STRATUM_0NS,10,4,6,0
3,H300,3,W,176,WIDTH_STRATUM_10NS,26,26,0,1
3,H300,3,W,176,WIDTH_STRATUM_GE20NS,164,163,1,5
3,H300,3,W,177,WIDTH_STRATUM_0NS,11,2,9,0
3,H300,3,W,177,WIDTH_STRATUM_10NS,25,25,0,2
3,H300,3,W,177,WIDTH_STRATUM_GE20NS,164,164,0,7
3,H300,3,W,178,WIDTH_STRATUM_0NS,11,2,9,0
3,H300,3,W,178,WIDTH_STRATUM_10NS,28,28,0,3
3,H300,3,W,178,WIDTH_STRATUM_GE20NS,161,161,0,5
3,H300,3,W,179,WIDTH_STRATUM_0NS,11,3,8,0
3,H300,3,W,179,WIDTH_STRATUM_10NS,28,27,1,3
3,H300,3,W,179,WIDTH_STRATUM_GE20NS,161,161,0,4
3,H300,3,W,180,WIDTH_STRATUM_0NS,14,3,11,0
3,H300,3,W,180,WIDTH_STRATUM_10NS,18,18,0,1
3,H300,3,W,180,WIDTH_STRATUM_GE20NS,168,166,2,9
3,H300,3,W,181,WIDTH_STRATUM_0NS,12,3,9,0
3,H300,3,W,181,WIDTH_STRATUM_10NS,11,11,0,0
3,H300,3,W,181,WIDTH_STRATUM_GE20NS,177,175,2,8
3,H300,3,W,182,WIDTH_STRATUM_0NS,15,2,13,0
3,H300,3,W,182,WIDTH_STRATUM_10NS,21,19,2,0
3,H300,3,W,182,WIDTH_STRATUM_GE20NS,164,152,12,12
3,H300,3,W,183,WIDTH_STRATUM_0NS,11,4,7,0
3,H300,3,W,183,WIDTH_STRATUM_10NS,32,32,0,1
3,H300,3,W,183,WIDTH_STRATUM_GE20NS,157,151,6,3
3,H300,3,W,184,WIDTH_STRATUM_0NS,10,3,7,0
3,H300,3,W,184,WIDTH_STRATUM_10NS,26,25,1,1
3,H300,3,W,184,WIDTH_STRATUM_GE20NS,164,155,9,4
3,H300,3,W,185,WIDTH_STRATUM_0NS,11,1,10,0
3,H300,3,W,185,WIDTH_STRATUM_10NS,23,23,0,0
3,H300,3,W,185,WIDTH_STRATUM_GE20NS,166,166,0,10
3,H300,3,W,186,WIDTH_STRATUM_0NS,11,5,6,0
3,H300,3,W,186,WIDTH_STRATUM_10NS,23,23,0,0
3,H300,3,W,186,WIDTH_STRATUM_GE20NS,166,166,0,6
3,H300,3,W,187,WIDTH_STRATUM_0NS,11,3,8,0
3,H300,3,W,187,WIDTH_STRATUM_10NS,28,28,0,2
3,H300,3,W,187,WIDTH_STRATUM_GE20NS,161,161,0,5
3,H300,3,W,188,WIDTH_STRATUM_0NS,14,5,9,0
3,H300,3,W,188,WIDTH_STRATUM_10NS,25,24,1,2
3,H300,3,W,188,WIDTH_STRATUM_GE20NS,161,159,2,5
3,H300,3,W,189,WIDTH_STRATUM_0NS,11,1,10,0
3,H300,3,W,189,WIDTH_STRATUM_10NS,28,27,1,3
3,H300,3,W,189,WIDTH_STRATUM_GE20NS,161,159,2,6
3,H300,3,W,190,WIDTH_STRATUM_0NS,8,2,6,0
3,H300,3,W,190,WIDTH_STRATUM_10NS,16,16,0,0
3,H300,3,W,190,WIDTH_STRATUM_GE20NS,176,175,1,4
3,H300,3,W,191,WIDTH_STRATUM_0NS,17,4,13,0
3,H300,3,W,191,WIDTH_STRATUM_10NS,18,17,1,0
3,H300,3,W,191,WIDTH_STRATUM_GE20NS,165,165,0,13
3,H300,3,W,192,WIDTH_STRATUM_0NS,10,3,7,0
3,H300,3,W,192,WIDTH_STRATUM_10NS,26,26,0,0
3,H300,3,W,192,WIDTH_STRATUM_GE20NS,164,163,1,7
3,H300,3,W,193,WIDTH_STRATUM_0NS,11,4,7,0
3,H300,3,W,193,WIDTH_STRATUM_10NS,23,23,0,0
3,H300,3,W,193,WIDTH_STRATUM_GE20NS,166,159,7,7
3,H300,3,W,194,WIDTH_STRATUM_0NS,18,5,13,1
3,H300,3,W,194,WIDTH_STRATUM_10NS,29,29,0,5
3,H300,3,W,194,WIDTH_STRATUM_GE20NS,153,152,1,7
3,H300,3,W,195,WIDTH_STRATUM_0NS,18,2,16,0
3,H300,3,W,195,WIDTH_STRATUM_10NS,32,31,1,1
3,H300,3,W,195,WIDTH_STRATUM_GE20NS,150,140,10,14
3,H300,3,W,196,WIDTH_STRATUM_0NS,11,1,10,0
3,H300,3,W,196,WIDTH_STRATUM_10NS,32,14,18,2
3,H300,3,W,196,WIDTH_STRATUM_GE20NS,157,90,67,3
3,H300,3,W,197,WIDTH_STRATUM_0NS,18,6,12,0
3,H300,3,W,197,WIDTH_STRATUM_10NS,32,29,3,0
3,H300,3,W,197,WIDTH_STRATUM_GE20NS,150,147,3,11
3,H300,3,W,198,WIDTH_STRATUM_0NS,11,3,8,0
3,H300,3,W,198,WIDTH_STRATUM_10NS,32,30,2,3
3,H300,3,W,198,WIDTH_STRATUM_GE20NS,157,155,2,4
3,H300,3,W,199,WIDTH_STRATUM_0NS,12,1,11,0
3,H300,3,W,199,WIDTH_STRATUM_10NS,11,11,0,0
3,H300,3,W,199,WIDTH_STRATUM_GE20NS,177,172,5,10
3,H300,3,W,200,WIDTH_STRATUM_0NS,11,4,7,0
3,H300,3,W,200,WIDTH_STRATUM_10NS,25,24,1,2
3,H300,3,W,200,WIDTH_STRATUM_GE20NS,164,164,0,5
3,H300,4,TW,1,WIDTH_STRATUM_0NS,17,8,9,0
3,H300,4,TW,1,WIDTH_STRATUM_10NS,18,18,0,0
3,H300,4,TW,1,WIDTH_STRATUM_GE20NS,165,165,0,9
3,H300,4,TW,2,WIDTH_STRATUM_0NS,14,5,9,0
3,H300,4,TW,2,WIDTH_STRATUM_10NS,23,23,0,3
3,H300,4,TW,2,WIDTH_STRATUM_GE20NS,163,163,0,6
3,H300,4,TW,3,WIDTH_STRATUM_0NS,14,5,9,0
3,H300,4,TW,3,WIDTH_STRATUM_10NS,23,23,0,2
3,H300,4,TW,3,WIDTH_STRATUM_GE20NS,163,163,0,7
3,H300,4,TW,4,WIDTH_STRATUM_0NS,8,2,6,0
3,H300,4,TW,4,WIDTH_STRATUM_10NS,16,16,0,0
3,H300,4,TW,4,WIDTH_STRATUM_GE20NS,176,176,0,5
3,H300,4,TW,5,WIDTH_STRATUM_0NS,9,3,6,0
3,H300,4,TW,5,WIDTH_STRATUM_10NS,22,22,0,1
3,H300,4,TW,5,WIDTH_STRATUM_GE20NS,169,169,0,5
3,H300,4,TW,6,WIDTH_STRATUM_0NS,9,2,7,0
3,H300,4,TW,6,WIDTH_STRATUM_10NS,22,22,0,1
3,H300,4,TW,6,WIDTH_STRATUM_GE20NS,169,169,0,6
3,H300,4,TW,7,WIDTH_STRATUM_0NS,10,0,10,0
3,H300,4,TW,7,WIDTH_STRATUM_10NS,26,26,0,1
3,H300,4,TW,7,WIDTH_STRATUM_GE20NS,164,164,0,8
3,H300,4,TW,8,WIDTH_STRATUM_0NS,11,4,7,0
3,H300,4,TW,8,WIDTH_STRATUM_10NS,23,23,0,0
3,H300,4,TW,8,WIDTH_STRATUM_GE20NS,166,166,0,7
3,H300,4,TW,9,WIDTH_STRATUM_0NS,17,7,10,0
3,H300,4,TW,9,WIDTH_STRATUM_10NS,18,18,0,0
3,H300,4,TW,9,WIDTH_STRATUM_GE20NS,165,165,0,10
3,H300,4,TW,10,WIDTH_STRATUM_0NS,14,5,9,0
3,H300,4,TW,10,WIDTH_STRATUM_10NS,18,18,0,2
3,H300,4,TW,10,WIDTH_STRATUM_GE20NS,168,168,0,7
3,H300,4,TW,11,WIDTH_STRATUM_0NS,14,7,7,1
3,H300,4,TW,11,WIDTH_STRATUM_10NS,25,25,0,1
3,H300,4,TW,11,WIDTH_STRATUM_GE20NS,161,161,0,5
3,H300,4,TW,12,WIDTH_STRATUM_0NS,18,9,9,0
3,H300,4,TW,12,WIDTH_STRATUM_10NS,29,29,0,0
3,H300,4,TW,12,WIDTH_STRATUM_GE20NS,153,153,0,8
3,H300,4,TW,13,WIDTH_STRATUM_0NS,11,4,7,0
3,H300,4,TW,13,WIDTH_STRATUM_10NS,32,32,0,2
3,H300,4,TW,13,WIDTH_STRATUM_GE20NS,157,157,0,4
3,H300,4,TW,14,WIDTH_STRATUM_0NS,18,4,14,0
3,H300,4,TW,14,WIDTH_STRATUM_10NS,29,29,0,3
3,H300,4,TW,14,WIDTH_STRATUM_GE20NS,153,153,0,10
3,H300,4,TW,15,WIDTH_STRATUM_0NS,10,5,5,0
3,H300,4,TW,15,WIDTH_STRATUM_10NS,26,26,0,0
3,H300,4,TW,15,WIDTH_STRATUM_GE20NS,164,164,0,5
3,H300,4,TW,16,WIDTH_STRATUM_0NS,12,3,9,0
3,H300,4,TW,16,WIDTH_STRATUM_10NS,11,11,0,0
3,H300,4,TW,16,WIDTH_STRATUM_GE20NS,177,177,0,9
3,H300,4,TW,17,WIDTH_STRATUM_0NS,11,6,5,0
3,H300,4,TW,17,WIDTH_STRATUM_10NS,23,23,0,0
3,H300,4,TW,17,WIDTH_STRATUM_GE20NS,166,166,0,5
3,H300,4,TW,18,WIDTH_STRATUM_0NS,14,6,8,0
3,H300,4,TW,18,WIDTH_STRATUM_10NS,18,18,0,1
3,H300,4,TW,18,WIDTH_STRATUM_GE20NS,168,168,0,7
3,H300,4,TW,19,WIDTH_STRATUM_0NS,18,9,9,0
3,H300,4,TW,19,WIDTH_STRATUM_10NS,32,32,0,1
3,H300,4,TW,19,WIDTH_STRATUM_GE20NS,150,150,0,8
3,H300,4,TW,20,WIDTH_STRATUM_0NS,10,6,4,0
3,H300,4,TW,20,WIDTH_STRATUM_10NS,26,26,0,0
3,H300,4,TW,20,WIDTH_STRATUM_GE20NS,164,164,0,4
3,H300,4,TW,21,WIDTH_STRATUM_0NS,8,3,5,0
3,H300,4,TW,21,WIDTH_STRATUM_10NS,16,16,0,0
3,H300,4,TW,21,WIDTH_STRATUM_GE20NS,176,176,0,5
3,H300,4,TW,22,WIDTH_STRATUM_0NS,14,6,8,0
3,H300,4,TW,22,WIDTH_STRATUM_10NS,23,23,0,3
3,H300,4,TW,22,WIDTH_STRATUM_GE20NS,163,163,0,5
3,H300,4,TW,23,WIDTH_STRATUM_0NS,11,4,7,0
3,H300,4,TW,23,WIDTH_STRATUM_10NS,28,28,0,2
3,H300,4,TW,23,WIDTH_STRATUM_GE20NS,161,161,0,4
3,H300,4,TW,24,WIDTH_STRATUM_0NS,11,3,8,1
3,H300,4,TW,24,WIDTH_STRATUM_10NS,28,28,0,2
3,H300,4,TW,24,WIDTH_STRATUM_GE20NS,161,161,0,5
3,H300,4,TW,25,WIDTH_STRATUM_0NS,18,7,11,0
3,H300,4,TW,25,WIDTH_STRATUM_10NS,32,32,0,1
3,H300,4,TW,25,WIDTH_STRATUM_GE20NS,150,150,0,10
3,H300,4,TW,26,WIDTH_STRATUM_0NS,9,4,5,0
3,H300,4,TW,26,WIDTH_STRATUM_10NS,22,22,0,1
3,H300,4,TW,26,WIDTH_STRATUM_GE20NS,169,169,0,4
3,H300,4,TW,27,WIDTH_STRATUM_0NS,11,5,6,0
3,H300,4,TW,27,WIDTH_STRATUM_10NS,23,23,0,0
3,H300,4,TW,27,WIDTH_STRATUM_GE20NS,166,166,0,6
3,H300,4,TW,28,WIDTH_STRATUM_0NS,17,8,9,0
3,H300,4,TW,28,WIDTH_STRATUM_10NS,18,18,0,0
3,H300,4,TW,28,WIDTH_STRATUM_GE20NS,165,165,0,9
3,H300,4,TW,29,WIDTH_STRATUM_0NS,12,9,3,0
3,H300,4,TW,29,WIDTH_STRATUM_10NS,11,11,0,0
3,H300,4,TW,29,WIDTH_STRATUM_GE20NS,177,177,0,3
3,H300,4,TW,30,WIDTH_STRATUM_0NS,12,8,4,0
3,H300,4,TW,30,WIDTH_STRATUM_10NS,11,11,0,0
3,H300,4,TW,30,WIDTH_STRATUM_GE20NS,177,177,0,4
3,H300,4,TW,31,WIDTH_STRATUM_0NS,12,5,7,0
3,H300,4,TW,31,WIDTH_STRATUM_10NS,11,11,0,0
3,H300,4,TW,31,WIDTH_STRATUM_GE20NS,177,177,0,6
3,H300,4,TW,32,WIDTH_STRATUM_0NS,18,7,11,0
3,H300,4,TW,32,WIDTH_STRATUM_10NS,32,32,0,1
3,H300,4,TW,32,WIDTH_STRATUM_GE20NS,150,150,0,10
3,H300,4,TW,33,WIDTH_STRATUM_0NS,11,5,6,0
3,H300,4,TW,33,WIDTH_STRATUM_10NS,25,25,0,0
3,H300,4,TW,33,WIDTH_STRATUM_GE20NS,164,164,0,6
3,H300,4,TW,34,WIDTH_STRATUM_0NS,11,3,8,0
3,H300,4,TW,34,WIDTH_STRATUM_10NS,25,25,0,2
3,H300,4,TW,34,WIDTH_STRATUM_GE20NS,164,164,0,6
3,H300,4,TW,35,WIDTH_STRATUM_0NS,11,3,8,0
3,H300,4,TW,35,WIDTH_STRATUM_10NS,25,25,0,3
3,H300,4,TW,35,WIDTH_STRATUM_GE20NS,164,164,0,5
3,H300,4,TW,36,WIDTH_STRATUM_0NS,15,7,8,0
3,H300,4,TW,36,WIDTH_STRATUM_10NS,21,21,0,0
3,H300,4,TW,36,WIDTH_STRATUM_GE20NS,164,164,0,8
3,H300,4,TW,37,WIDTH_STRATUM_0NS,11,6,5,0
3,H300,4,TW,37,WIDTH_STRATUM_10NS,23,23,0,0
3,H300,4,TW,37,WIDTH_STRATUM_GE20NS,166,166,0,5
3,H300,4,TW,38,WIDTH_STRATUM_0NS,11,3,8,0
3,H300,4,TW,38,WIDTH_STRATUM_10NS,23,23,0,0
3,H300,4,TW,38,WIDTH_STRATUM_GE20NS,166,166,0,8
3,H300,4,TW,39,WIDTH_STRATUM_0NS,17,6,11,0
3,H300,4,TW,39,WIDTH_STRATUM_10NS,18,18,0,0
3,H300,4,TW,39,WIDTH_STRATUM_GE20NS,165,165,0,11
3,H300,4,TW,40,WIDTH_STRATUM_0NS,10,6,4,0
3,H300,4,TW,40,WIDTH_STRATUM_10NS,26,26,0,0
3,H300,4,TW,40,WIDTH_STRATUM_GE20NS,164,164,0,4
3,H300,4,TW,41,WIDTH_STRATUM_0NS,7,5,2,0
3,H300,4,TW,41,WIDTH_STRATUM_10NS,25,25,0,0
3,H300,4,TW,41,WIDTH_STRATUM_GE20NS,168,168,0,2
3,H300,4,TW,42,WIDTH_STRATUM_0NS,14,4,10,0
3,H300,4,TW,42,WIDTH_STRATUM_10NS,18,18,0,3
3,H300,4,TW,42,WIDTH_STRATUM_GE20NS,168,168,0,7
3,H300,4,TW,43,WIDTH_STRATUM_0NS,10,2,8,0
3,H300,4,TW,43,WIDTH_STRATUM_10NS,26,26,0,0
3,H300,4,TW,43,WIDTH_STRATUM_GE20NS,164,164,0,7
3,H300,4,TW,44,WIDTH_STRATUM_0NS,18,8,10,0
3,H300,4,TW,44,WIDTH_STRATUM_10NS,32,32,0,1
3,H300,4,TW,44,WIDTH_STRATUM_GE20NS,150,150,0,8
3,H300,4,TW,45,WIDTH_STRATUM_0NS,12,7,5,0
3,H300,4,TW,45,WIDTH_STRATUM_10NS,11,11,0,0
3,H300,4,TW,45,WIDTH_STRATUM_GE20NS,177,177,0,5
3,H300,4,TW,46,WIDTH_STRATUM_0NS,18,5,13,0
3,H300,4,TW,46,WIDTH_STRATUM_10NS,29,29,0,6
3,H300,4,TW,46,WIDTH_STRATUM_GE20NS,153,153,0,6
3,H300,4,TW,47,WIDTH_STRATUM_0NS,10,4,6,1
3,H300,4,TW,47,WIDTH_STRATUM_10NS,26,26,0,1
3,H300,4,TW,47,WIDTH_STRATUM_GE20NS,164,164,0,4
3,H300,4,TW,48,WIDTH_STRATUM_0NS,11,3,8,0
3,H300,4,TW,48,WIDTH_STRATUM_10NS,23,23,0,0
3,H300,4,TW,48,WIDTH_STRATUM_GE20NS,166,166,0,8
3,H300,4,TW,49,WIDTH_STRATUM_0NS,18,7,11,0
3,H300,4,TW,49,WIDTH_STRATUM_10NS,32,32,0,0
3,H300,4,TW,49,WIDTH_STRATUM_GE20NS,150,150,0,10
3,H300,4,TW,50,WIDTH_STRATUM_0NS,18,7,11,0
3,H300,4,TW,50,WIDTH_STRATUM_10NS,29,29,0,5
3,H300,4,TW,50,WIDTH_STRATUM_GE20NS,153,153,0,6
3,H300,4,TW,51,WIDTH_STRATUM_0NS,11,4,7,1
3,H300,4,TW,51,WIDTH_STRATUM_10NS,28,28,0,2
3,H300,4,TW,51,WIDTH_STRATUM_GE20NS,161,161,0,4
3,H300,4,TW,52,WIDTH_STRATUM_0NS,14,8,6,0
3,H300,4,TW,52,WIDTH_STRATUM_10NS,25,25,0,1
3,H300,4,TW,52,WIDTH_STRATUM_GE20NS,161,161,0,4
3,H300,4,TW,53,WIDTH_STRATUM_0NS,11,5,6,0
3,H300,4,TW,53,WIDTH_STRATUM_10NS,32,32,0,2
3,H300,4,TW,53,WIDTH_STRATUM_GE20NS,157,157,0,3
3,H300,4,TW,54,WIDTH_STRATUM_0NS,14,8,6,1
3,H300,4,TW,54,WIDTH_STRATUM_10NS,25,25,0,1
3,H300,4,TW,54,WIDTH_STRATUM_GE20NS,161,161,0,4
3,H300,4,TW,55,WIDTH_STRATUM_0NS,12,7,5,0
3,H300,4,TW,55,WIDTH_STRATUM_10NS,11,11,0,0
3,H300,4,TW,55,WIDTH_STRATUM_GE20NS,177,177,0,4
3,H300,4,TW,56,WIDTH_STRATUM_0NS,11,7,4,0
3,H300,4,TW,56,WIDTH_STRATUM_10NS,28,28,0,1
3,H300,4,TW,56,WIDTH_STRATUM_GE20NS,161,161,0,3
3,H300,4,TW,57,WIDTH_STRATUM_0NS,15,7,8,0
3,H300,4,TW,57,WIDTH_STRATUM_10NS,21,21,0,0
3,H300,4,TW,57,WIDTH_STRATUM_GE20NS,164,164,0,8
3,H300,4,TW,58,WIDTH_STRATUM_0NS,12,4,8,0
3,H300,4,TW,58,WIDTH_STRATUM_10NS,11,11,0,0
3,H300,4,TW,58,WIDTH_STRATUM_GE20NS,177,177,0,8
3,H300,4,TW,59,WIDTH_STRATUM_0NS,18,7,11,0
3,H300,4,TW,59,WIDTH_STRATUM_10NS,32,32,0,0
3,H300,4,TW,59,WIDTH_STRATUM_GE20NS,150,150,0,10
3,H300,4,TW,60,WIDTH_STRATUM_0NS,8,4,4,0
3,H300,4,TW,60,WIDTH_STRATUM_10NS,16,16,0,0
3,H300,4,TW,60,WIDTH_STRATUM_GE20NS,176,176,0,3
3,H300,4,TW,61,WIDTH_STRATUM_0NS,11,3,8,0
3,H300,4,TW,61,WIDTH_STRATUM_10NS,28,28,0,3
3,H300,4,TW,61,WIDTH_STRATUM_GE20NS,161,161,0,4
3,H300,4,TW,62,WIDTH_STRATUM_0NS,14,6,8,1
3,H300,4,TW,62,WIDTH_STRATUM_10NS,25,25,0,1
3,H300,4,TW,62,WIDTH_STRATUM_GE20NS,161,161,0,5
3,H300,4,TW,63,WIDTH_STRATUM_0NS,11,2,9,0
3,H300,4,TW,63,WIDTH_STRATUM_10NS,23,23,0,0
3,H300,4,TW,63,WIDTH_STRATUM_GE20NS,166,166,0,9
3,H300,4,TW,64,WIDTH_STRATUM_0NS,14,8,6,0
3,H300,4,TW,64,WIDTH_STRATUM_10NS,23,23,0,0
3,H300,4,TW,64,WIDTH_STRATUM_GE20NS,163,163,0,6
3,H300,4,TW,65,WIDTH_STRATUM_0NS,14,6,8,0
3,H300,4,TW,65,WIDTH_STRATUM_10NS,25,25,0,0
3,H300,4,TW,65,WIDTH_STRATUM_GE20NS,161,161,0,6
3,H300,4,TW,66,WIDTH_STRATUM_0NS,18,9,9,0
3,H300,4,TW,66,WIDTH_STRATUM_10NS,32,32,0,1
3,H300,4,TW,66,WIDTH_STRATUM_GE20NS,150,150,0,8
3,H300,4,TW,67,WIDTH_STRATUM_0NS,12,2,10,0
3,H300,4,TW,67,WIDTH_STRATUM_10NS,11,11,0,0
3,H300,4,TW,67,WIDTH_STRATUM_GE20NS,177,177,0,9
3,H300,4,TW,68,WIDTH_STRATUM_0NS,11,5,6,0
3,H300,4,TW,68,WIDTH_STRATUM_10NS,25,25,0,0
3,H300,4,TW,68,WIDTH_STRATUM_GE20NS,164,164,0,6
3,H300,4,TW,69,WIDTH_STRATUM_0NS,18,9,9,1
3,H300,4,TW,69,WIDTH_STRATUM_10NS,29,29,0,4
3,H300,4,TW,69,WIDTH_STRATUM_GE20NS,153,153,0,4
3,H300,4,TW,70,WIDTH_STRATUM_0NS,17,6,11,0
3,H300,4,TW,70,WIDTH_STRATUM_10NS,18,18,0,0
3,H300,4,TW,70,WIDTH_STRATUM_GE20NS,165,165,0,11
3,H300,4,TW,71,WIDTH_STRATUM_0NS,15,6,9,0
3,H300,4,TW,71,WIDTH_STRATUM_10NS,21,21,0,0
3,H300,4,TW,71,WIDTH_STRATUM_GE20NS,164,164,0,9
3,H300,4,TW,72,WIDTH_STRATUM_0NS,18,8,10,0
3,H300,4,TW,72,WIDTH_STRATUM_10NS,32,32,0,0
3,H300,4,TW,72,WIDTH_STRATUM_GE20NS,150,150,0,10
3,H300,4,TW,73,WIDTH_STRATUM_0NS,18,7,11,0
3,H300,4,TW,73,WIDTH_STRATUM_10NS,32,32,0,1
3,H300,4,TW,73,WIDTH_STRATUM_GE20NS,150,150,0,10
3,H300,4,TW,74,WIDTH_STRATUM_0NS,11,4,7,0
3,H300,4,TW,74,WIDTH_STRATUM_10NS,32,32,0,2
3,H300,4,TW,74,WIDTH_STRATUM_GE20NS,157,157,0,4
3,H300,4,TW,75,WIDTH_STRATUM_0NS,14,4,10,0
3,H300,4,TW,75,WIDTH_STRATUM_10NS,18,18,0,2
3,H300,4,TW,75,WIDTH_STRATUM_GE20NS,168,168,0,8
3,H300,4,TW,76,WIDTH_STRATUM_0NS,8,4,4,1
3,H300,4,TW,76,WIDTH_STRATUM_10NS,16,16,0,0
3,H300,4,TW,76,WIDTH_STRATUM_GE20NS,176,176,0,3
3,H300,4,TW,77,WIDTH_STRATUM_0NS,11,5,6,0
3,H300,4,TW,77,WIDTH_STRATUM_10NS,25,25,0,2
3,H300,4,TW,77,WIDTH_STRATUM_GE20NS,164,164,0,4
3,H300,4,TW,78,WIDTH_STRATUM_0NS,7,4,3,0
3,H300,4,TW,78,WIDTH_STRATUM_10NS,25,25,0,1
3,H300,4,TW,78,WIDTH_STRATUM_GE20NS,168,168,0,2
3,H300,4,TW,79,WIDTH_STRATUM_0NS,18,4,14,0
3,H300,4,TW,79,WIDTH_STRATUM_10NS,29,29,0,3
3,H300,4,TW,79,WIDTH_STRATUM_GE20NS,153,153,0,10
3,H300,4,TW,80,WIDTH_STRATUM_0NS,10,4,6,0
3,H300,4,TW,80,WIDTH_STRATUM_10NS,26,26,0,1
3,H300,4,TW,80,WIDTH_STRATUM_GE20NS,164,164,0,4
3,H300,4,TW,81,WIDTH_STRATUM_0NS,12,5,7,0
3,H300,4,TW,81,WIDTH_STRATUM_10NS,11,11,0,0
3,H300,4,TW,81,WIDTH_STRATUM_GE20NS,177,177,0,7
3,H300,4,TW,82,WIDTH_STRATUM_0NS,12,5,7,0
3,H300,4,TW,82,WIDTH_STRATUM_10NS,11,11,0,0
3,H300,4,TW,82,WIDTH_STRATUM_GE20NS,177,177,0,7
3,H300,4,TW,83,WIDTH_STRATUM_0NS,10,5,5,0
3,H300,4,TW,83,WIDTH_STRATUM_10NS,26,26,0,0
3,H300,4,TW,83,WIDTH_STRATUM_GE20NS,164,164,0,4
3,H300,4,TW,84,WIDTH_STRATUM_0NS,11,4,7,0
3,H300,4,TW,84,WIDTH_STRATUM_10NS,28,28,0,2
3,H300,4,TW,84,WIDTH_STRATUM_GE20NS,161,161,0,5
3,H300,4,TW,85,WIDTH_STRATUM_0NS,15,7,8,0
3,H300,4,TW,85,WIDTH_STRATUM_10NS,21,21,0,0
3,H300,4,TW,85,WIDTH_STRATUM_GE20NS,164,164,0,8
3,H300,4,TW,86,WIDTH_STRATUM_0NS,11,6,5,0
3,H300,4,TW,86,WIDTH_STRATUM_10NS,23,23,0,0
3,H300,4,TW,86,WIDTH_STRATUM_GE20NS,166,166,0,5
3,H300,4,TW,87,WIDTH_STRATUM_0NS,10,5,5,0
3,H300,4,TW,87,WIDTH_STRATUM_10NS,26,26,0,0
3,H300,4,TW,87,WIDTH_STRATUM_GE20NS,164,164,0,5
3,H300,4,TW,88,WIDTH_STRATUM_0NS,14,6,8,0
3,H300,4,TW,88,WIDTH_STRATUM_10NS,25,25,0,0
3,H300,4,TW,88,WIDTH_STRATUM_GE20NS,161,161,0,7
3,H300,4,TW,89,WIDTH_STRATUM_0NS,14,8,6,0
3,H300,4,TW,89,WIDTH_STRATUM_10NS,18,18,0,1
3,H300,4,TW,89,WIDTH_STRATUM_GE20NS,168,168,0,5
3,H300,4,TW,90,WIDTH_STRATUM_0NS,7,3,4,0
3,H300,4,TW,90,WIDTH_STRATUM_10NS,25,25,0,1
3,H300,4,TW,90,WIDTH_STRATUM_GE20NS,168,168,0,3
3,H300,4,TW,91,WIDTH_STRATUM_0NS,18,7,11,1
3,H300,4,TW,91,WIDTH_STRATUM_10NS,32,32,0,0
3,H300,4,TW,91,WIDTH_STRATUM_GE20NS,150,150,0,10
3,H300,4,TW,92,WIDTH_STRATUM_0NS,11,6,5,0
3,H300,4,TW,92,WIDTH_STRATUM_10NS,23,23,0,0
3,H300,4,TW,92,WIDTH_STRATUM_GE20NS,166,166,0,5
3,H300,4,TW,93,WIDTH_STRATUM_0NS,18,6,12,1
3,H300,4,TW,93,WIDTH_STRATUM_10NS,32,32,0,1
3,H300,4,TW,93,WIDTH_STRATUM_GE20NS,150,150,0,10
3,H300,4,TW,94,WIDTH_STRATUM_0NS,11,6,5,1
3,H300,4,TW,94,WIDTH_STRATUM_10NS,32,32,0,3
3,H300,4,TW,94,WIDTH_STRATUM_GE20NS,157,157,0,1
3,H300,4,TW,95,WIDTH_STRATUM_0NS,14,8,6,1
3,H300,4,TW,95,WIDTH_STRATUM_10NS,25,25,0,2
3,H300,4,TW,95,WIDTH_STRATUM_GE20NS,161,161,0,3
3,H300,4,TW,96,WIDTH_STRATUM_0NS,15,7,8,0
3,H300,4,TW,96,WIDTH_STRATUM_10NS,21,21,0,0
3,H300,4,TW,96,WIDTH_STRATUM_GE20NS,164,164,0,8
3,H300,4,TW,97,WIDTH_STRATUM_0NS,11,5,6,1
3,H300,4,TW,97,WIDTH_STRATUM_10NS,28,28,0,0
3,H300,4,TW,97,WIDTH_STRATUM_GE20NS,161,161,0,5
3,H300,4,TW,98,WIDTH_STRATUM_0NS,10,8,2,0
3,H300,4,TW,98,WIDTH_STRATUM_10NS,26,26,0,0
3,H300,4,TW,98,WIDTH_STRATUM_GE20NS,164,164,0,2
3,H300,4,TW,99,WIDTH_STRATUM_0NS,18,7,11,0
3,H300,4,TW,99,WIDTH_STRATUM_10NS,32,32,0,1
3,H300,4,TW,99,WIDTH_STRATUM_GE20NS,150,150,0,10
3,H300,4,TW,100,WIDTH_STRATUM_0NS,18,6,12,0
3,H300,4,TW,100,WIDTH_STRATUM_10NS,29,29,0,1
3,H300,4,TW,100,WIDTH_STRATUM_GE20NS,153,153,0,10
3,H300,4,TW,101,WIDTH_STRATUM_0NS,11,5,6,0
3,H300,4,TW,101,WIDTH_STRATUM_10NS,28,28,0,3
3,H300,4,TW,101,WIDTH_STRATUM_GE20NS,161,161,0,2
3,H300,4,TW,102,WIDTH_STRATUM_0NS,10,5,5,0
3,H300,4,TW,102,WIDTH_STRATUM_10NS,26,26,0,1
3,H300,4,TW,102,WIDTH_STRATUM_GE20NS,164,164,0,4
3,H300,4,TW,103,WIDTH_STRATUM_0NS,18,6,12,0
3,H300,4,TW,103,WIDTH_STRATUM_10NS,32,32,0,0
3,H300,4,TW,103,WIDTH_STRATUM_GE20NS,150,150,0,11
3,H300,4,TW,104,WIDTH_STRATUM_0NS,10,1,9,0
3,H300,4,TW,104,WIDTH_STRATUM_10NS,26,26,0,1
3,H300,4,TW,104,WIDTH_STRATUM_GE20NS,164,164,0,7
3,H300,4,TW,105,WIDTH_STRATUM_0NS,15,7,8,0
3,H300,4,TW,105,WIDTH_STRATUM_10NS,21,21,0,0
3,H300,4,TW,105,WIDTH_STRATUM_GE20NS,164,164,0,8
3,H300,4,TW,106,WIDTH_STRATUM_0NS,14,3,11,0
3,H300,4,TW,106,WIDTH_STRATUM_10NS,23,23,0,2
3,H300,4,TW,106,WIDTH_STRATUM_GE20NS,163,163,0,9
3,H300,4,TW,107,WIDTH_STRATUM_0NS,17,8,9,0
3,H300,4,TW,107,WIDTH_STRATUM_10NS,18,18,0,0
3,H300,4,TW,107,WIDTH_STRATUM_GE20NS,165,165,0,9
3,H300,4,TW,108,WIDTH_STRATUM_0NS,7,5,2,0
3,H300,4,TW,108,WIDTH_STRATUM_10NS,25,25,0,1
3,H300,4,TW,108,WIDTH_STRATUM_GE20NS,168,168,0,1
3,H300,4,TW,109,WIDTH_STRATUM_0NS,18,8,10,0
3,H300,4,TW,109,WIDTH_STRATUM_10NS,29,29,0,4
3,H300,4,TW,109,WIDTH_STRATUM_GE20NS,153,153,0,6
3,H300,4,TW,110,WIDTH_STRATUM_0NS,14,5,9,1
3,H300,4,TW,110,WIDTH_STRATUM_10NS,25,25,0,2
3,H300,4,TW,110,WIDTH_STRATUM_GE20NS,161,161,0,6
3,H300,4,TW,111,WIDTH_STRATUM_0NS,15,6,9,0
3,H300,4,TW,111,WIDTH_STRATUM_10NS,21,21,0,0
3,H300,4,TW,111,WIDTH_STRATUM_GE20NS,164,164,0,9
3,H300,4,TW,112,WIDTH_STRATUM_0NS,9,7,2,0
3,H300,4,TW,112,WIDTH_STRATUM_10NS,22,22,0,0
3,H300,4,TW,112,WIDTH_STRATUM_GE20NS,169,169,0,2
3,H300,4,TW,113,WIDTH_STRATUM_0NS,14,6,8,0
3,H300,4,TW,113,WIDTH_STRATUM_10NS,25,25,0,1
3,H300,4,TW,113,WIDTH_STRATUM_GE20NS,161,161,0,5
3,H300,4,TW,114,WIDTH_STRATUM_0NS,18,6,12,1
3,H300,4,TW,114,WIDTH_STRATUM_10NS,29,29,0,3
3,H300,4,TW,114,WIDTH_STRATUM_GE20NS,153,153,0,8
3,H300,4,TW,115,WIDTH_STRATUM_0NS,11,7,4,1
3,H300,4,TW,115,WIDTH_STRATUM_10NS,28,28,0,1
3,H300,4,TW,115,WIDTH_STRATUM_GE20NS,161,161,0,2
3,H300,4,TW,116,WIDTH_STRATUM_0NS,11,3,8,0
3,H300,4,TW,116,WIDTH_STRATUM_10NS,23,23,0,0
3,H300,4,TW,116,WIDTH_STRATUM_GE20NS,166,166,0,8
3,H300,4,TW,117,WIDTH_STRATUM_0NS,11,6,5,0
3,H300,4,TW,117,WIDTH_STRATUM_10NS,32,32,0,3
3,H300,4,TW,117,WIDTH_STRATUM_GE20NS,157,157,0,2
3,H300,4,TW,118,WIDTH_STRATUM_0NS,14,7,7,0
3,H300,4,TW,118,WIDTH_STRATUM_10NS,23,23,0,2
3,H300,4,TW,118,WIDTH_STRATUM_GE20NS,163,163,0,5
3,H300,4,TW,119,WIDTH_STRATUM_0NS,17,9,8,0
3,H300,4,TW,119,WIDTH_STRATUM_10NS,18,18,0,0
3,H300,4,TW,119,WIDTH_STRATUM_GE20NS,165,165,0,8
3,H300,4,TW,120,WIDTH_STRATUM_0NS,14,4,10,0
3,H300,4,TW,120,WIDTH_STRATUM_10NS,18,18,0,2
3,H300,4,TW,120,WIDTH_STRATUM_GE20NS,168,168,0,8
3,H300,4,TW,121,WIDTH_STRATUM_0NS,9,4,5,0
3,H300,4,TW,121,WIDTH_STRATUM_10NS,22,22,0,1
3,H300,4,TW,121,WIDTH_STRATUM_GE20NS,169,169,0,4
3,H300,4,TW,122,WIDTH_STRATUM_0NS,9,4,5,0
3,H300,4,TW,122,WIDTH_STRATUM_10NS,22,22,0,1
3,H300,4,TW,122,WIDTH_STRATUM_GE20NS,169,169,0,4
3,H300,4,TW,123,WIDTH_STRATUM_0NS,7,1,6,0
3,H300,4,TW,123,WIDTH_STRATUM_10NS,25,25,0,1
3,H300,4,TW,123,WIDTH_STRATUM_GE20NS,168,168,0,5
3,H300,4,TW,124,WIDTH_STRATUM_0NS,11,4,7,0
3,H300,4,TW,124,WIDTH_STRATUM_10NS,25,25,0,2
3,H300,4,TW,124,WIDTH_STRATUM_GE20NS,164,164,0,5
3,H300,4,TW,125,WIDTH_STRATUM_0NS,14,3,11,0
3,H300,4,TW,125,WIDTH_STRATUM_10NS,18,18,0,2
3,H300,4,TW,125,WIDTH_STRATUM_GE20NS,168,168,0,9
3,H300,4,TW,126,WIDTH_STRATUM_0NS,11,6,5,0
3,H300,4,TW,126,WIDTH_STRATUM_10NS,25,25,0,1
3,H300,4,TW,126,WIDTH_STRATUM_GE20NS,164,164,0,4
3,H300,4,TW,127,WIDTH_STRATUM_0NS,15,8,7,0
3,H300,4,TW,127,WIDTH_STRATUM_10NS,21,21,0,0
3,H300,4,TW,127,WIDTH_STRATUM_GE20NS,164,164,0,7
3,H300,4,TW,128,WIDTH_STRATUM_0NS,17,8,9,0
3,H300,4,TW,128,WIDTH_STRATUM_10NS,18,18,0,0
3,H300,4,TW,128,WIDTH_STRATUM_GE20NS,165,165,0,9
3,H300,4,TW,129,WIDTH_STRATUM_0NS,14,4,10,0
3,H300,4,TW,129,WIDTH_STRATUM_10NS,23,23,0,3
3,H300,4,TW,129,WIDTH_STRATUM_GE20NS,163,163,0,7
3,H300,4,TW,130,WIDTH_STRATUM_0NS,11,5,6,0
3,H300,4,TW,130,WIDTH_STRATUM_10NS,32,32,0,1
3,H300,4,TW,130,WIDTH_STRATUM_GE20NS,157,157,0,4
3,H300,4,TW,131,WIDTH_STRATUM_0NS,14,5,9,0
3,H300,4,TW,131,WIDTH_STRATUM_10NS,25,25,0,1
3,H300,4,TW,131,WIDTH_STRATUM_GE20NS,161,161,0,7
3,H300,4,TW,132,WIDTH_STRATUM_0NS,11,7,4,0
3,H300,4,TW,132,WIDTH_STRATUM_10NS,25,25,0,1
3,H300,4,TW,132,WIDTH_STRATUM_GE20NS,164,164,0,3
3,H300,4,TW,133,WIDTH_STRATUM_0NS,11,4,7,0
3,H300,4,TW,133,WIDTH_STRATUM_10NS,25,25,0,2
3,H300,4,TW,133,WIDTH_STRATUM_GE20NS,164,164,0,5
3,H300,4,TW,134,WIDTH_STRATUM_0NS,11,4,7,0
3,H300,4,TW,134,WIDTH_STRATUM_10NS,32,32,0,2
3,H300,4,TW,134,WIDTH_STRATUM_GE20NS,157,157,0,4
3,H300,4,TW,135,WIDTH_STRATUM_0NS,14,9,5,1
3,H300,4,TW,135,WIDTH_STRATUM_10NS,25,25,0,1
3,H300,4,TW,135,WIDTH_STRATUM_GE20NS,161,161,0,3
3,H300,4,TW,136,WIDTH_STRATUM_0NS,11,6,5,0
3,H300,4,TW,136,WIDTH_STRATUM_10NS,28,28,0,2
3,H300,4,TW,136,WIDTH_STRATUM_GE20NS,161,161,0,3
3,H300,4,TW,137,WIDTH_STRATUM_0NS,8,2,6,1
3,H300,4,TW,137,WIDTH_STRATUM_10NS,16,16,0,0
3,H300,4,TW,137,WIDTH_STRATUM_GE20NS,176,176,0,5
3,H300,4,TW,138,WIDTH_STRATUM_0NS,12,7,5,0
3,H300,4,TW,138,WIDTH_STRATUM_10NS,11,11,0,0
3,H300,4,TW,138,WIDTH_STRATUM_GE20NS,177,177,0,5
3,H300,4,TW,139,WIDTH_STRATUM_0NS,12,6,6,0
3,H300,4,TW,139,WIDTH_STRATUM_10NS,11,11,0,0
3,H300,4,TW,139,WIDTH_STRATUM_GE20NS,177,177,0,5
3,H300,4,TW,140,WIDTH_STRATUM_0NS,18,13,5,0
3,H300,4,TW,140,WIDTH_STRATUM_10NS,29,29,0,3
3,H300,4,TW,140,WIDTH_STRATUM_GE20NS,153,153,0,2
3,H300,4,TW,141,WIDTH_STRATUM_0NS,18,9,9,0
3,H300,4,TW,141,WIDTH_STRATUM_10NS,29,29,0,3
3,H300,4,TW,141,WIDTH_STRATUM_GE20NS,153,153,0,6
3,H300,4,TW,142,WIDTH_STRATUM_0NS,14,6,8,0
3,H300,4,TW,142,WIDTH_STRATUM_10NS,18,18,0,1
3,H300,4,TW,142,WIDTH_STRATUM_GE20NS,168,168,0,7
3,H300,4,TW,143,WIDTH_STRATUM_0NS,18,8,10,0
3,H300,4,TW,143,WIDTH_STRATUM_10NS,32,32,0,0
3,H300,4,TW,143,WIDTH_STRATUM_GE20NS,150,150,0,10
3,H300,4,TW,144,WIDTH_STRATUM_0NS,11,8,3,0
3,H300,4,TW,144,WIDTH_STRATUM_10NS,28,28,0,1
3,H300,4,TW,144,WIDTH_STRATUM_GE20NS,161,161,0,2
3,H300,4,TW,145,WIDTH_STRATUM_0NS,12,4,8,1
3,H300,4,TW,145,WIDTH_STRATUM_10NS,11,11,0,0
3,H300,4,TW,145,WIDTH_STRATUM_GE20NS,177,177,0,7
3,H300,4,TW,146,WIDTH_STRATUM_0NS,11,3,8,0
3,H300,4,TW,146,WIDTH_STRATUM_10NS,28,28,0,2
3,H300,4,TW,146,WIDTH_STRATUM_GE20NS,161,161,0,5
3,H300,4,TW,147,WIDTH_STRATUM_0NS,15,9,6,0
3,H300,4,TW,147,WIDTH_STRATUM_10NS,21,21,0,0
3,H300,4,TW,147,WIDTH_STRATUM_GE20NS,164,164,0,6
3,H300,4,TW,148,WIDTH_STRATUM_0NS,14,6,8,0
3,H300,4,TW,148,WIDTH_STRATUM_10NS,23,23,0,1
3,H300,4,TW,148,WIDTH_STRATUM_GE20NS,163,163,0,7
3,H300,4,TW,149,WIDTH_STRATUM_0NS,11,6,5,0
3,H300,4,TW,149,WIDTH_STRATUM_10NS,28,28,0,2
3,H300,4,TW,149,WIDTH_STRATUM_GE20NS,161,161,0,3
3,H300,4,TW,150,WIDTH_STRATUM_0NS,14,9,5,1
3,H300,4,TW,150,WIDTH_STRATUM_10NS,25,25,0,0
3,H300,4,TW,150,WIDTH_STRATUM_GE20NS,161,161,0,3
3,H300,4,TW,151,WIDTH_STRATUM_0NS,10,3,7,0
3,H300,4,TW,151,WIDTH_STRATUM_10NS,26,26,0,0
3,H300,4,TW,151,WIDTH_STRATUM_GE20NS,164,164,0,6
3,H300,4,TW,152,WIDTH_STRATUM_0NS,18,9,9,0
3,H300,4,TW,152,WIDTH_STRATUM_10NS,32,32,0,0
3,H300,4,TW,152,WIDTH_STRATUM_GE20NS,150,150,0,8
3,H300,4,TW,153,WIDTH_STRATUM_0NS,9,4,5,0
3,H300,4,TW,153,WIDTH_STRATUM_10NS,22,22,0,1
3,H300,4,TW,153,WIDTH_STRATUM_GE20NS,169,169,0,4
3,H300,4,TW,154,WIDTH_STRATUM_0NS,14,8,6,0
3,H300,4,TW,154,WIDTH_STRATUM_10NS,25,25,0,1
3,H300,4,TW,154,WIDTH_STRATUM_GE20NS,161,161,0,5
3,H300,4,TW,155,WIDTH_STRATUM_0NS,7,1,6,0
3,H300,4,TW,155,WIDTH_STRATUM_10NS,25,25,0,0
3,H300,4,TW,155,WIDTH_STRATUM_GE20NS,168,168,0,6
3,H300,4,TW,156,WIDTH_STRATUM_0NS,14,5,9,0
3,H300,4,TW,156,WIDTH_STRATUM_10NS,18,18,0,1
3,H300,4,TW,156,WIDTH_STRATUM_GE20NS,168,168,0,8
3,H300,4,TW,157,WIDTH_STRATUM_0NS,8,4,4,0
3,H300,4,TW,157,WIDTH_STRATUM_10NS,16,16,0,0
3,H300,4,TW,157,WIDTH_STRATUM_GE20NS,176,176,0,3
3,H300,4,TW,158,WIDTH_STRATUM_0NS,14,7,7,0
3,H300,4,TW,158,WIDTH_STRATUM_10NS,18,18,0,3
3,H300,4,TW,158,WIDTH_STRATUM_GE20NS,168,168,0,4
3,H300,4,TW,159,WIDTH_STRATUM_0NS,18,6,12,0
3,H300,4,TW,159,WIDTH_STRATUM_10NS,32,32,0,1
3,H300,4,TW,159,WIDTH_STRATUM_GE20NS,150,150,0,10
3,H300,4,TW,160,WIDTH_STRATUM_0NS,11,2,9,0
3,H300,4,TW,160,WIDTH_STRATUM_10NS,25,25,0,3
3,H300,4,TW,160,WIDTH_STRATUM_GE20NS,164,164,0,6
3,H300,4,TW,161,WIDTH_STRATUM_0NS,15,8,7,0
3,H300,4,TW,161,WIDTH_STRATUM_10NS,21,21,0,0
3,H300,4,TW,161,WIDTH_STRATUM_GE20NS,164,164,0,7
3,H300,4,TW,162,WIDTH_STRATUM_0NS,11,6,5,0
3,H300,4,TW,162,WIDTH_STRATUM_10NS,28,28,0,2
3,H300,4,TW,162,WIDTH_STRATUM_GE20NS,161,161,0,2
3,H300,4,TW,163,WIDTH_STRATUM_0NS,10,6,4,0
3,H300,4,TW,163,WIDTH_STRATUM_10NS,26,26,0,0
3,H300,4,TW,163,WIDTH_STRATUM_GE20NS,164,164,0,3
3,H300,4,TW,164,WIDTH_STRATUM_0NS,12,7,5,0
3,H300,4,TW,164,WIDTH_STRATUM_10NS,11,11,0,0
3,H300,4,TW,164,WIDTH_STRATUM_GE20NS,177,177,0,4
3,H300,4,TW,165,WIDTH_STRATUM_0NS,14,10,4,0
3,H300,4,TW,165,WIDTH_STRATUM_10NS,23,23,0,2
3,H300,4,TW,165,WIDTH_STRATUM_GE20NS,163,163,0,2
3,H300,4,TW,166,WIDTH_STRATUM_0NS,17,11,6,0
3,H300,4,TW,166,WIDTH_STRATUM_10NS,18,18,0,0
3,H300,4,TW,166,WIDTH_STRATUM_GE20NS,165,165,0,6
3,H300,4,TW,167,WIDTH_STRATUM_0NS,11,6,5,0
3,H300,4,TW,167,WIDTH_STRATUM_10NS,23,23,0,0
3,H300,4,TW,167,WIDTH_STRATUM_GE20NS,166,166,0,5
3,H300,4,TW,168,WIDTH_STRATUM_0NS,12,4,8,0
3,H300,4,TW,168,WIDTH_STRATUM_10NS,11,11,0,0
3,H300,4,TW,168,WIDTH_STRATUM_GE20NS,177,177,0,8
3,H300,4,TW,169,WIDTH_STRATUM_0NS,11,5,6,0
3,H300,4,TW,169,WIDTH_STRATUM_10NS,25,25,0,2
3,H300,4,TW,169,WIDTH_STRATUM_GE20NS,164,164,0,4
3,H300,4,TW,170,WIDTH_STRATUM_0NS,8,6,2,0
3,H300,4,TW,170,WIDTH_STRATUM_10NS,16,16,0,0
3,H300,4,TW,170,WIDTH_STRATUM_GE20NS,176,176,0,2
3,H300,4,TW,171,WIDTH_STRATUM_0NS,11,4,7,0
3,H300,4,TW,171,WIDTH_STRATUM_10NS,25,25,0,2
3,H300,4,TW,171,WIDTH_STRATUM_GE20NS,164,164,0,5
3,H300,4,TW,172,WIDTH_STRATUM_0NS,10,3,7,0
3,H300,4,TW,172,WIDTH_STRATUM_10NS,26,26,0,0
3,H300,4,TW,172,WIDTH_STRATUM_GE20NS,164,164,0,6
3,H300,4,TW,173,WIDTH_STRATUM_0NS,18,8,10,0
3,H300,4,TW,173,WIDTH_STRATUM_10NS,29,29,0,3
3,H300,4,TW,173,WIDTH_STRATUM_GE20NS,153,153,0,7
3,H300,4,TW,174,WIDTH_STRATUM_0NS,18,5,13,0
3,H300,4,TW,174,WIDTH_STRATUM_10NS,29,29,0,5
3,H300,4,TW,174,WIDTH_STRATUM_GE20NS,153,153,0,8
3,H300,4,TW,175,WIDTH_STRATUM_0NS,18,10,8,1
3,H300,4,TW,175,WIDTH_STRATUM_10NS,29,29,0,2
3,H300,4,TW,175,WIDTH_STRATUM_GE20NS,153,153,0,5
3,H300,4,TW,176,WIDTH_STRATUM_0NS,10,5,5,0
3,H300,4,TW,176,WIDTH_STRATUM_10NS,26,26,0,1
3,H300,4,TW,176,WIDTH_STRATUM_GE20NS,164,164,0,4
3,H300,4,TW,177,WIDTH_STRATUM_0NS,11,6,5,0
3,H300,4,TW,177,WIDTH_STRATUM_10NS,25,25,0,1
3,H300,4,TW,177,WIDTH_STRATUM_GE20NS,164,164,0,4
3,H300,4,TW,178,WIDTH_STRATUM_0NS,11,4,7,1
3,H300,4,TW,178,WIDTH_STRATUM_10NS,28,28,0,1
3,H300,4,TW,178,WIDTH_STRATUM_GE20NS,161,161,0,5
3,H300,4,TW,179,WIDTH_STRATUM_0NS,11,3,8,0
3,H300,4,TW,179,WIDTH_STRATUM_10NS,28,28,0,3
3,H300,4,TW,179,WIDTH_STRATUM_GE20NS,161,161,0,4
3,H300,4,TW,180,WIDTH_STRATUM_0NS,14,7,7,0
3,H300,4,TW,180,WIDTH_STRATUM_10NS,18,18,0,3
3,H300,4,TW,180,WIDTH_STRATUM_GE20NS,168,168,0,4
3,H300,4,TW,181,WIDTH_STRATUM_0NS,12,4,8,0
3,H300,4,TW,181,WIDTH_STRATUM_10NS,11,11,0,0
3,H300,4,TW,181,WIDTH_STRATUM_GE20NS,177,177,0,7
3,H300,4,TW,182,WIDTH_STRATUM_0NS,15,3,12,0
3,H300,4,TW,182,WIDTH_STRATUM_10NS,21,21,0,0
3,H300,4,TW,182,WIDTH_STRATUM_GE20NS,164,164,0,12
3,H300,4,TW,183,WIDTH_STRATUM_0NS,11,5,6,0
3,H300,4,TW,183,WIDTH_STRATUM_10NS,32,32,0,1
3,H300,4,TW,183,WIDTH_STRATUM_GE20NS,157,157,0,4
3,H300,4,TW,184,WIDTH_STRATUM_0NS,10,4,6,0
3,H300,4,TW,184,WIDTH_STRATUM_10NS,26,26,0,1
3,H300,4,TW,184,WIDTH_STRATUM_GE20NS,164,164,0,4
3,H300,4,TW,185,WIDTH_STRATUM_0NS,11,4,7,0
3,H300,4,TW,185,WIDTH_STRATUM_10NS,23,23,0,0
3,H300,4,TW,185,WIDTH_STRATUM_GE20NS,166,166,0,7
3,H300,4,TW,186,WIDTH_STRATUM_0NS,11,5,6,0
3,H300,4,TW,186,WIDTH_STRATUM_10NS,23,23,0,0
3,H300,4,TW,186,WIDTH_STRATUM_GE20NS,166,166,0,6
3,H300,4,TW,187,WIDTH_STRATUM_0NS,11,3,8,0
3,H300,4,TW,187,WIDTH_STRATUM_10NS,28,28,0,2
3,H300,4,TW,187,WIDTH_STRATUM_GE20NS,161,161,0,5
3,H300,4,TW,188,WIDTH_STRATUM_0NS,14,4,10,0
3,H300,4,TW,188,WIDTH_STRATUM_10NS,25,25,0,1
3,H300,4,TW,188,WIDTH_STRATUM_GE20NS,161,161,0,7
3,H300,4,TW,189,WIDTH_STRATUM_0NS,11,4,7,0
3,H300,4,TW,189,WIDTH_STRATUM_10NS,28,28,0,1
3,H300,4,TW,189,WIDTH_STRATUM_GE20NS,161,161,0,5
3,H300,4,TW,190,WIDTH_STRATUM_0NS,8,7,1,0
3,H300,4,TW,190,WIDTH_STRATUM_10NS,16,16,0,0
3,H300,4,TW,190,WIDTH_STRATUM_GE20NS,176,176,0,1
3,H300,4,TW,191,WIDTH_STRATUM_0NS,17,8,9,0
3,H300,4,TW,191,WIDTH_STRATUM_10NS,18,18,0,0
3,H300,4,TW,191,WIDTH_STRATUM_GE20NS,165,165,0,9
3,H300,4,TW,192,WIDTH_STRATUM_0NS,10,4,6,1
3,H300,4,TW,192,WIDTH_STRATUM_10NS,26,26,0,0
3,H300,4,TW,192,WIDTH_STRATUM_GE20NS,164,164,0,5
3,H300,4,TW,193,WIDTH_STRATUM_0NS,11,6,5,0
3,H300,4,TW,193,WIDTH_STRATUM_10NS,23,23,0,0
3,H300,4,TW,193,WIDTH_STRATUM_GE20NS,166,166,0,5
3,H300,4,TW,194,WIDTH_STRATUM_0NS,18,7,11,0
3,H300,4,TW,194,WIDTH_STRATUM_10NS,29,29,0,6
3,H300,4,TW,194,WIDTH_STRATUM_GE20NS,153,153,0,5
3,H300,4,TW,195,WIDTH_STRATUM_0NS,18,8,10,1
3,H300,4,TW,195,WIDTH_STRATUM_10NS,32,32,0,1
3,H300,4,TW,195,WIDTH_STRATUM_GE20NS,150,150,0,8
3,H300,4,TW,196,WIDTH_STRATUM_0NS,11,4,7,0
3,H300,4,TW,196,WIDTH_STRATUM_10NS,32,32,0,3
3,H300,4,TW,196,WIDTH_STRATUM_GE20NS,157,157,0,4
3,H300,4,TW,197,WIDTH_STRATUM_0NS,18,5,13,0
3,H300,4,TW,197,WIDTH_STRATUM_10NS,32,32,0,0
3,H300,4,TW,197,WIDTH_STRATUM_GE20NS,150,150,0,12
3,H300,4,TW,198,WIDTH_STRATUM_0NS,11,7,4,0
3,H300,4,TW,198,WIDTH_STRATUM_10NS,32,32,0,1
3,H300,4,TW,198,WIDTH_STRATUM_GE20NS,157,157,0,3
3,H300,4,TW,199,WIDTH_STRATUM_0NS,12,11,1,0
3,H300,4,TW,199,WIDTH_STRATUM_10NS,11,11,0,0
3,H300,4,TW,199,WIDTH_STRATUM_GE20NS,177,177,0,1
3,H300,4,TW,200,WIDTH_STRATUM_0NS,11,6,5,0
3,H300,4,TW,200,WIDTH_STRATUM_10NS,25,25,0,1
3,H300,4,TW,200,WIDTH_STRATUM_GE20NS,164,164,0,4
