ConditionOrdinal,ConditionCode,MethodOrdinal,MethodCode,RepeatID,N_C,N_CC,N_Cdot,N_EC,N_Edot,Sum_L_NC_obs,N_run_NC
1,H100,2,T,1,146,113,145,33,54,54,33
1,H100,2,T,2,11,7,11,3,188,189,4
1,H100,2,T,3,132,105,131,26,68,68,26
1,H100,2,T,4,154,121,153,32,46,46,32
1,H100,2,T,5,18,12,18,5,181,182,6
1,H100,2,T,6,46,37,46,9,153,154,10
1,H100,2,T,7,120,96,120,23,79,80,24
1,H100,2,T,8,123,99,122,23,77,77,23
1,H100,2,T,9,131,95,130,35,69,69,35
1,H100,2,T,10,152,121,151,30,48,48,30
1,H100,2,T,11,147,115,146,31,53,53,31
1,H100,2,T,12,156,120,155,35,44,44,35
1,H100,2,T,13,83,62,82,20,117,117,20
1,H100,2,T,14,162,130,162,31,37,38,32
1,H100,2,T,15,147,118,146,29,53,53,29
1,H100,2,T,16,143,104,142,39,57,57,39
1,H100,2,T,17,158,128,157,29,42,42,29
1,H100,2,T,18,163,132,163,30,36,37,31
1,H100,2,T,19,79,62,79,16,120,121,17
1,H100,2,T,20,117,87,116,29,83,83,29
1,H100,2,T,21,126,98,126,27,73,74,28
1,H100,2,T,22,156,127,155,29,44,44,29
1,H100,2,T,23,148,113,148,34,51,52,35
1,H100,2,T,24,152,124,151,27,48,48,27
1,H100,2,T,25,139,110,138,29,61,61,29
1,H100,2,T,26,149,112,148,36,51,51,36
1,H100,2,T,27,158,133,157,25,42,42,25
1,H100,2,T,28,161,127,160,33,39,39,33
1,H100,2,T,29,139,107,138,31,61,61,31
1,H100,2,T,30,132,100,131,32,68,68,32
1,H100,2,T,31,143,104,142,38,57,57,38
1,H100,2,T,32,48,36,47,11,152,152,11
1,H100,2,T,33,158,125,157,32,42,42,32
1,H100,2,T,34,148,122,147,25,52,52,25
1,H100,2,T,35,150,118,149,31,50,50,31
1,H100,2,T,36,123,92,122,30,77,77,30
1,H100,2,T,37,115,85,114,29,85,85,29
1,H100,2,T,38,147,112,146,34,53,53,34
1,H100,2,T,39,140,120,140,19,59,60,20
1,H100,2,T,40,157,122,157,34,42,43,35
1,H100,2,T,41,134,104,133,29,66,66,29
1,H100,2,T,42,150,118,150,32,49,50,33
1,H100,2,T,43,145,117,144,27,55,55,27
1,H100,2,T,44,155,127,154,27,45,45,27
1,H100,2,T,45,152,126,151,26,48,48,26
1,H100,2,T,46,149,117,148,32,51,51,32
1,H100,2,T,47,153,118,152,34,47,47,34
1,H100,2,T,48,64,52,64,11,135,136,12
1,H100,2,T,49,18,14,18,3,181,182,4
1,H100,2,T,50,132,101,132,30,67,68,31
1,H100,2,T,51,151,119,150,31,49,49,31
1,H100,2,T,52,143,102,142,40,57,57,40
1,H100,2,T,53,123,88,122,34,77,77,34
1,H100,2,T,54,134,102,133,31,66,66,31
1,H100,2,T,55,125,98,124,26,75,75,26
1,H100,2,T,56,153,124,153,28,46,47,29
1,H100,2,T,57,155,123,154,31,45,45,31
1,H100,2,T,58,147,112,146,34,53,53,34
1,H100,2,T,59,153,119,152,33,47,47,33
1,H100,2,T,60,160,133,160,26,39,40,27
1,H100,2,T,61,138,102,137,35,62,62,35
1,H100,2,T,62,149,108,148,41,51,51,41
1,H100,2,T,63,37,28,37,9,162,163,10
1,H100,2,T,64,64,44,64,19,135,136,20
1,H100,2,T,65,132,97,131,34,68,68,34
1,H100,2,T,66,133,96,133,36,66,67,37
1,H100,2,T,67,148,113,147,34,52,52,34
1,H100,2,T,68,152,121,151,30,48,48,30
1,H100,2,T,69,144,108,144,35,55,56,36
1,H100,2,T,70,157,125,157,31,42,43,32
1,H100,2,T,71,138,98,137,39,62,62,39
1,H100,2,T,72,145,114,144,30,55,55,30
1,H100,2,T,73,147,115,147,31,52,53,32
1,H100,2,T,74,141,117,141,23,58,59,24
1,H100,2,T,75,149,123,149,26,50,51,27
1,H100,2,T,76,157,122,156,34,43,43,34
1,H100,2,T,77,89,66,88,22,111,111,22
1,H100,2,T,78,152,114,151,38,48,48,38
1,H100,2,T,79,144,102,143,41,56,56,41
1,H100,2,T,80,20,12,20,7,179,180,8
1,H100,2,T,81,110,87,110,23,89,90,24
1,H100,2,T,82,105,83,104,21,95,95,21
1,H100,2,T,83,136,100,136,35,63,64,36
1,H100,2,T,84,145,110,144,34,55,55,34
1,H100,2,T,85,151,119,151,31,48,49,32
1,H100,2,T,86,160,129,160,30,39,40,31
1,H100,2,T,87,142,110,141,31,58,58,31
1,H100,2,T,88,100,74,99,25,100,100,25
1,H100,2,T,89,154,125,153,28,46,46,28
1,H100,2,T,90,122,91,122,30,77,78,31
1,H100,2,T,91,121,92,120,29,79,79,29
1,H100,2,T,92,153,126,152,27,47,47,27
1,H100,2,T,93,155,122,154,32,45,45,32
1,H100,2,T,94,81,62,80,18,119,119,18
1,H100,2,T,95,156,128,155,27,44,44,27
1,H100,2,T,96,144,108,144,35,55,56,36
1,H100,2,T,97,132,97,131,34,68,68,34
1,H100,2,T,98,144,116,144,27,55,56,28
1,H100,2,T,99,164,134,164,29,35,36,30
1,H100,2,T,100,122,93,122,28,77,78,29
1,H100,2,T,101,40,32,40,7,159,160,8
1,H100,2,T,102,153,120,153,32,46,47,33
1,H100,2,T,103,142,109,142,32,57,58,33
1,H100,2,T,104,84,64,83,19,116,116,19
1,H100,2,T,105,156,123,156,32,43,44,33
1,H100,2,T,106,87,67,87,19,112,113,20
1,H100,2,T,107,142,101,141,40,58,58,40
1,H100,2,T,108,136,97,135,38,64,64,38
1,H100,2,T,109,135,97,134,37,65,65,37
1,H100,2,T,110,159,128,158,30,41,41,30
1,H100,2,T,111,151,117,150,34,49,49,34
1,H100,2,T,112,138,109,137,28,62,62,28
1,H100,2,T,113,128,98,128,29,71,72,30
1,H100,2,T,114,149,113,149,35,50,51,36
1,H100,2,T,115,154,124,153,29,46,46,29
1,H100,2,T,116,135,105,134,30,65,65,30
1,H100,2,T,117,120,92,119,27,80,80,27
1,H100,2,T,118,143,107,142,35,57,57,35
1,H100,2,T,119,26,17,26,9,173,174,10
1,H100,2,T,120,150,113,150,36,49,50,37
1,H100,2,T,121,64,46,64,17,135,136,18
1,H100,2,T,122,157,123,156,33,43,43,33
1,H100,2,T,123,153,129,153,24,46,47,25
1,H100,2,T,124,92,69,91,23,108,108,23
1,H100,2,T,125,144,107,143,37,56,56,37
1,H100,2,T,126,145,108,145,36,54,55,37
1,H100,2,T,127,142,119,141,23,58,58,23
1,H100,2,T,128,143,106,142,36,57,57,36
1,H100,2,T,129,17,11,17,5,182,183,6
1,H100,2,T,130,148,122,147,25,52,52,25
1,H100,2,T,131,160,131,160,28,39,40,29
1,H100,2,T,132,126,94,126,31,73,74,32
1,H100,2,T,133,128,96,127,32,72,72,32
1,H100,2,T,134,140,109,139,31,60,60,31
1,H100,2,T,135,145,108,144,36,55,55,36
1,H100,2,T,136,145,111,144,34,55,55,34
1,H100,2,T,137,132,99,131,33,68,68,33
1,H100,2,T,138,133,105,132,27,67,67,27
1,H100,2,T,139,159,130,158,29,41,41,29
1,H100,2,T,140,123,99,123,23,76,77,24
1,H100,2,T,141,140,108,140,31,59,60,32
1,H100,2,T,142,83,59,82,23,117,117,23
1,H100,2,T,143,162,131,161,30,38,38,30
1,H100,2,T,144,65,47,64,18,135,135,18
1,H100,2,T,145,160,132,159,27,40,40,27
1,H100,2,T,146,145,105,144,39,55,55,39
1,H100,2,T,147,86,68,85,17,114,114,17
1,H100,2,T,148,154,117,153,36,46,46,36
1,H100,2,T,149,154,124,153,29,46,46,29
1,H100,2,T,150,146,111,145,34,54,54,34
1,H100,2,T,151,123,92,122,31,77,77,31
1,H100,2,T,152,117,90,117,26,82,83,27
1,H100,2,T,153,148,116,147,32,52,52,32
1,H100,2,T,154,151,118,151,32,48,49,33
1,H100,2,T,155,132,100,131,32,68,68,32
1,H100,2,T,156,158,128,157,29,42,42,29
1,H100,2,T,157,154,119,153,34,46,46,34
1,H100,2,T,158,154,122,153,31,46,46,31
1,H100,2,T,159,144,109,143,34,56,56,34
1,H100,2,T,160,160,132,159,27,40,40,27
1,H100,2,T,161,153,120,152,32,47,47,32
1,H100,2,T,162,142,108,141,34,58,58,34
1,H100,2,T,163,153,119,152,33,47,47,33
1,H100,2,T,164,150,115,149,34,50,50,34
1,H100,2,T,165,156,124,155,31,44,44,31
1,H100,2,T,166,114,93,114,20,85,86,21
1,H100,2,T,167,161,130,160,30,39,39,30
1,H100,2,T,168,149,112,149,36,50,51,37
1,H100,2,T,169,149,116,148,32,51,51,32
1,H100,2,T,170,147,111,146,35,53,53,35
1,H100,2,T,171,118,86,118,31,81,82,32
1,H100,2,T,172,88,61,87,26,112,112,26
1,H100,2,T,173,142,109,141,32,58,58,32
1,H100,2,T,174,151,119,151,32,48,49,33
1,H100,2,T,175,78,61,78,16,121,122,17
1,H100,2,T,176,145,113,144,31,55,55,31
1,H100,2,T,177,70,55,70,14,129,130,15
1,H100,2,T,178,155,119,154,35,45,45,35
1,H100,2,T,179,139,111,139,27,60,61,28
1,H100,2,T,180,164,131,163,32,36,36,32
1,H100,2,T,181,136,100,135,35,64,64,35
1,H100,2,T,182,103,78,102,24,97,97,24
1,H100,2,T,183,135,98,135,36,64,65,37
1,H100,2,T,184,96,72,95,23,104,104,23
1,H100,2,T,185,149,113,148,35,51,51,35
1,H100,2,T,186,153,115,152,37,47,47,37
1,H100,2,T,187,137,105,136,32,63,63,32
1,H100,2,T,188,145,112,145,32,54,55,33
1,H100,2,T,189,18,17,18,0,181,182,1
1,H100,2,T,190,160,126,159,33,40,40,33
1,H100,2,T,191,159,126,158,32,41,41,32
1,H100,2,T,192,155,118,154,36,45,45,36
1,H100,2,T,193,141,102,140,38,59,59,38
1,H100,2,T,194,156,125,155,30,44,44,30
1,H100,2,T,195,146,118,146,27,53,54,28
1,H100,2,T,196,143,109,142,33,57,57,33
1,H100,2,T,197,159,127,158,31,41,41,31
1,H100,2,T,198,151,119,150,31,49,49,31
1,H100,2,T,199,151,119,150,32,49,49,32
1,H100,2,T,200,153,126,152,27,47,47,27
1,H100,4,TW,1,196,192,195,4,4,4,4
1,H100,4,TW,2,197,193,196,3,3,3,3
1,H100,4,TW,3,195,189,194,5,5,5,5
1,H100,4,TW,4,196,191,195,4,4,4,4
1,H100,4,TW,5,194,187,193,6,6,6,6
1,H100,4,TW,6,199,197,198,1,1,1,1
1,H100,4,TW,7,57,55,57,1,142,143,2
1,H100,4,TW,8,198,195,197,2,2,2,2
1,H100,4,TW,9,198,195,197,2,2,2,2
1,H100,4,TW,10,199,197,198,1,1,1,1
1,H100,4,TW,11,199,197,198,1,1,1,1
1,H100,4,TW,12,196,191,195,4,4,4,4
1,H100,4,TW,13,194,187,193,6,6,6,6
1,H100,4,TW,14,200,199,199,0,0,0,0
1,H100,4,TW,15,195,189,194,5,5,5,5
1,H100,4,TW,16,194,188,193,6,6,6,6
1,H100,4,TW,17,198,195,197,2,2,2,2
1,H100,4,TW,18,199,197,198,1,1,1,1
1,H100,4,TW,19,198,195,197,2,2,2,2
1,H100,4,TW,20,199,197,198,1,1,1,1
1,H100,4,TW,21,195,189,194,5,5,5,5
1,H100,4,TW,22,197,193,196,3,3,3,3
1,H100,4,TW,23,198,195,197,2,2,2,2
1,H100,4,TW,24,198,195,197,2,2,2,2
1,H100,4,TW,25,195,189,194,5,5,5,5
1,H100,4,TW,26,196,191,195,4,4,4,4
1,H100,4,TW,27,198,195,197,2,2,2,2
1,H100,4,TW,28,198,195,197,2,2,2,2
1,H100,4,TW,29,196,191,195,4,4,4,4
1,H100,4,TW,30,196,191,195,4,4,4,4
1,H100,4,TW,31,196,191,195,4,4,4,4
1,H100,4,TW,32,194,187,193,6,6,6,6
1,H100,4,TW,33,197,193,196,3,3,3,3
1,H100,4,TW,34,198,195,197,2,2,2,2
1,H100,4,TW,35,194,188,193,5,6,6,5
1,H100,4,TW,36,193,186,192,7,7,7,7
1,H100,4,TW,37,196,191,195,4,4,4,4
1,H100,4,TW,38,195,189,194,5,5,5,5
1,H100,4,TW,39,195,189,194,5,5,5,5
1,H100,4,TW,40,197,193,196,3,3,3,3
1,H100,4,TW,41,197,193,196,3,3,3,3
1,H100,4,TW,42,199,197,198,1,1,1,1
1,H100,4,TW,43,195,189,194,5,5,5,5
1,H100,4,TW,44,196,191,195,4,4,4,4
1,H100,4,TW,45,196,192,195,3,4,4,3
1,H100,4,TW,46,199,197,198,1,1,1,1
1,H100,4,TW,47,196,191,195,4,4,4,4
1,H100,4,TW,48,195,189,194,5,5,5,5
1,H100,4,TW,49,197,193,196,3,3,3,3
1,H100,4,TW,50,197,193,196,3,3,3,3
1,H100,4,TW,51,196,191,195,4,4,4,4
1,H100,4,TW,52,198,195,197,2,2,2,2
1,H100,4,TW,53,193,185,192,7,7,7,7
1,H100,4,TW,54,196,191,195,4,4,4,4
1,H100,4,TW,55,197,193,196,3,3,3,3
1,H100,4,TW,56,197,193,196,3,3,3,3
1,H100,4,TW,57,198,195,197,2,2,2,2
1,H100,4,TW,58,194,187,193,6,6,6,6
1,H100,4,TW,59,196,191,195,4,4,4,4
1,H100,4,TW,60,198,195,197,2,2,2,2
1,H100,4,TW,61,196,191,195,4,4,4,4
1,H100,4,TW,62,198,195,197,2,2,2,2
1,H100,4,TW,63,197,193,196,3,3,3,3
1,H100,4,TW,64,197,193,196,3,3,3,3
1,H100,4,TW,65,197,193,196,3,3,3,3
1,H100,4,TW,66,199,197,198,1,1,1,1
1,H100,4,TW,67,198,195,197,2,2,2,2
1,H100,4,TW,68,194,187,193,6,6,6,6
1,H100,4,TW,69,196,191,195,4,4,4,4
1,H100,4,TW,70,200,199,199,0,0,0,0
1,H100,4,TW,71,200,199,199,0,0,0,0
1,H100,4,TW,72,199,197,198,1,1,1,1
1,H100,4,TW,73,198,195,197,2,2,2,2
1,H100,4,TW,74,198,195,197,2,2,2,2
1,H100,4,TW,75,195,189,194,5,5,5,5
1,H100,4,TW,76,198,196,198,1,1,2,2
1,H100,4,TW,77,195,189,194,5,5,5,5
1,H100,4,TW,78,196,191,195,4,4,4,4
1,H100,4,TW,79,194,187,193,6,6,6,6
1,H100,4,TW,80,198,195,197,2,2,2,2
1,H100,4,TW,81,196,191,195,4,4,4,4
1,H100,4,TW,82,196,191,195,4,4,4,4
1,H100,4,TW,83,186,182,186,3,13,14,4
1,H100,4,TW,84,198,195,197,2,2,2,2
1,H100,4,TW,85,199,197,198,1,1,1,1
1,H100,4,TW,86,196,191,195,4,4,4,4
1,H100,4,TW,87,197,193,196,3,3,3,3
1,H100,4,TW,88,194,187,193,6,6,6,6
1,H100,4,TW,89,197,193,196,3,3,3,3
1,H100,4,TW,90,199,197,198,1,1,1,1
1,H100,4,TW,91,198,195,197,2,2,2,2
1,H100,4,TW,92,195,189,194,5,5,5,5
1,H100,4,TW,93,198,195,197,2,2,2,2
1,H100,4,TW,94,199,197,198,1,1,1,1
1,H100,4,TW,95,196,191,195,4,4,4,4
1,H100,4,TW,96,193,185,192,7,7,7,7
1,H100,4,TW,97,196,191,195,4,4,4,4
1,H100,4,TW,98,195,189,194,5,5,5,5
1,H100,4,TW,99,197,193,196,3,3,3,3
1,H100,4,TW,100,194,188,193,5,6,6,5
1,H100,4,TW,101,194,187,193,6,6,6,6
1,H100,4,TW,102,197,193,196,3,3,3,3
1,H100,4,TW,103,200,199,199,0,0,0,0
1,H100,4,TW,104,198,195,197,2,2,2,2
1,H100,4,TW,105,197,193,196,3,3,3,3
1,H100,4,TW,106,198,195,197,2,2,2,2
1,H100,4,TW,107,194,187,193,6,6,6,6
1,H100,4,TW,108,196,191,195,4,4,4,4
1,H100,4,TW,109,196,191,195,4,4,4,4
1,H100,4,TW,110,198,195,197,2,2,2,2
1,H100,4,TW,111,195,189,194,5,5,5,5
1,H100,4,TW,112,197,193,196,3,3,3,3
1,H100,4,TW,113,198,195,197,2,2,2,2
1,H100,4,TW,114,196,191,195,4,4,4,4
1,H100,4,TW,115,198,195,197,2,2,2,2
1,H100,4,TW,116,197,193,196,3,3,3,3
1,H100,4,TW,117,200,199,199,0,0,0,0
1,H100,4,TW,118,196,191,195,4,4,4,4
1,H100,4,TW,119,195,189,194,5,5,5,5
1,H100,4,TW,120,197,193,196,3,3,3,3
1,H100,4,TW,121,190,179,189,10,10,10,10
1,H100,4,TW,122,196,191,195,4,4,4,4
1,H100,4,TW,123,195,189,194,5,5,5,5
1,H100,4,TW,124,193,187,192,5,7,7,5
1,H100,4,TW,125,194,188,193,5,6,6,5
1,H100,4,TW,126,197,193,196,3,3,3,3
1,H100,4,TW,127,194,187,193,6,6,6,6
1,H100,4,TW,128,197,193,196,3,3,3,3
1,H100,4,TW,129,197,193,196,3,3,3,3
1,H100,4,TW,130,194,188,193,5,6,6,5
1,H100,4,TW,131,198,195,197,2,2,2,2
1,H100,4,TW,132,198,195,197,2,2,2,2
1,H100,4,TW,133,197,194,196,3,3,3,3
1,H100,4,TW,134,197,193,196,3,3,3,3
1,H100,4,TW,135,197,193,196,3,3,3,3
1,H100,4,TW,136,160,157,160,2,39,40,3
1,H100,4,TW,137,198,195,197,2,2,2,2
1,H100,4,TW,138,197,193,196,3,3,3,3
1,H100,4,TW,139,198,195,197,2,2,2,2
1,H100,4,TW,140,195,189,194,5,5,5,5
1,H100,4,TW,141,199,197,198,1,1,1,1
1,H100,4,TW,142,199,197,198,1,1,1,1
1,H100,4,TW,143,196,191,195,4,4,4,4
1,H100,4,TW,144,197,193,196,3,3,3,3
1,H100,4,TW,145,198,195,197,2,2,2,2
1,H100,4,TW,146,198,195,197,2,2,2,2
1,H100,4,TW,147,196,191,195,4,4,4,4
1,H100,4,TW,148,196,191,195,4,4,4,4
1,H100,4,TW,149,196,191,195,4,4,4,4
1,H100,4,TW,150,197,193,196,3,3,3,3
1,H100,4,TW,151,199,197,198,1,1,1,1
1,H100,4,TW,152,198,195,197,2,2,2,2
1,H100,4,TW,153,198,195,197,2,2,2,2
1,H100,4,TW,154,196,191,195,4,4,4,4
1,H100,4,TW,155,197,193,196,3,3,3,3
1,H100,4,TW,156,196,191,195,4,4,4,4
1,H100,4,TW,157,198,195,197,2,2,2,2
1,H100,4,TW,158,199,197,198,1,1,1,1
1,H100,4,TW,159,200,199,199,0,0,0,0
1,H100,4,TW,160,195,189,194,5,5,5,5
1,H100,4,TW,161,196,191,195,4,4,4,4
1,H100,4,TW,162,199,197,198,1,1,1,1
1,H100,4,TW,163,200,199,199,0,0,0,0
1,H100,4,TW,164,196,191,195,4,4,4,4
1,H100,4,TW,165,198,195,197,2,2,2,2
1,H100,4,TW,166,199,197,198,1,1,1,1
1,H100,4,TW,167,200,199,199,0,0,0,0
1,H100,4,TW,168,193,186,192,6,7,7,6
1,H100,4,TW,169,199,197,198,1,1,1,1
1,H100,4,TW,170,196,191,195,4,4,4,4
1,H100,4,TW,171,196,191,195,4,4,4,4
1,H100,4,TW,172,197,193,196,3,3,3,3
1,H100,4,TW,173,198,195,197,2,2,2,2
1,H100,4,TW,174,199,197,198,1,1,1,1
1,H100,4,TW,175,198,195,197,2,2,2,2
1,H100,4,TW,176,197,193,196,3,3,3,3
1,H100,4,TW,177,195,189,194,5,5,5,5
1,H100,4,TW,178,195,189,194,5,5,5,5
1,H100,4,TW,179,195,189,194,5,5,5,5
1,H100,4,TW,180,198,195,197,2,2,2,2
1,H100,4,TW,181,198,195,197,2,2,2,2
1,H100,4,TW,182,197,193,196,3,3,3,3
1,H100,4,TW,183,198,195,197,2,2,2,2
1,H100,4,TW,184,197,194,196,2,3,3,2
1,H100,4,TW,185,198,195,197,2,2,2,2
1,H100,4,TW,186,198,196,198,1,1,2,2
1,H100,4,TW,187,194,189,193,4,6,6,4
1,H100,4,TW,188,197,193,196,3,3,3,3
1,H100,4,TW,189,200,199,199,0,0,0,0
1,H100,4,TW,190,199,197,198,1,1,1,1
1,H100,4,TW,191,197,193,196,3,3,3,3
1,H100,4,TW,192,197,193,196,3,3,3,3
1,H100,4,TW,193,196,191,195,4,4,4,4
1,H100,4,TW,194,195,189,194,5,5,5,5
1,H100,4,TW,195,194,188,194,5,5,6,6
1,H100,4,TW,196,199,197,198,1,1,1,1
1,H100,4,TW,197,200,199,199,0,0,0,0
1,H100,4,TW,198,198,195,197,2,2,2,2
1,H100,4,TW,199,199,197,198,1,1,1,1
1,H100,4,TW,200,197,193,196,3,3,3,3
2,H200,2,T,1,102,57,102,45,97,98,46
2,H200,2,T,2,38,25,38,12,161,162,13
2,H200,2,T,3,46,30,45,15,154,154,15
2,H200,2,T,4,102,65,101,36,98,98,36
2,H200,2,T,5,39,22,39,16,160,161,17
2,H200,2,T,6,76,38,75,37,124,124,37
2,H200,2,T,7,40,25,40,15,159,160,16
2,H200,2,T,8,94,58,93,35,106,106,35
2,H200,2,T,9,103,69,103,34,96,97,35
2,H200,2,T,10,91,53,91,38,108,109,39
2,H200,2,T,11,63,34,63,29,136,137,30
2,H200,2,T,12,117,79,116,38,83,83,38
2,H200,2,T,13,76,45,76,31,123,124,32
2,H200,2,T,14,70,47,70,22,129,130,23
2,H200,2,T,15,23,18,23,5,176,177,6
2,H200,2,T,16,110,67,109,42,90,90,42
2,H200,2,T,17,56,26,56,30,143,144,31
2,H200,2,T,18,48,29,48,19,151,152,20
2,H200,2,T,19,98,67,97,30,102,102,30
2,H200,2,T,20,82,50,82,31,117,118,32
2,H200,2,T,21,9,5,9,4,190,191,5
2,H200,2,T,22,77,34,77,43,122,123,44
2,H200,2,T,23,33,22,33,10,166,167,11
2,H200,2,T,24,83,46,82,37,117,117,37
2,H200,2,T,25,38,22,37,15,162,162,15
2,H200,2,T,26,56,35,56,20,143,144,21
2,H200,2,T,27,89,51,88,38,111,111,38
2,H200,2,T,28,91,44,91,46,108,109,47
2,H200,2,T,29,94,60,93,34,106,106,34
2,H200,2,T,30,91,53,90,37,109,109,37
2,H200,2,T,31,54,30,53,23,146,146,23
2,H200,2,T,32,104,61,103,43,96,96,43
2,H200,2,T,33,68,45,68,22,131,132,23
2,H200,2,T,34,108,59,108,49,91,92,50
2,H200,2,T,35,70,38,69,32,130,130,32
2,H200,2,T,36,85,48,85,37,114,115,38
2,H200,2,T,37,61,33,61,27,138,139,28
2,H200,2,T,38,118,76,117,41,82,82,41
2,H200,2,T,39,92,55,91,37,108,108,37
2,H200,2,T,40,62,37,62,24,137,138,25
2,H200,2,T,41,103,64,103,39,96,97,40
2,H200,2,T,42,55,33,55,21,144,145,22
2,H200,2,T,43,97,59,96,37,103,103,37
2,H200,2,T,44,107,64,106,43,93,93,43
2,H200,2,T,45,109,70,108,38,91,91,38
2,H200,2,T,46,117,78,117,39,82,83,40
2,H200,2,T,47,5,2,5,3,194,195,4
2,H200,2,T,48,92,57,92,35,107,108,36
2,H200,2,T,49,62,37,62,24,137,138,25
2,H200,2,T,50,92,50,91,42,108,108,42
2,H200,2,T,51,22,11,21,10,178,178,10
2,H200,2,T,52,88,52,87,36,112,112,36
2,H200,2,T,53,106,63,106,43,93,94,44
2,H200,2,T,54,103,60,102,42,97,97,42
2,H200,2,T,55,75,46,74,28,125,125,28
2,H200,2,T,56,63,37,63,25,136,137,26
2,H200,2,T,57,37,20,37,17,162,163,18
2,H200,2,T,58,99,59,99,39,100,101,40
2,H200,2,T,59,65,36,64,28,135,135,28
2,H200,2,T,60,105,64,105,40,94,95,41
2,H200,2,T,61,110,66,110,43,89,90,44
2,H200,2,T,62,74,46,74,28,125,126,29
2,H200,2,T,63,114,71,114,43,85,86,44
2,H200,2,T,64,61,38,61,23,138,139,24
2,H200,2,T,65,59,33,59,25,140,141,26
2,H200,2,T,66,74,44,73,29,126,126,29
2,H200,2,T,67,68,37,67,31,132,132,31
2,H200,2,T,68,96,57,95,39,104,104,39
2,H200,2,T,69,100,51,99,48,100,100,48
2,H200,2,T,70,29,15,29,13,170,171,14
2,H200,2,T,71,80,48,79,32,120,120,32
2,H200,2,T,72,95,61,95,33,104,105,34
2,H200,2,T,73,2,0,2,2,197,198,3
2,H200,2,T,74,74,43,73,31,126,126,31
2,H200,2,T,75,110,65,110,44,89,90,45
2,H200,2,T,76,96,61,96,35,103,104,36
2,H200,2,T,77,62,37,62,24,137,138,25
2,H200,2,T,78,47,25,47,21,152,153,22
2,H200,2,T,79,61,36,61,24,138,139,25
2,H200,2,T,80,82,53,81,29,118,118,29
2,H200,2,T,81,31,13,31,17,168,169,18
2,H200,2,T,82,77,49,76,28,123,123,28
2,H200,2,T,83,101,67,101,33,98,99,34
2,H200,2,T,84,71,40,71,30,128,129,31
2,H200,2,T,85,69,37,69,31,130,131,32
2,H200,2,T,86,89,62,89,27,110,111,28
2,H200,2,T,87,59,40,59,18,140,141,19
2,H200,2,T,88,79,45,79,33,120,121,34
2,H200,2,T,89,68,37,68,30,131,132,31
2,H200,2,T,90,68,42,68,25,131,132,26
2,H200,2,T,91,118,80,118,37,81,82,38
2,H200,2,T,92,94,55,94,39,105,106,40
2,H200,2,T,93,80,51,79,28,120,120,28
2,H200,2,T,94,97,55,97,41,102,103,42
2,H200,2,T,95,109,66,108,42,91,91,42
2,H200,2,T,96,54,37,54,16,145,146,17
2,H200,2,T,97,56,33,56,23,143,144,24
2,H200,2,T,98,91,49,90,41,109,109,41
2,H200,2,T,99,13,7,13,6,186,187,7
2,H200,2,T,100,37,19,37,17,162,163,18
2,H200,2,T,101,52,29,51,23,148,148,23
2,H200,2,T,102,65,43,65,21,134,135,22
2,H200,2,T,103,92,54,91,37,108,108,37
2,H200,2,T,104,90,56,90,33,109,110,34
2,H200,2,T,105,60,33,60,27,139,140,28
2,H200,2,T,106,55,33,55,21,144,145,22
2,H200,2,T,107,83,45,83,38,116,117,39
2,H200,2,T,108,32,17,32,14,167,168,15
2,H200,2,T,109,113,71,113,41,86,87,42
2,H200,2,T,110,40,19,40,20,159,160,21
2,H200,2,T,111,32,22,31,9,168,168,9
2,H200,2,T,112,56,33,56,22,143,144,23
2,H200,2,T,113,102,64,102,38,97,98,39
2,H200,2,T,114,107,73,107,33,92,93,34
2,H200,2,T,115,91,61,90,29,109,109,29
2,H200,2,T,116,34,19,34,14,165,166,15
2,H200,2,T,117,27,19,27,7,172,173,8
2,H200,2,T,118,77,45,76,31,123,123,31
2,H200,2,T,119,102,63,102,38,97,98,39
2,H200,2,T,120,25,17,25,7,174,175,8
2,H200,2,T,121,108,65,108,42,91,92,43
2,H200,2,T,122,35,20,35,15,164,165,16
2,H200,2,T,123,21,14,21,7,178,179,8
2,H200,2,T,124,58,25,58,33,141,142,34
2,H200,2,T,125,94,54,94,40,105,106,41
2,H200,2,T,126,107,66,107,40,92,93,41
2,H200,2,T,127,54,31,53,22,146,146,22
2,H200,2,T,128,96,60,95,35,104,104,35
2,H200,2,T,129,8,2,8,5,191,192,6
2,H200,2,T,130,71,38,70,33,129,129,33
2,H200,2,T,131,114,70,113,43,86,86,43
2,H200,2,T,132,83,54,83,28,116,117,29
2,H200,2,T,133,114,73,114,40,85,86,41
2,H200,2,T,134,109,59,109,49,90,91,50
2,H200,2,T,135,56,38,56,17,143,144,18
2,H200,2,T,136,108,72,108,35,91,92,36
2,H200,2,T,137,82,53,81,28,118,118,28
2,H200,2,T,138,89,52,88,36,111,111,36
2,H200,2,T,139,27,18,26,9,173,173,9
2,H200,2,T,140,52,22,52,30,147,148,31
2,H200,2,T,141,123,78,122,44,77,77,44
2,H200,2,T,142,106,66,106,40,93,94,41
2,H200,2,T,143,79,51,78,28,121,121,28
2,H200,2,T,144,82,42,82,40,117,118,41
2,H200,2,T,145,11,4,11,6,188,189,7
2,H200,2,T,146,106,66,105,40,94,94,40
2,H200,2,T,147,100,60,100,39,99,100,40
2,H200,2,T,148,87,50,86,36,113,113,36
2,H200,2,T,149,15,8,15,6,184,185,7
2,H200,2,T,150,62,34,61,28,138,138,28
2,H200,2,T,151,87,53,86,34,113,113,34
2,H200,2,T,152,89,49,89,39,110,111,40
2,H200,2,T,153,95,58,94,36,105,105,36
2,H200,2,T,154,120,72,119,47,80,80,47
2,H200,2,T,155,87,59,87,27,112,113,28
2,H200,2,T,156,100,51,99,48,100,100,48
2,H200,2,T,157,8,4,8,4,191,192,5
2,H200,2,T,158,81,43,80,38,119,119,38
2,H200,2,T,159,103,63,103,39,96,97,40
2,H200,2,T,160,117,68,116,49,83,83,49
2,H200,2,T,161,29,21,29,7,170,171,8
2,H200,2,T,162,44,27,44,16,155,156,17
2,H200,2,T,163,31,24,31,6,168,169,7
2,H200,2,T,164,105,68,104,37,95,95,37
2,H200,2,T,165,91,55,91,35,108,109,36
2,H200,2,T,166,26,17,26,9,173,174,10
2,H200,2,T,167,36,21,35,15,164,164,15
2,H200,2,T,168,28,15,28,12,171,172,13
2,H200,2,T,169,66,41,66,25,133,134,26
2,H200,2,T,170,33,18,33,15,166,167,16
2,H200,2,T,171,73,42,73,31,126,127,32
2,H200,2,T,172,104,56,103,47,96,96,47
2,H200,2,T,173,93,53,92,40,107,107,40
2,H200,2,T,174,100,57,99,43,100,100,43
2,H200,2,T,175,38,22,38,15,161,162,16
2,H200,2,T,176,100,59,99,41,100,100,41
2,H200,2,T,177,24,15,24,8,175,176,9
2,H200,2,T,178,49,26,49,23,150,151,24
2,H200,2,T,179,99,58,98,40,101,101,40
2,H200,2,T,180,108,64,108,43,91,92,44
2,H200,2,T,181,96,60,95,35,104,104,35
2,H200,2,T,182,98,52,97,46,102,102,46
2,H200,2,T,183,36,20,36,16,163,164,17
2,H200,2,T,184,24,15,24,9,175,176,10
2,H200,2,T,185,79,42,78,37,121,121,37
2,H200,2,T,186,89,60,89,28,110,111,29
2,H200,2,T,187,78,51,78,26,121,122,27
2,H200,2,T,188,34,19,34,15,165,166,16
2,H200,2,T,189,100,58,99,41,100,100,41
2,H200,2,T,190,111,75,111,36,88,89,37
2,H200,2,T,191,17,11,17,6,182,183,7
2,H200,2,T,192,31,12,31,19,168,169,20
2,H200,2,T,193,95,61,94,33,105,105,33
2,H200,2,T,194,88,51,88,36,111,112,37
2,H200,2,T,195,41,22,41,18,158,159,19
2,H200,2,T,196,52,27,52,24,147,148,25
2,H200,2,T,197,88,51,88,36,111,112,37
2,H200,2,T,198,116,78,115,37,84,84,37
2,H200,2,T,199,86,53,86,32,113,114,33
2,H200,2,T,200,89,56,89,33,110,111,34
2,H200,4,TW,1,195,189,194,5,5,5,5
2,H200,4,TW,2,197,193,196,3,3,3,3
2,H200,4,TW,3,196,191,195,4,4,4,4
2,H200,4,TW,4,194,187,193,6,6,6,6
2,H200,4,TW,5,195,190,194,4,5,5,4
2,H200,4,TW,6,197,193,196,3,3,3,3
2,H200,4,TW,7,195,189,194,5,5,5,5
2,H200,4,TW,8,193,185,192,7,7,7,7
2,H200,4,TW,9,183,176,182,6,17,17,6
2,H200,4,TW,10,196,191,195,4,4,4,4
2,H200,4,TW,11,195,189,194,5,5,5,5
2,H200,4,TW,12,198,195,197,2,2,2,2
2,H200,4,TW,13,192,183,191,8,8,8,8
2,H200,4,TW,14,192,184,192,7,7,8,8
2,H200,4,TW,15,194,187,193,6,6,6,6
2,H200,4,TW,16,191,181,190,9,9,9,9
2,H200,4,TW,17,194,187,193,6,6,6,6
2,H200,4,TW,18,194,187,193,6,6,6,6
2,H200,4,TW,19,196,191,195,4,4,4,4
2,H200,4,TW,20,197,193,196,3,3,3,3
2,H200,4,TW,21,194,187,193,6,6,6,6
2,H200,4,TW,22,195,189,194,5,5,5,5
2,H200,4,TW,23,194,187,193,6,6,6,6
2,H200,4,TW,24,194,187,193,6,6,6,6
2,H200,4,TW,25,194,187,193,6,6,6,6
2,H200,4,TW,26,193,186,192,6,7,7,6
2,H200,4,TW,27,190,180,189,10,10,10,10
2,H200,4,TW,28,196,191,195,4,4,4,4
2,H200,4,TW,29,190,180,189,9,10,10,9
2,H200,4,TW,30,194,187,193,6,6,6,6
2,H200,4,TW,31,189,178,188,10,11,11,10
2,H200,4,TW,32,197,193,196,3,3,3,3
2,H200,4,TW,33,196,191,195,4,4,4,4
2,H200,4,TW,34,193,185,192,7,7,7,7
2,H200,4,TW,35,196,191,195,4,4,4,4
2,H200,4,TW,36,198,195,197,2,2,2,2
2,H200,4,TW,37,195,189,194,5,5,5,5
2,H200,4,TW,38,195,189,194,5,5,5,5
2,H200,4,TW,39,197,193,196,3,3,3,3
2,H200,4,TW,40,194,188,193,5,6,6,5
2,H200,4,TW,41,195,189,194,5,5,5,5
2,H200,4,TW,42,190,179,189,10,10,10,10
2,H200,4,TW,43,197,193,196,3,3,3,3
2,H200,4,TW,44,196,191,195,4,4,4,4
2,H200,4,TW,45,196,191,195,4,4,4,4
2,H200,4,TW,46,199,197,198,1,1,1,1
2,H200,4,TW,47,195,189,194,5,5,5,5
2,H200,4,TW,48,194,187,193,6,6,6,6
2,H200,4,TW,49,195,189,194,5,5,5,5
2,H200,4,TW,50,190,179,189,10,10,10,10
2,H200,4,TW,51,190,179,189,10,10,10,10
2,H200,4,TW,52,197,193,196,3,3,3,3
2,H200,4,TW,53,198,195,197,2,2,2,2
2,H200,4,TW,54,197,193,196,3,3,3,3
2,H200,4,TW,55,195,189,194,5,5,5,5
2,H200,4,TW,56,193,185,192,7,7,7,7
2,H200,4,TW,57,193,185,192,7,7,7,7
2,H200,4,TW,58,196,191,195,4,4,4,4
2,H200,4,TW,59,194,187,193,6,6,6,6
2,H200,4,TW,60,197,193,196,3,3,3,3
2,H200,4,TW,61,192,183,191,8,8,8,8
2,H200,4,TW,62,195,189,194,5,5,5,5
2,H200,4,TW,63,192,183,191,8,8,8,8
2,H200,4,TW,64,196,191,195,4,4,4,4
2,H200,4,TW,65,196,191,195,4,4,4,4
2,H200,4,TW,66,197,193,196,3,3,3,3
2,H200,4,TW,67,195,190,194,4,5,5,4
2,H200,4,TW,68,190,180,189,9,10,10,9
2,H200,4,TW,69,195,189,194,5,5,5,5
2,H200,4,TW,70,192,183,191,8,8,8,8
2,H200,4,TW,71,194,187,193,6,6,6,6
2,H200,4,TW,72,194,187,193,6,6,6,6
2,H200,4,TW,73,197,193,196,3,3,3,3
2,H200,4,TW,74,193,185,192,7,7,7,7
2,H200,4,TW,75,193,185,192,7,7,7,7
2,H200,4,TW,76,195,189,194,5,5,5,5
2,H200,4,TW,77,196,191,195,4,4,4,4
2,H200,4,TW,78,195,190,194,5,5,5,5
2,H200,4,TW,79,195,189,194,5,5,5,5
2,H200,4,TW,80,195,189,194,5,5,5,5
2,H200,4,TW,81,196,191,195,4,4,4,4
2,H200,4,TW,82,198,195,197,2,2,2,2
2,H200,4,TW,83,195,189,194,5,5,5,5
2,H200,4,TW,84,195,189,194,5,5,5,5
2,H200,4,TW,85,196,191,195,4,4,4,4
2,H200,4,TW,86,191,181,190,9,9,9,9
2,H200,4,TW,87,194,187,193,6,6,6,6
2,H200,4,TW,88,195,189,194,5,5,5,5
2,H200,4,TW,89,196,191,195,4,4,4,4
2,H200,4,TW,90,193,186,192,6,7,7,6
2,H200,4,TW,91,199,197,198,1,1,1,1
2,H200,4,TW,92,193,185,192,7,7,7,7
2,H200,4,TW,93,196,191,195,4,4,4,4
2,H200,4,TW,94,196,191,195,4,4,4,4
2,H200,4,TW,95,194,187,193,6,6,6,6
2,H200,4,TW,96,195,190,194,4,5,5,4
2,H200,4,TW,97,192,184,192,7,7,8,8
2,H200,4,TW,98,194,187,193,6,6,6,6
2,H200,4,TW,99,192,183,191,8,8,8,8
2,H200,4,TW,100,197,193,196,3,3,3,3
2,H200,4,TW,101,193,185,192,7,7,7,7
2,H200,4,TW,102,192,183,191,8,8,8,8
2,H200,4,TW,103,197,193,196,3,3,3,3
2,H200,4,TW,104,196,192,195,3,4,4,3
2,H200,4,TW,105,196,191,195,4,4,4,4
2,H200,4,TW,106,195,189,194,5,5,5,5
2,H200,4,TW,107,195,189,194,5,5,5,5
2,H200,4,TW,108,199,197,198,1,1,1,1
2,H200,4,TW,109,194,187,193,6,6,6,6
2,H200,4,TW,110,195,189,194,5,5,5,5
2,H200,4,TW,111,193,185,192,7,7,7,7
2,H200,4,TW,112,193,185,192,7,7,7,7
2,H200,4,TW,113,193,185,192,7,7,7,7
2,H200,4,TW,114,192,183,191,8,8,8,8
2,H200,4,TW,115,191,182,190,9,9,9,9
2,H200,4,TW,116,194,187,193,6,6,6,6
2,H200,4,TW,117,194,187,193,6,6,6,6
2,H200,4,TW,118,193,185,192,7,7,7,7
2,H200,4,TW,119,196,191,195,4,4,4,4
2,H200,4,TW,120,197,193,196,3,3,3,3
2,H200,4,TW,121,195,189,194,5,5,5,5
2,H200,4,TW,122,197,193,196,3,3,3,3
2,H200,4,TW,123,196,191,195,4,4,4,4
2,H200,4,TW,124,194,188,193,5,6,6,5
2,H200,4,TW,125,191,182,190,8,9,9,8
2,H200,4,TW,126,195,189,194,5,5,5,5
2,H200,4,TW,127,196,191,195,4,4,4,4
2,H200,4,TW,128,193,185,192,7,7,7,7
2,H200,4,TW,129,197,193,196,3,3,3,3
2,H200,4,TW,130,197,193,196,3,3,3,3
2,H200,4,TW,131,193,185,192,7,7,7,7
2,H200,4,TW,132,197,194,196,2,3,3,2
2,H200,4,TW,133,197,193,196,3,3,3,3
2,H200,4,TW,134,193,185,192,7,7,7,7
2,H200,4,TW,135,193,185,192,7,7,7,7
2,H200,4,TW,136,193,186,192,6,7,7,6
2,H200,4,TW,137,193,185,192,7,7,7,7
2,H200,4,TW,138,192,183,191,8,8,8,8
2,H200,4,TW,139,200,199,199,0,0,0,0
2,H200,4,TW,140,193,186,192,7,7,7,7
2,H200,4,TW,141,197,193,196,3,3,3,3
2,H200,4,TW,142,198,195,197,2,2,2,2
2,H200,4,TW,143,196,192,195,4,4,4,4
2,H200,4,TW,144,195,189,194,5,5,5,5
2,H200,4,TW,145,195,189,194,5,5,5,5
2,H200,4,TW,146,198,195,197,2,2,2,2
2,H200,4,TW,147,191,181,190,9,9,9,9
2,H200,4,TW,148,81,78,81,2,118,119,3
2,H200,4,TW,149,197,194,196,2,3,3,2
2,H200,4,TW,150,195,189,194,5,5,5,5
2,H200,4,TW,151,194,187,193,6,6,6,6
2,H200,4,TW,152,194,187,193,6,6,6,6
2,H200,4,TW,153,196,191,195,4,4,4,4
2,H200,4,TW,154,195,189,194,5,5,5,5
2,H200,4,TW,155,193,186,192,6,7,7,6
2,H200,4,TW,156,193,185,192,7,7,7,7
2,H200,4,TW,157,195,189,194,5,5,5,5
2,H200,4,TW,158,196,191,195,4,4,4,4
2,H200,4,TW,159,195,189,194,5,5,5,5
2,H200,4,TW,160,197,193,196,3,3,3,3
2,H200,4,TW,161,195,189,194,5,5,5,5
2,H200,4,TW,162,199,197,198,1,1,1,1
2,H200,4,TW,163,195,189,194,5,5,5,5
2,H200,4,TW,164,195,189,194,5,5,5,5
2,H200,4,TW,165,194,187,193,6,6,6,6
2,H200,4,TW,166,195,189,194,5,5,5,5
2,H200,4,TW,167,194,187,193,6,6,6,6
2,H200,4,TW,168,197,193,196,3,3,3,3
2,H200,4,TW,169,194,188,193,5,6,6,5
2,H200,4,TW,170,196,191,195,4,4,4,4
2,H200,4,TW,171,196,191,195,4,4,4,4
2,H200,4,TW,172,190,179,189,10,10,10,10
2,H200,4,TW,173,196,191,195,4,4,4,4
2,H200,4,TW,174,193,185,192,7,7,7,7
2,H200,4,TW,175,195,189,194,5,5,5,5
2,H200,4,TW,176,191,181,190,9,9,9,9
2,H200,4,TW,177,193,185,192,7,7,7,7
2,H200,4,TW,178,193,185,192,7,7,7,7
2,H200,4,TW,179,195,189,194,5,5,5,5
2,H200,4,TW,180,196,191,195,4,4,4,4
2,H200,4,TW,181,193,185,192,7,7,7,7
2,H200,4,TW,182,195,189,194,5,5,5,5
2,H200,4,TW,183,194,187,193,6,6,6,6
2,H200,4,TW,184,192,183,191,8,8,8,8
2,H200,4,TW,185,197,193,196,3,3,3,3
2,H200,4,TW,186,194,187,193,6,6,6,6
2,H200,4,TW,187,194,188,193,5,6,6,5
2,H200,4,TW,188,194,187,193,6,6,6,6
2,H200,4,TW,189,195,189,194,5,5,5,5
2,H200,4,TW,190,197,193,196,3,3,3,3
2,H200,4,TW,191,196,191,195,4,4,4,4
2,H200,4,TW,192,196,192,195,3,4,4,3
2,H200,4,TW,193,196,192,195,3,4,4,3
2,H200,4,TW,194,197,193,196,3,3,3,3
2,H200,4,TW,195,194,187,193,6,6,6,6
2,H200,4,TW,196,196,191,195,4,4,4,4
2,H200,4,TW,197,192,184,192,7,7,8,8
2,H200,4,TW,198,193,185,192,7,7,7,7
2,H200,4,TW,199,195,189,194,5,5,5,5
2,H200,4,TW,200,195,189,194,5,5,5,5
3,H300,2,T,1,28,13,28,14,171,172,15
3,H300,2,T,2,42,15,41,27,158,158,27
3,H300,2,T,3,65,27,65,37,134,135,38
3,H300,2,T,4,37,17,37,20,162,163,21
3,H300,2,T,5,47,22,47,24,152,153,25
3,H300,2,T,6,31,15,31,16,168,169,17
3,H300,2,T,7,65,34,64,31,135,135,31
3,H300,2,T,8,55,25,55,29,144,145,30
3,H300,2,T,9,65,37,65,28,134,135,29
3,H300,2,T,10,24,10,24,13,175,176,14
3,H300,2,T,11,47,22,47,24,152,153,25
3,H300,2,T,12,78,25,77,52,122,122,52
3,H300,2,T,13,41,16,40,24,159,159,24
3,H300,2,T,14,13,6,13,6,186,187,7
3,H300,2,T,15,72,35,72,37,127,128,38
3,H300,2,T,16,77,35,77,42,122,123,43
3,H300,2,T,17,86,43,85,43,114,114,43
3,H300,2,T,18,46,22,45,23,154,154,23
3,H300,2,T,19,48,21,47,26,152,152,26
3,H300,2,T,20,76,30,76,45,123,124,46
3,H300,2,T,21,19,9,19,10,180,181,11
3,H300,2,T,22,57,28,57,29,142,143,30
3,H300,2,T,23,27,15,27,12,172,173,13
3,H300,2,T,24,83,39,83,44,116,117,45
3,H300,2,T,25,25,11,25,14,174,175,15
3,H300,2,T,26,52,24,52,27,147,148,28
3,H300,2,T,27,30,18,30,11,169,170,12
3,H300,2,T,28,28,12,28,15,171,172,16
3,H300,2,T,29,40,20,40,19,159,160,20
3,H300,2,T,30,97,48,96,49,103,103,49
3,H300,2,T,31,84,42,84,42,115,116,43
3,H300,2,T,32,59,26,58,33,141,141,33
3,H300,2,T,33,2,0,2,2,197,198,3
3,H300,2,T,34,41,18,40,23,159,159,23
3,H300,2,T,35,61,35,61,26,138,139,27
3,H300,2,T,36,63,33,62,30,137,137,30
3,H300,2,T,37,46,25,46,20,153,154,21
3,H300,2,T,38,58,28,58,30,141,142,31
3,H300,2,T,39,46,23,46,22,153,154,23
3,H300,2,T,40,86,49,86,36,113,114,37
3,H300,2,T,41,11,4,11,6,188,189,7
3,H300,2,T,42,57,29,57,27,142,143,28
3,H300,2,T,43,92,50,92,42,107,108,43
3,H300,2,T,44,79,47,78,32,121,121,32
3,H300,2,T,45,72,30,72,41,127,128,42
3,H300,2,T,46,5,2,5,2,194,195,3
3,H300,2,T,47,79,38,79,41,120,121,42
3,H300,2,T,48,55,31,55,24,144,145,25
3,H300,2,T,49,60,24,59,35,140,140,35
3,H300,2,T,50,38,19,38,19,161,162,20
3,H300,2,T,51,50,20,50,29,149,150,30
3,H300,2,T,52,62,35,62,26,137,138,27
3,H300,2,T,53,98,57,98,41,101,102,42
3,H300,2,T,54,34,13,34,21,165,166,22
3,H300,2,T,55,59,23,58,35,141,141,35
3,H300,2,T,56,18,6,18,11,181,182,12
3,H300,2,T,57,32,12,32,19,167,168,20
3,H300,2,T,58,39,18,39,21,160,161,22
3,H300,2,T,59,15,8,15,7,184,185,8
3,H300,2,T,60,44,22,44,21,155,156,22
3,H300,2,T,61,52,19,52,33,147,148,34
3,H300,2,T,62,35,17,35,18,164,165,19
3,H300,2,T,63,7,3,7,4,192,193,5
3,H300,2,T,64,86,46,86,39,113,114,40
3,H300,2,T,65,53,20,53,33,146,147,34
3,H300,2,T,66,38,18,37,20,162,162,20
3,H300,2,T,67,60,30,60,29,139,140,30
3,H300,2,T,68,23,11,23,12,176,177,13
3,H300,2,T,69,100,55,100,44,99,100,45
3,H300,2,T,70,12,5,12,7,187,188,8
3,H300,2,T,71,67,29,67,38,132,133,39
3,H300,2,T,72,44,14,44,29,155,156,30
3,H300,2,T,73,47,22,47,24,152,153,25
3,H300,2,T,74,33,15,33,18,166,167,19
3,H300,2,T,75,69,34,68,34,131,131,34
3,H300,2,T,76,61,32,61,29,138,139,30
3,H300,2,T,77,64,32,64,31,135,136,32
3,H300,2,T,78,22,9,22,12,177,178,13
3,H300,2,T,79,14,6,14,8,185,186,9
3,H300,2,T,80,83,38,83,44,116,117,45
3,H300,2,T,81,82,46,82,35,117,118,36
3,H300,2,T,82,90,50,89,40,110,110,40
3,H300,2,T,83,67,36,67,31,132,133,32
3,H300,2,T,84,68,37,68,31,131,132,32
3,H300,2,T,85,16,9,16,7,183,184,8
3,H300,2,T,86,76,39,76,37,123,124,38
3,H300,2,T,87,15,7,15,8,184,185,9
3,H300,2,T,88,62,30,62,31,137,138,32
3,H300,2,T,89,26,15,26,10,173,174,11
3,H300,2,T,90,29,16,29,12,170,171,13
3,H300,2,T,91,58,32,58,26,141,142,27
3,H300,2,T,92,90,47,89,43,110,110,43
3,H300,2,T,93,73,33,73,39,126,127,40
3,H300,2,T,94,43,23,43,20,156,157,21
3,H300,2,T,95,48,30,48,17,151,152,18
3,H300,2,T,96,39,16,39,23,160,161,24
3,H300,2,T,97,79,40,79,39,120,121,40
3,H300,2,T,98,34,14,33,19,166,166,19
3,H300,2,T,99,78,42,77,35,122,122,35
3,H300,2,T,100,83,45,83,37,116,117,38
3,H300,2,T,101,1,0,1,0,198,199,1
3,H300,2,T,102,23,16,23,7,176,177,8
3,H300,2,T,103,77,35,77,42,122,123,43
3,H300,2,T,104,68,38,68,29,131,132,30
3,H300,2,T,105,45,24,45,20,154,155,21
3,H300,2,T,106,71,41,71,30,128,129,31
3,H300,2,T,107,19,12,19,6,180,181,7
3,H300,2,T,108,27,11,27,16,172,173,17
3,H300,2,T,109,85,42,84,42,115,115,42
3,H300,2,T,110,51,30,51,21,148,149,22
3,H300,2,T,111,53,28,53,25,146,147,26
3,H300,2,T,112,50,29,49,21,150,150,21
3,H300,2,T,113,64,29,63,35,136,136,35
3,H300,2,T,114,39,13,39,26,160,161,27
3,H300,2,T,115,88,46,88,41,111,112,42
3,H300,2,T,116,44,22,44,22,155,156,23
3,H300,2,T,117,59,35,59,24,140,141,25
3,H300,2,T,118,74,37,73,36,126,126,36
3,H300,2,T,119,6,3,6,3,193,194,4
3,H300,2,T,120,82,42,81,40,118,118,40
3,H300,2,T,121,61,29,61,32,138,139,33
3,H300,2,T,122,4,1,4,2,195,196,3
3,H300,2,T,123,21,12,21,8,178,179,9
3,H300,2,T,124,14,9,14,5,185,186,6
3,H300,2,T,125,25,15,25,10,174,175,11
3,H300,2,T,126,29,11,29,18,170,171,19
3,H300,2,T,127,79,41,79,37,120,121,38
3,H300,2,T,128,24,14,24,10,175,176,11
3,H300,2,T,129,43,18,43,24,156,157,25
3,H300,2,T,130,33,13,33,20,166,167,21
3,H300,2,T,131,15,4,15,11,184,185,12
3,H300,2,T,132,57,22,57,34,142,143,35
3,H300,2,T,133,54,22,54,32,145,146,33
3,H300,2,T,134,24,10,24,14,175,176,15
3,H300,2,T,135,81,44,81,36,118,119,37
3,H300,2,T,136,74,42,74,31,125,126,32
3,H300,2,T,137,71,39,71,32,128,129,33
3,H300,2,T,138,6,2,6,3,193,194,4
3,H300,2,T,139,14,4,14,9,185,186,10
3,H300,2,T,140,93,57,93,35,106,107,36
3,H300,2,T,141,48,21,48,26,151,152,27
3,H300,2,T,142,47,22,47,25,152,153,26
3,H300,2,T,143,3,1,3,1,196,197,2
3,H300,2,T,144,78,37,78,40,121,122,41
3,H300,2,T,145,66,28,66,37,133,134,38
3,H300,2,T,146,20,10,20,10,179,180,11
3,H300,2,T,147,0,0,0,0,199,200,1
3,H300,2,T,148,7,3,7,3,192,193,4
3,H300,2,T,149,45,24,45,21,154,155,22
3,H300,2,T,150,72,34,72,37,127,128,38
3,H300,2,T,151,32,13,32,18,167,168,19
3,H300,2,T,152,71,36,70,34,129,129,34
3,H300,2,T,153,76,35,76,40,123,124,41
3,H300,2,T,154,14,9,14,5,185,186,6
3,H300,2,T,155,52,19,52,33,147,148,34
3,H300,2,T,156,41,18,41,22,158,159,23
3,H300,2,T,157,64,26,64,38,135,136,39
3,H300,2,T,158,52,25,52,26,147,148,27
3,H300,2,T,159,2,1,2,1,197,198,2
3,H300,2,T,160,6,3,6,2,193,194,3
3,H300,2,T,161,51,33,51,17,148,149,18
3,H300,2,T,162,51,25,51,26,148,149,27
3,H300,2,T,163,24,11,24,12,175,176,13
3,H300,2,T,164,13,7,13,5,186,187,6
3,H300,2,T,165,53,26,53,27,146,147,28
3,H300,2,T,166,98,49,98,48,101,102,49
3,H300,2,T,167,56,24,56,32,143,144,33
3,H300,2,T,168,39,21,39,17,160,161,18
3,H300,2,T,169,84,36,84,47,115,116,48
3,H300,2,T,170,73,35,73,38,126,127,39
3,H300,2,T,171,60,35,60,24,139,140,25
3,H300,2,T,172,54,30,54,24,145,146,25
3,H300,2,T,173,79,37,79,41,120,121,42
3,H300,2,T,174,8,2,8,6,191,192,7
3,H300,2,T,175,67,30,67,37,132,133,38
3,H300,2,T,176,85,41,85,43,114,115,44
3,H300,2,T,177,99,51,99,47,100,101,48
3,H300,2,T,178,75,39,75,36,124,125,37
3,H300,2,T,179,61,28,61,33,138,139,34
3,H300,2,T,180,24,8,24,16,175,176,17
3,H300,2,T,181,14,7,14,7,185,186,8
3,H300,2,T,182,66,29,66,37,133,134,38
3,H300,2,T,183,36,16,36,19,163,164,20
3,H300,2,T,184,88,38,88,50,111,112,51
3,H300,2,T,185,31,16,31,15,168,169,16
3,H300,2,T,186,11,3,11,8,188,189,9
3,H300,2,T,187,57,27,57,30,142,143,31
3,H300,2,T,188,40,12,40,27,159,160,28
3,H300,2,T,189,55,33,55,21,144,145,22
3,H300,2,T,190,58,31,58,26,141,142,27
3,H300,2,T,191,22,9,22,12,177,178,13
3,H300,2,T,192,79,38,78,40,121,121,40
3,H300,2,T,193,56,33,56,22,143,144,23
3,H300,2,T,194,70,38,70,32,129,130,33
3,H300,2,T,195,22,9,22,13,177,178,14
3,H300,2,T,196,51,28,51,22,148,149,23
3,H300,2,T,197,37,17,37,20,162,163,21
3,H300,2,T,198,14,9,14,4,185,186,5
3,H300,2,T,199,49,27,49,21,150,151,22
3,H300,2,T,200,50,23,50,26,149,150,27
3,H300,4,TW,1,191,181,190,9,9,9,9
3,H300,4,TW,2,191,181,190,9,9,9,9
3,H300,4,TW,3,191,181,190,9,9,9,9
3,H300,4,TW,4,194,188,193,5,6,6,5
3,H300,4,TW,5,194,187,193,6,6,6,6
3,H300,4,TW,6,193,185,192,7,7,7,7
3,H300,4,TW,7,190,180,189,9,10,10,9
3,H300,4,TW,8,193,185,192,7,7,7,7
3,H300,4,TW,9,190,179,189,10,10,10,10
3,H300,4,TW,10,191,181,190,9,9,9,9
3,H300,4,TW,11,193,185,192,7,7,7,7
3,H300,4,TW,12,191,182,190,8,9,9,8
3,H300,4,TW,13,193,186,192,6,7,7,6
3,H300,4,TW,14,186,172,185,13,14,14,13
3,H300,4,TW,15,195,189,194,5,5,5,5
3,H300,4,TW,16,191,181,190,9,9,9,9
3,H300,4,TW,17,195,189,194,5,5,5,5
3,H300,4,TW,18,192,183,191,8,8,8,8
3,H300,4,TW,19,191,181,190,9,9,9,9
3,H300,4,TW,20,196,191,195,4,4,4,4
3,H300,4,TW,21,195,189,194,5,5,5,5
3,H300,4,TW,22,192,183,191,8,8,8,8
3,H300,4,TW,23,193,186,192,6,7,7,6
3,H300,4,TW,24,192,183,191,8,8,8,8
3,H300,4,TW,25,189,177,188,11,11,11,11
3,H300,4,TW,26,195,189,194,5,5,5,5
3,H300,4,TW,27,194,187,193,6,6,6,6
3,H300,4,TW,28,191,181,190,9,9,9,9
3,H300,4,TW,29,197,193,196,3,3,3,3
3,H300,4,TW,30,196,191,195,4,4,4,4
3,H300,4,TW,31,193,186,192,6,7,7,6
3,H300,4,TW,32,189,177,188,11,11,11,11
3,H300,4,TW,33,194,187,193,6,6,6,6
3,H300,4,TW,34,192,183,191,8,8,8,8
3,H300,4,TW,35,192,183,191,8,8,8,8
3,H300,4,TW,36,192,184,192,7,7,8,8
3,H300,4,TW,37,195,189,194,5,5,5,5
3,H300,4,TW,38,192,183,191,8,8,8,8
3,H300,4,TW,39,189,177,188,11,11,11,11
3,H300,4,TW,40,196,191,195,4,4,4,4
3,H300,4,TW,41,198,195,197,2,2,2,2
3,H300,4,TW,42,190,179,189,10,10,10,10
3,H300,4,TW,43,192,184,191,7,8,8,7
3,H300,4,TW,44,190,180,189,9,10,10,9
3,H300,4,TW,45,195,189,194,5,5,5,5
3,H300,4,TW,46,187,174,186,12,13,13,12
3,H300,4,TW,47,194,187,193,6,6,6,6
3,H300,4,TW,48,192,183,191,8,8,8,8
3,H300,4,TW,49,189,178,188,10,11,11,10
3,H300,4,TW,50,189,177,188,11,11,11,11
3,H300,4,TW,51,193,185,192,7,7,7,7
3,H300,4,TW,52,194,188,193,5,6,6,5
3,H300,4,TW,53,194,188,193,5,6,6,5
3,H300,4,TW,54,194,187,193,6,6,6,6
3,H300,4,TW,55,195,190,194,4,5,5,4
3,H300,4,TW,56,196,191,195,4,4,4,4
3,H300,4,TW,57,192,183,191,8,8,8,8
3,H300,4,TW,58,192,183,191,8,8,8,8
3,H300,4,TW,59,189,178,188,10,11,11,10
3,H300,4,TW,60,196,192,195,3,4,4,3
3,H300,4,TW,61,192,184,191,7,8,8,7
3,H300,4,TW,62,192,184,191,8,8,8,8
3,H300,4,TW,63,191,181,190,9,9,9,9
3,H300,4,TW,64,194,187,193,6,6,6,6
3,H300,4,TW,65,192,185,191,7,8,8,7
3,H300,4,TW,66,191,181,190,9,9,9,9
3,H300,4,TW,67,190,180,189,9,10,10,9
3,H300,4,TW,68,194,187,193,6,6,6,6
3,H300,4,TW,69,191,181,190,9,9,9,9
3,H300,4,TW,70,189,177,188,11,11,11,11
3,H300,4,TW,71,191,182,191,8,8,9,9
3,H300,4,TW,72,190,179,189,10,10,10,10
3,H300,4,TW,73,189,177,188,11,11,11,11
3,H300,4,TW,74,193,186,192,6,7,7,6
3,H300,4,TW,75,190,179,189,10,10,10,10
3,H300,4,TW,76,196,191,195,4,4,4,4
3,H300,4,TW,77,194,187,193,6,6,6,6
3,H300,4,TW,78,197,193,196,3,3,3,3
3,H300,4,TW,79,186,172,185,13,14,14,13
3,H300,4,TW,80,194,188,193,5,6,6,5
3,H300,4,TW,81,193,185,192,7,7,7,7
3,H300,4,TW,82,193,185,192,7,7,7,7
3,H300,4,TW,83,195,190,194,4,5,5,4
3,H300,4,TW,84,193,185,192,7,7,7,7
3,H300,4,TW,85,192,184,192,7,7,8,8
3,H300,4,TW,86,195,189,194,5,5,5,5
3,H300,4,TW,87,195,189,194,5,5,5,5
3,H300,4,TW,88,192,184,191,7,8,8,7
3,H300,4,TW,89,194,187,193,6,6,6,6
3,H300,4,TW,90,196,191,195,4,4,4,4
3,H300,4,TW,91,189,177,188,11,11,11,11
3,H300,4,TW,92,195,189,194,5,5,5,5
3,H300,4,TW,93,188,175,187,12,12,12,12
3,H300,4,TW,94,195,189,194,5,5,5,5
3,H300,4,TW,95,194,187,193,6,6,6,6
3,H300,4,TW,96,192,183,191,8,8,8,8
3,H300,4,TW,97,194,187,193,6,6,6,6
3,H300,4,TW,98,198,195,197,2,2,2,2
3,H300,4,TW,99,189,177,188,11,11,11,11
3,H300,4,TW,100,188,176,187,11,12,12,11
3,H300,4,TW,101,194,188,193,5,6,6,5
3,H300,4,TW,102,195,189,194,5,5,5,5
3,H300,4,TW,103,188,176,187,11,12,12,11
3,H300,4,TW,104,191,182,190,8,9,9,8
3,H300,4,TW,105,192,184,192,7,7,8,8
3,H300,4,TW,106,189,177,188,11,11,11,11
3,H300,4,TW,107,191,181,190,9,9,9,9
3,H300,4,TW,108,198,195,197,2,2,2,2
3,H300,4,TW,109,190,179,189,10,10,10,10
3,H300,4,TW,110,191,181,190,9,9,9,9
3,H300,4,TW,111,191,181,190,9,9,9,9
3,H300,4,TW,112,198,195,197,2,2,2,2
3,H300,4,TW,113,192,185,191,7,8,8,7
3,H300,4,TW,114,188,175,187,12,12,12,12
3,H300,4,TW,115,196,191,195,4,4,4,4
3,H300,4,TW,116,192,183,191,8,8,8,8
3,H300,4,TW,117,195,189,194,5,5,5,5
3,H300,4,TW,118,193,185,192,7,7,7,7
3,H300,4,TW,119,192,183,191,8,8,8,8
3,H300,4,TW,120,190,179,189,10,10,10,10
3,H300,4,TW,121,195,189,194,5,5,5,5
3,H300,4,TW,122,195,189,194,5,5,5,5
3,H300,4,TW,123,194,187,193,6,6,6,6
3,H300,4,TW,124,193,185,192,7,7,7,7
3,H300,4,TW,125,189,177,188,11,11,11,11
3,H300,4,TW,126,195,189,194,5,5,5,5
3,H300,4,TW,127,193,185,192,7,7,7,7
3,H300,4,TW,128,191,181,190,9,9,9,9
3,H300,4,TW,129,190,179,189,10,10,10,10
3,H300,4,TW,130,194,188,193,5,6,6,5
3,H300,4,TW,131,191,182,190,8,9,9,8
3,H300,4,TW,132,196,191,195,4,4,4,4
3,H300,4,TW,133,193,185,192,7,7,7,7
3,H300,4,TW,134,193,186,192,6,7,7,6
3,H300,4,TW,135,195,189,194,5,5,5,5
3,H300,4,TW,136,195,189,194,5,5,5,5
3,H300,4,TW,137,194,187,193,6,6,6,6
3,H300,4,TW,138,195,189,194,5,5,5,5
3,H300,4,TW,139,194,188,193,5,6,6,5
3,H300,4,TW,140,195,189,194,5,5,5,5
3,H300,4,TW,141,191,181,190,9,9,9,9
3,H300,4,TW,142,192,183,191,8,8,8,8
3,H300,4,TW,143,190,179,189,10,10,10,10
3,H300,4,TW,144,197,193,196,3,3,3,3
3,H300,4,TW,145,192,183,191,8,8,8,8
3,H300,4,TW,146,192,184,191,7,8,8,7
3,H300,4,TW,147,194,187,193,6,6,6,6
3,H300,4,TW,148,192,183,191,8,8,8,8
3,H300,4,TW,149,195,189,194,5,5,5,5
3,H300,4,TW,150,195,190,194,5,5,5,5
3,H300,4,TW,151,193,186,192,6,7,7,6
3,H300,4,TW,152,191,182,190,8,9,9,8
3,H300,4,TW,153,195,189,194,5,5,5,5
3,H300,4,TW,154,194,187,193,6,6,6,6
3,H300,4,TW,155,194,187,193,6,6,6,6
3,H300,4,TW,156,191,181,190,9,9,9,9
3,H300,4,TW,157,196,192,195,3,4,4,3
3,H300,4,TW,158,193,185,192,7,7,7,7
3,H300,4,TW,159,188,176,187,11,12,12,11
3,H300,4,TW,160,191,181,190,9,9,9,9
3,H300,4,TW,161,193,185,192,7,7,7,7
3,H300,4,TW,162,195,190,194,4,5,5,4
3,H300,4,TW,163,196,192,195,3,4,4,3
3,H300,4,TW,164,195,190,194,4,5,5,4
3,H300,4,TW,165,196,191,195,4,4,4,4
3,H300,4,TW,166,194,187,193,6,6,6,6
3,H300,4,TW,167,195,189,194,5,5,5,5
3,H300,4,TW,168,192,183,191,8,8,8,8
3,H300,4,TW,169,194,187,193,6,6,6,6
3,H300,4,TW,170,198,195,197,2,2,2,2
3,H300,4,TW,171,193,185,192,7,7,7,7
3,H300,4,TW,172,193,186,192,6,7,7,6
3,H300,4,TW,173,190,179,189,10,10,10,10
3,H300,4,TW,174,187,173,186,13,13,13,13
3,H300,4,TW,175,192,183,191,8,8,8,8
3,H300,4,TW,176,195,189,194,5,5,5,5
3,H300,4,TW,177,195,189,194,5,5,5,5
3,H300,4,TW,178,193,185,192,7,7,7,7
3,H300,4,TW,179,192,184,191,7,8,8,7
3,H300,4,TW,180,193,185,192,7,7,7,7
3,H300,4,TW,181,192,184,191,7,8,8,7
3,H300,4,TW,182,188,176,188,11,11,12,12
3,H300,4,TW,183,194,188,193,5,6,6,5
3,H300,4,TW,184,194,188,193,5,6,6,5
3,H300,4,TW,185,193,185,192,7,7,7,7
3,H300,4,TW,186,194,187,193,6,6,6,6
3,H300,4,TW,187,192,184,191,7,8,8,7
3,H300,4,TW,188,190,181,189,9,10,10,9
3,H300,4,TW,189,193,186,192,6,7,7,6
3,H300,4,TW,190,199,197,198,1,1,1,1
3,H300,4,TW,191,191,181,190,9,9,9,9
3,H300,4,TW,192,194,187,193,6,6,6,6
3,H300,4,TW,193,195,189,194,5,5,5,5
3,H300,4,TW,194,189,177,188,11,11,11,11
3,H300,4,TW,195,190,179,189,10,10,10,10
3,H300,4,TW,196,193,185,192,7,7,7,7
3,H300,4,TW,197,187,174,186,12,13,13,12
3,H300,4,TW,198,196,191,195,4,4,4,4
3,H300,4,TW,199,199,197,198,1,1,1,1
3,H300,4,TW,200,195,189,194,5,5,5,5
4,H400,2,T,1,59,24,59,35,140,141,36
4,H400,2,T,2,41,22,40,19,159,159,19
4,H400,2,T,3,18,7,18,11,181,182,12
4,H400,2,T,4,40,19,39,21,160,160,21
4,H400,2,T,5,35,15,35,20,164,165,21
4,H400,2,T,6,48,24,48,24,151,152,25
4,H400,2,T,7,5,0,5,4,194,195,5
4,H400,2,T,8,78,35,77,43,122,122,43
4,H400,2,T,9,59,24,59,35,140,141,36
4,H400,2,T,10,36,11,36,24,163,164,25
4,H400,2,T,11,70,23,70,46,129,130,47
4,H400,2,T,12,58,32,58,26,141,142,27
4,H400,2,T,13,16,10,16,5,183,184,6
4,H400,2,T,14,39,17,39,21,160,161,22
4,H400,2,T,15,11,2,11,9,188,189,10
4,H400,2,T,16,55,19,55,36,144,145,37
4,H400,2,T,17,35,15,35,19,164,165,20
4,H400,2,T,18,50,21,49,29,150,150,29
4,H400,2,T,19,0,0,0,0,199,200,1
4,H400,2,T,20,41,17,41,24,158,159,25
4,H400,2,T,21,63,20,63,42,136,137,43
4,H400,2,T,22,65,25,64,40,135,135,40
4,H400,2,T,23,73,32,73,41,126,127,42
4,H400,2,T,24,31,7,31,24,168,169,25
4,H400,2,T,25,5,2,5,3,194,195,4
4,H400,2,T,26,53,22,52,31,147,147,31
4,H400,2,T,27,16,10,16,5,183,184,6
4,H400,2,T,28,42,18,42,24,157,158,25
4,H400,2,T,29,34,11,34,22,165,166,23
4,H400,2,T,30,38,13,38,24,161,162,25
4,H400,2,T,31,27,10,27,16,172,173,17
4,H400,2,T,32,49,24,49,25,150,151,26
4,H400,2,T,33,9,3,9,6,190,191,7
4,H400,2,T,34,31,13,30,17,169,169,17
4,H400,2,T,35,75,27,74,48,125,125,48
4,H400,2,T,36,45,14,45,30,154,155,31
4,H400,2,T,37,77,33,77,43,122,123,44
4,H400,2,T,38,33,9,33,24,166,167,25
4,H400,2,T,39,5,0,5,4,194,195,5
4,H400,2,T,40,4,2,4,2,195,196,3
4,H400,2,T,41,34,16,34,17,165,166,18
4,H400,2,T,42,77,32,76,45,123,123,45
4,H400,2,T,43,44,16,43,27,156,156,27
4,H400,2,T,44,13,6,13,7,186,187,8
4,H400,2,T,45,16,6,16,10,183,184,11
4,H400,2,T,46,32,14,32,17,167,168,18
4,H400,2,T,47,9,6,9,2,190,191,3
4,H400,2,T,48,47,23,47,23,152,153,24
4,H400,2,T,49,14,6,14,8,185,186,9
4,H400,2,T,50,67,28,67,39,132,133,40
4,H400,2,T,51,5,2,5,2,194,195,3
4,H400,2,T,52,10,3,10,6,189,190,7
4,H400,2,T,53,14,6,14,8,185,186,9
4,H400,2,T,54,45,13,45,32,154,155,33
4,H400,2,T,55,49,24,49,24,150,151,25
4,H400,2,T,56,35,12,35,22,164,165,23
4,H400,2,T,57,33,11,33,22,166,167,23
4,H400,2,T,58,19,10,19,8,180,181,9
4,H400,2,T,59,56,24,56,31,143,144,32
4,H400,2,T,60,13,3,13,10,186,187,11
4,H400,2,T,61,12,4,12,7,187,188,8
4,H400,2,T,62,22,12,22,9,177,178,10
4,H400,2,T,63,54,24,54,30,145,146,31
4,H400,2,T,64,7,4,7,2,192,193,3
4,H400,2,T,65,43,15,43,28,156,157,29
4,H400,2,T,66,67,29,67,38,132,133,39
4,H400,2,T,67,30,17,30,12,169,170,13
4,H400,2,T,68,83,37,83,45,116,117,46
4,H400,2,T,69,6,3,6,2,193,194,3
4,H400,2,T,70,37,21,37,15,162,163,16
4,H400,2,T,71,11,4,11,7,188,189,8
4,H400,2,T,72,11,5,11,6,188,189,7
4,H400,2,T,73,50,21,50,28,149,150,29
4,H400,2,T,74,9,2,9,7,190,191,8
4,H400,2,T,75,39,18,38,21,161,161,21
4,H400,2,T,76,1,0,1,1,198,199,2
4,H400,2,T,77,32,13,31,19,168,168,19
4,H400,2,T,78,37,15,36,21,163,163,21
4,H400,2,T,79,45,18,45,26,154,155,27
4,H400,2,T,80,53,23,53,29,146,147,30
4,H400,2,T,81,76,40,76,36,123,124,37
4,H400,2,T,82,57,23,57,34,142,143,35
4,H400,2,T,83,46,13,46,33,153,154,34
4,H400,2,T,84,27,7,26,19,173,173,19
4,H400,2,T,85,51,25,50,25,149,149,25
4,H400,2,T,86,6,2,6,3,193,194,4
4,H400,2,T,87,49,15,49,33,150,151,34
4,H400,2,T,88,14,2,14,11,185,186,12
4,H400,2,T,89,12,4,11,8,188,188,8
4,H400,2,T,90,61,22,61,39,138,139,40
4,H400,2,T,91,85,42,85,42,114,115,43
4,H400,2,T,92,82,39,81,43,118,118,43
4,H400,2,T,93,9,4,9,5,190,191,6
4,H400,2,T,94,46,15,46,30,153,154,31
4,H400,2,T,95,83,36,83,47,116,117,48
4,H400,2,T,96,23,10,23,12,176,177,13
4,H400,2,T,97,59,25,59,34,140,141,35
4,H400,2,T,98,15,7,15,7,184,185,8
4,H400,2,T,99,35,14,35,21,164,165,22
4,H400,2,T,100,6,0,6,6,193,194,7
4,H400,2,T,101,59,24,59,35,140,141,36
4,H400,2,T,102,32,20,32,12,167,168,13
4,H400,2,T,103,49,19,49,29,150,151,30
4,H400,2,T,104,66,43,66,22,133,134,23
4,H400,2,T,105,42,21,42,21,157,158,22
4,H400,2,T,106,27,9,26,18,173,173,18
4,H400,2,T,107,24,8,24,16,175,176,17
4,H400,2,T,108,20,7,20,13,179,180,14
4,H400,2,T,109,46,16,46,30,153,154,31
4,H400,2,T,110,26,16,26,9,173,174,10
4,H400,2,T,111,50,24,50,26,149,150,27
4,H400,2,T,112,52,29,52,23,147,148,24
4,H400,2,T,113,70,31,69,38,130,130,38
4,H400,2,T,114,23,14,23,8,176,177,9
4,H400,2,T,115,81,35,81,46,118,119,47
4,H400,2,T,116,21,4,21,17,178,179,18
4,H400,2,T,117,4,1,4,2,195,196,3
4,H400,2,T,118,69,33,69,36,130,131,37
4,H400,2,T,119,38,22,38,16,161,162,17
4,H400,2,T,120,52,24,52,28,147,148,29
4,H400,2,T,121,58,27,58,31,141,142,32
4,H400,2,T,122,36,17,36,18,163,164,19
4,H400,2,T,123,48,16,48,31,151,152,32
4,H400,2,T,124,74,33,74,40,125,126,41
4,H400,2,T,125,81,41,80,40,119,119,40
4,H400,2,T,126,41,18,41,22,158,159,23
4,H400,2,T,127,63,24,63,39,136,137,40
4,H400,2,T,128,42,17,42,25,157,158,26
4,H400,2,T,129,61,29,60,31,139,139,31
4,H400,2,T,130,45,17,45,28,154,155,29
4,H400,2,T,131,65,22,65,43,134,135,44
4,H400,2,T,132,58,15,58,42,141,142,43
4,H400,2,T,133,88,44,88,44,111,112,45
4,H400,2,T,134,12,4,12,8,187,188,9
4,H400,2,T,135,44,18,44,25,155,156,26
4,H400,2,T,136,47,18,47,29,152,153,30
4,H400,2,T,137,65,24,65,40,134,135,41
4,H400,2,T,138,37,17,37,19,162,163,20
4,H400,2,T,139,58,27,58,31,141,142,32
4,H400,2,T,140,16,5,16,11,183,184,12
4,H400,2,T,141,52,22,51,30,148,148,30
4,H400,2,T,142,56,32,56,24,143,144,25
4,H400,2,T,143,30,13,30,16,169,170,17
4,H400,2,T,144,57,27,56,29,143,143,29
4,H400,2,T,145,43,22,43,21,156,157,22
4,H400,2,T,146,0,0,0,0,199,200,1
4,H400,2,T,147,59,23,59,36,140,141,37
4,H400,2,T,148,48,20,48,28,151,152,29
4,H400,2,T,149,52,25,52,27,147,148,28
4,H400,2,T,150,45,18,45,27,154,155,28
4,H400,2,T,151,33,15,32,18,167,167,18
4,H400,2,T,152,53,19,53,33,146,147,34
4,H400,2,T,153,20,8,20,11,179,180,12
4,H400,2,T,154,13,2,13,10,186,187,11
4,H400,2,T,155,36,13,36,22,163,164,23
4,H400,2,T,156,40,15,40,24,159,160,25
4,H400,2,T,157,61,26,61,34,138,139,35
4,H400,2,T,158,44,18,44,25,155,156,26
4,H400,2,T,159,12,3,12,8,187,188,9
4,H400,2,T,160,7,3,7,3,192,193,4
4,H400,2,T,161,74,33,74,41,125,126,42
4,H400,2,T,162,44,26,44,17,155,156,18
4,H400,2,T,163,24,12,24,12,175,176,13
4,H400,2,T,164,56,23,56,32,143,144,33
4,H400,2,T,165,64,34,63,29,136,136,29
4,H400,2,T,166,57,19,57,38,142,143,39
4,H400,2,T,167,69,32,69,37,130,131,38
4,H400,2,T,168,33,15,33,18,166,167,19
4,H400,2,T,169,34,15,33,19,166,166,19
4,H400,2,T,170,34,15,34,18,165,166,19
4,H400,2,T,171,34,12,34,22,165,166,23
4,H400,2,T,172,21,12,21,9,178,179,10
4,H400,2,T,173,32,14,32,17,167,168,18
4,H400,2,T,174,54,23,54,31,145,146,32
4,H400,2,T,175,55,22,55,32,144,145,33
4,H400,2,T,176,48,17,47,31,152,152,31
4,H400,2,T,177,3,0,3,3,196,197,4
4,H400,2,T,178,44,21,44,22,155,156,23
4,H400,2,T,179,84,41,84,43,115,116,44
4,H400,2,T,180,21,7,21,14,178,179,15
4,H400,2,T,181,31,13,31,18,168,169,19
4,H400,2,T,182,3,2,3,0,196,197,1
4,H400,2,T,183,61,23,60,38,139,139,38
4,H400,2,T,184,14,2,14,12,185,186,13
4,H400,2,T,185,78,39,77,39,122,122,39
4,H400,2,T,186,39,17,39,21,160,161,22
4,H400,2,T,187,74,32,74,42,125,126,43
4,H400,2,T,188,30,17,30,13,169,170,14
4,H400,2,T,189,62,23,62,38,137,138,39
4,H400,2,T,190,15,4,15,11,184,185,12
4,H400,2,T,191,56,22,55,34,144,144,34
4,H400,2,T,192,56,24,56,31,143,144,32
4,H400,2,T,193,35,16,35,18,164,165,19
4,H400,2,T,194,21,9,21,12,178,179,13
4,H400,2,T,195,32,12,32,20,167,168,21
4,H400,2,T,196,54,18,54,36,145,146,37
4,H400,2,T,197,39,9,38,29,161,161,29
4,H400,2,T,198,53,22,52,31,147,147,31
4,H400,2,T,199,34,15,34,18,165,166,19
4,H400,2,T,200,55,21,55,33,144,145,34
4,H400,4,TW,1,194,188,193,5,6,6,5
4,H400,4,TW,2,191,181,190,9,9,9,9
4,H400,4,TW,3,188,176,188,11,11,12,12
4,H400,4,TW,4,195,189,194,5,5,5,5
4,H400,4,TW,5,191,181,190,9,9,9,9
4,H400,4,TW,6,193,185,192,7,7,7,7
4,H400,4,TW,7,193,185,192,7,7,7,7
4,H400,4,TW,8,193,185,192,7,7,7,7
4,H400,4,TW,9,194,187,193,6,6,6,6
4,H400,4,TW,10,186,171,185,14,14,14,14
4,H400,4,TW,11,190,179,189,10,10,10,10
4,H400,4,TW,12,192,183,191,8,8,8,8
4,H400,4,TW,13,193,186,192,6,7,7,6
4,H400,4,TW,14,193,186,192,6,7,7,6
4,H400,4,TW,15,191,181,190,9,9,9,9
4,H400,4,TW,16,196,191,195,4,4,4,4
4,H400,4,TW,17,193,185,192,7,7,7,7
4,H400,4,TW,18,196,192,195,3,4,4,3
4,H400,4,TW,19,196,191,195,4,4,4,4
4,H400,4,TW,20,192,183,191,8,8,8,8
4,H400,4,TW,21,192,183,191,8,8,8,8
4,H400,4,TW,22,194,187,193,6,6,6,6
4,H400,4,TW,23,198,195,197,2,2,2,2
4,H400,4,TW,24,193,185,192,7,7,7,7
4,H400,4,TW,25,197,193,196,3,3,3,3
4,H400,4,TW,26,191,181,190,9,9,9,9
4,H400,4,TW,27,196,191,195,4,4,4,4
4,H400,4,TW,28,189,178,188,10,11,11,10
4,H400,4,TW,29,190,179,189,10,10,10,10
4,H400,4,TW,30,192,183,191,8,8,8,8
4,H400,4,TW,31,191,182,190,8,9,9,8
4,H400,4,TW,32,189,177,188,11,11,11,11
4,H400,4,TW,33,196,191,195,4,4,4,4
4,H400,4,TW,34,193,185,192,7,7,7,7
4,H400,4,TW,35,191,182,190,8,9,9,8
4,H400,4,TW,36,191,182,190,8,9,9,8
4,H400,4,TW,37,192,183,191,8,8,8,8
4,H400,4,TW,38,187,173,186,13,13,13,13
4,H400,4,TW,39,195,189,194,5,5,5,5
4,H400,4,TW,40,198,195,197,2,2,2,2
4,H400,4,TW,41,192,184,191,8,8,8,8
4,H400,4,TW,42,196,191,195,4,4,4,4
4,H400,4,TW,43,192,183,191,8,8,8,8
4,H400,4,TW,44,191,182,190,8,9,9,8
4,H400,4,TW,45,193,185,192,7,7,7,7
4,H400,4,TW,46,190,179,189,10,10,10,10
4,H400,4,TW,47,188,175,187,12,12,12,12
4,H400,4,TW,48,188,175,187,12,12,12,12
4,H400,4,TW,49,191,182,190,8,9,9,8
4,H400,4,TW,50,186,171,185,14,14,14,14
4,H400,4,TW,51,195,190,194,4,5,5,4
4,H400,4,TW,52,192,184,191,7,8,8,7
4,H400,4,TW,53,197,193,196,3,3,3,3
4,H400,4,TW,54,191,181,190,9,9,9,9
4,H400,4,TW,55,193,186,192,6,7,7,6
4,H400,4,TW,56,195,190,194,4,5,5,4
4,H400,4,TW,57,195,189,194,5,5,5,5
4,H400,4,TW,58,194,187,193,6,6,6,6
4,H400,4,TW,59,195,189,194,5,5,5,5
4,H400,4,TW,60,192,183,191,8,8,8,8
4,H400,4,TW,61,196,191,195,4,4,4,4
4,H400,4,TW,62,187,173,186,13,13,13,13
4,H400,4,TW,63,195,189,194,5,5,5,5
4,H400,4,TW,64,195,189,194,5,5,5,5
4,H400,4,TW,65,190,180,190,9,9,10,10
4,H400,4,TW,66,193,185,192,7,7,7,7
4,H400,4,TW,67,191,181,190,9,9,9,9
4,H400,4,TW,68,188,175,187,12,12,12,12
4,H400,4,TW,69,191,181,190,9,9,9,9
4,H400,4,TW,70,193,186,192,6,7,7,6
4,H400,4,TW,71,189,177,188,11,11,11,11
4,H400,4,TW,72,195,189,194,5,5,5,5
4,H400,4,TW,73,194,187,193,6,6,6,6
4,H400,4,TW,74,186,172,185,13,14,14,13
4,H400,4,TW,75,193,185,192,7,7,7,7
4,H400,4,TW,76,190,179,189,10,10,10,10
4,H400,4,TW,77,193,185,192,7,7,7,7
4,H400,4,TW,78,188,175,187,12,12,12,12
4,H400,4,TW,79,195,189,194,5,5,5,5
4,H400,4,TW,80,195,189,194,5,5,5,5
4,H400,4,TW,81,197,193,196,3,3,3,3
4,H400,4,TW,82,189,178,188,10,11,11,10
4,H400,4,TW,83,189,178,188,10,11,11,10
4,H400,4,TW,84,188,175,187,12,12,12,12
4,H400,4,TW,85,193,185,192,7,7,7,7
4,H400,4,TW,86,197,193,196,3,3,3,3
4,H400,4,TW,87,192,184,191,7,8,8,7
4,H400,4,TW,88,191,181,190,9,9,9,9
4,H400,4,TW,89,191,181,190,9,9,9,9
4,H400,4,TW,90,196,191,195,4,4,4,4
4,H400,4,TW,91,196,191,195,4,4,4,4
4,H400,4,TW,92,190,179,189,10,10,10,10
4,H400,4,TW,93,194,187,193,6,6,6,6
4,H400,4,TW,94,192,183,191,8,8,8,8
4,H400,4,TW,95,194,187,193,6,6,6,6
4,H400,4,TW,96,190,180,189,9,10,10,9
4,H400,4,TW,97,193,185,192,7,7,7,7
4,H400,4,TW,98,193,185,192,7,7,7,7
4,H400,4,TW,99,194,188,193,5,6,6,5
4,H400,4,TW,100,192,184,191,7,8,8,7
4,H400,4,TW,101,189,178,188,10,11,11,10
4,H400,4,TW,102,194,187,193,6,6,6,6
4,H400,4,TW,103,189,177,188,11,11,11,11
4,H400,4,TW,104,189,177,188,11,11,11,11
4,H400,4,TW,105,193,185,192,7,7,7,7
4,H400,4,TW,106,196,191,195,4,4,4,4
4,H400,4,TW,107,197,194,196,2,3,3,2
4,H400,4,TW,108,194,187,193,6,6,6,6
4,H400,4,TW,109,187,174,187,12,12,13,13
4,H400,4,TW,110,191,181,190,9,9,9,9
4,H400,4,TW,111,195,189,194,5,5,5,5
4,H400,4,TW,112,191,182,190,8,9,9,8
4,H400,4,TW,113,188,175,187,12,12,12,12
4,H400,4,TW,114,188,175,187,12,12,12,12
4,H400,4,TW,115,193,186,192,6,7,7,6
4,H400,4,TW,116,191,181,190,9,9,9,9
4,H400,4,TW,117,190,179,189,10,10,10,10
4,H400,4,TW,118,192,183,191,8,8,8,8
4,H400,4,TW,119,193,185,192,7,7,7,7
4,H400,4,TW,120,189,177,188,11,11,11,11
4,H400,4,TW,121,189,178,189,10,10,11,11
4,H400,4,TW,122,197,193,196,3,3,3,3
4,H400,4,TW,123,194,187,193,6,6,6,6
4,H400,4,TW,124,188,175,187,12,12,12,12
4,H400,4,TW,125,194,188,193,5,6,6,5
4,H400,4,TW,126,197,193,196,3,3,3,3
4,H400,4,TW,127,187,173,186,13,13,13,13
4,H400,4,TW,128,193,185,192,7,7,7,7
4,H400,4,TW,129,191,182,190,9,9,9,9
4,H400,4,TW,130,192,183,191,8,8,8,8
4,H400,4,TW,131,192,183,191,8,8,8,8
4,H400,4,TW,132,193,185,192,7,7,7,7
4,H400,4,TW,133,190,179,189,10,10,10,10
4,H400,4,TW,134,192,183,191,8,8,8,8
4,H400,4,TW,135,190,179,189,10,10,10,10
4,H400,4,TW,136,195,189,194,5,5,5,5
4,H400,4,TW,137,194,188,193,5,6,6,5
4,H400,4,TW,138,192,183,191,8,8,8,8
4,H400,4,TW,139,189,177,188,11,11,11,11
4,H400,4,TW,140,196,191,195,4,4,4,4
4,H400,4,TW,141,193,186,192,6,7,7,6
4,H400,4,TW,142,196,191,195,4,4,4,4
4,H400,4,TW,143,191,181,190,9,9,9,9
4,H400,4,TW,144,196,191,195,4,4,4,4
4,H400,4,TW,145,197,193,196,3,3,3,3
4,H400,4,TW,146,189,178,189,10,10,11,11
4,H400,4,TW,147,194,187,193,6,6,6,6
4,H400,4,TW,148,192,183,191,8,8,8,8
4,H400,4,TW,149,194,187,193,6,6,6,6
4,H400,4,TW,150,189,178,188,10,11,11,10
4,H400,4,TW,151,192,183,191,8,8,8,8
4,H400,4,TW,152,190,180,189,9,10,10,9
4,H400,4,TW,153,192,184,191,7,8,8,7
4,H400,4,TW,154,195,189,194,5,5,5,5
4,H400,4,TW,155,193,185,192,7,7,7,7
4,H400,4,TW,156,196,191,195,4,4,4,4
4,H400,4,TW,157,193,185,192,7,7,7,7
4,H400,4,TW,158,191,181,190,9,9,9,9
4,H400,4,TW,159,191,182,190,8,9,9,8
4,H400,4,TW,160,192,183,191,8,8,8,8
4,H400,4,TW,161,194,187,193,6,6,6,6
4,H400,4,TW,162,191,182,190,8,9,9,8
4,H400,4,TW,163,192,183,191,8,8,8,8
4,H400,4,TW,164,191,181,190,9,9,9,9
4,H400,4,TW,165,193,185,192,7,7,7,7
4,H400,4,TW,166,192,183,191,8,8,8,8
4,H400,4,TW,167,196,191,195,4,4,4,4
4,H400,4,TW,168,191,182,190,8,9,9,8
4,H400,4,TW,169,193,185,192,7,7,7,7
4,H400,4,TW,170,191,182,190,8,9,9,8
4,H400,4,TW,171,195,189,194,5,5,5,5
4,H400,4,TW,172,194,187,193,6,6,6,6
4,H400,4,TW,173,193,185,192,7,7,7,7
4,H400,4,TW,174,190,180,190,9,9,10,10
4,H400,4,TW,175,191,181,190,9,9,9,9
4,H400,4,TW,176,194,188,193,5,6,6,5
4,H400,4,TW,177,190,179,189,10,10,10,10
4,H400,4,TW,178,191,182,190,8,9,9,8
4,H400,4,TW,179,193,186,192,6,7,7,6
4,H400,4,TW,180,193,185,192,7,7,7,7
4,H400,4,TW,181,192,183,191,8,8,8,8
4,H400,4,TW,182,190,180,189,9,10,10,9
4,H400,4,TW,183,193,185,192,7,7,7,7
4,H400,4,TW,184,192,183,191,8,8,8,8
4,H400,4,TW,185,194,188,193,5,6,6,5
4,H400,4,TW,186,194,188,193,5,6,6,5
4,H400,4,TW,187,194,187,193,6,6,6,6
4,H400,4,TW,188,190,179,189,10,10,10,10
4,H400,4,TW,189,192,184,191,7,8,8,7
4,H400,4,TW,190,196,191,195,4,4,4,4
4,H400,4,TW,191,188,177,187,11,12,12,11
4,H400,4,TW,192,194,187,193,6,6,6,6
4,H400,4,TW,193,189,177,188,11,11,11,11
4,H400,4,TW,194,192,183,191,8,8,8,8
4,H400,4,TW,195,193,185,192,7,7,7,7
4,H400,4,TW,196,190,179,189,10,10,10,10
4,H400,4,TW,197,196,191,195,4,4,4,4
4,H400,4,TW,198,196,191,195,4,4,4,4
4,H400,4,TW,199,194,187,193,6,6,6,6
4,H400,4,TW,200,190,180,189,9,10,10,9
5,H500,2,T,1,49,14,49,34,150,151,35
5,H500,2,T,2,67,21,66,45,133,133,45
5,H500,2,T,3,7,4,7,3,192,193,4
5,H500,2,T,4,26,8,26,17,173,174,18
5,H500,2,T,5,42,16,42,25,157,158,26
5,H500,2,T,6,29,8,29,21,170,171,22
5,H500,2,T,7,10,5,10,5,189,190,6
5,H500,2,T,8,56,22,56,33,143,144,34
5,H500,2,T,9,36,14,36,22,163,164,23
5,H500,2,T,10,48,11,48,36,151,152,37
5,H500,2,T,11,38,14,38,24,161,162,25
5,H500,2,T,12,32,13,32,19,167,168,20
5,H500,2,T,13,32,11,32,21,167,168,22
5,H500,2,T,14,42,18,42,23,157,158,24
5,H500,2,T,15,12,3,12,8,187,188,9
5,H500,2,T,16,55,26,55,28,144,145,29
5,H500,2,T,17,44,14,44,30,155,156,31
5,H500,2,T,18,40,20,40,20,159,160,21
5,H500,2,T,19,47,21,47,25,152,153,26
5,H500,2,T,20,59,23,59,36,140,141,37
5,H500,2,T,21,56,21,56,35,143,144,36
5,H500,2,T,22,19,6,19,13,180,181,14
5,H500,2,T,23,1,0,1,1,198,199,2
5,H500,2,T,24,55,21,55,33,144,145,34
5,H500,2,T,25,5,2,5,3,194,195,4
5,H500,2,T,26,34,14,34,20,165,166,21
5,H500,2,T,27,54,17,54,36,145,146,37
5,H500,2,T,28,18,8,18,10,181,182,11
5,H500,2,T,29,35,13,35,22,164,165,23
5,H500,2,T,30,68,20,68,48,131,132,49
5,H500,2,T,31,5,0,5,4,194,195,5
5,H500,2,T,32,42,17,42,25,157,158,26
5,H500,2,T,33,57,20,57,37,142,143,38
5,H500,2,T,34,40,13,40,26,159,160,27
5,H500,2,T,35,9,2,9,7,190,191,8
5,H500,2,T,36,32,13,32,19,167,168,20
5,H500,2,T,37,40,19,39,21,160,160,21
5,H500,2,T,38,17,6,17,11,182,183,12
5,H500,2,T,39,17,8,17,9,182,183,10
5,H500,2,T,40,27,11,27,15,172,173,16
5,H500,2,T,41,11,1,11,10,188,189,11
5,H500,2,T,42,41,17,41,24,158,159,25
5,H500,2,T,43,1,0,1,0,198,199,1
5,H500,2,T,44,59,23,59,36,140,141,37
5,H500,2,T,45,13,3,13,9,186,187,10
5,H500,2,T,46,38,11,38,27,161,162,28
5,H500,2,T,47,44,17,44,27,155,156,28
5,H500,2,T,48,18,8,18,10,181,182,11
5,H500,2,T,49,38,16,38,22,161,162,23
5,H500,2,T,50,55,21,55,34,144,145,35
5,H500,2,T,51,73,28,72,44,127,127,44
5,H500,2,T,52,57,22,57,35,142,143,36
5,H500,2,T,53,48,23,48,25,151,152,26
5,H500,2,T,54,37,12,37,25,162,163,26
5,H500,2,T,55,12,5,12,7,187,188,8
5,H500,2,T,56,47,19,47,28,152,153,29
5,H500,2,T,57,13,5,13,8,186,187,9
5,H500,2,T,58,64,26,64,38,135,136,39
5,H500,2,T,59,33,13,33,19,166,167,20
5,H500,2,T,60,23,10,23,12,176,177,13
5,H500,2,T,61,3,2,3,1,196,197,2
5,H500,2,T,62,22,11,22,11,177,178,12
5,H500,2,T,63,75,32,75,43,124,125,44
5,H500,2,T,64,50,20,49,30,150,150,30
5,H500,2,T,65,23,11,23,12,176,177,13
5,H500,2,T,66,63,22,62,40,137,137,40
5,H500,2,T,67,24,8,24,15,175,176,16
5,H500,2,T,68,52,20,52,31,147,148,32
5,H500,2,T,69,11,4,11,7,188,189,8
5,H500,2,T,70,43,18,43,24,156,157,25
5,H500,2,T,71,52,12,52,40,147,148,41
5,H500,2,T,72,51,29,51,21,148,149,22
5,H500,2,T,73,8,2,8,6,191,192,7
5,H500,2,T,74,25,7,25,17,174,175,18
5,H500,2,T,75,58,19,58,39,141,142,40
5,H500,2,T,76,51,17,51,34,148,149,35
5,H500,2,T,77,34,9,34,24,165,166,25
5,H500,2,T,78,38,9,38,29,161,162,30
5,H500,2,T,79,43,13,43,30,156,157,31
5,H500,2,T,80,42,14,42,28,157,158,29
5,H500,2,T,81,9,3,9,5,190,191,6
5,H500,2,T,82,21,7,21,14,178,179,15
5,H500,2,T,83,21,8,21,13,178,179,14
5,H500,2,T,84,36,11,35,25,164,164,25
5,H500,2,T,85,62,28,62,34,137,138,35
5,H500,2,T,86,37,16,36,20,163,163,20
5,H500,2,T,87,49,17,49,32,150,151,33
5,H500,2,T,88,28,10,28,18,171,172,19
5,H500,2,T,89,12,1,12,11,187,188,12
5,H500,2,T,90,47,16,47,31,152,153,32
5,H500,2,T,91,4,1,4,3,195,196,4
5,H500,2,T,92,58,28,58,30,141,142,31
5,H500,2,T,93,54,19,54,35,145,146,36
5,H500,2,T,94,62,27,62,35,137,138,36
5,H500,2,T,95,28,15,28,13,171,172,14
5,H500,2,T,96,61,26,61,35,138,139,36
5,H500,2,T,97,66,25,66,40,133,134,41
5,H500,2,T,98,75,30,75,44,124,125,45
5,H500,2,T,99,3,0,3,2,196,197,3
5,H500,2,T,100,21,8,21,13,178,179,14
5,H500,2,T,101,72,35,71,36,128,128,36
5,H500,2,T,102,12,3,12,9,187,188,10
5,H500,2,T,103,53,17,53,35,146,147,36
5,H500,2,T,104,17,3,17,14,182,183,15
5,H500,2,T,105,57,19,57,38,142,143,39
5,H500,2,T,106,45,17,45,28,154,155,29
5,H500,2,T,107,34,12,34,21,165,166,22
5,H500,2,T,108,52,16,52,36,147,148,37
5,H500,2,T,109,23,9,22,13,177,177,13
5,H500,2,T,110,28,12,28,16,171,172,17
5,H500,2,T,111,48,21,48,27,151,152,28
5,H500,2,T,112,23,6,23,17,176,177,18
5,H500,2,T,113,30,11,30,19,169,170,20
5,H500,2,T,114,12,3,12,9,187,188,10
5,H500,2,T,115,42,17,42,25,157,158,26
5,H500,2,T,116,13,3,13,10,186,187,11
5,H500,2,T,117,52,17,52,35,147,148,36
5,H500,2,T,118,41,13,41,28,158,159,29
5,H500,2,T,119,37,13,37,23,162,163,24
5,H500,2,T,120,7,3,7,3,192,193,4
5,H500,2,T,121,14,4,14,10,185,186,11
5,H500,2,T,122,44,11,43,33,156,156,33
5,H500,2,T,123,5,2,5,3,194,195,4
5,H500,2,T,124,38,12,38,26,161,162,27
5,H500,2,T,125,15,6,15,8,184,185,9
5,H500,2,T,126,3,0,3,2,196,197,3
5,H500,2,T,127,4,2,4,1,195,196,2
5,H500,2,T,128,36,11,35,25,164,164,25
5,H500,2,T,129,16,7,15,9,184,184,9
5,H500,2,T,130,29,12,29,17,170,171,18
5,H500,2,T,131,24,5,24,19,175,176,20
5,H500,2,T,132,13,4,13,9,186,187,10
5,H500,2,T,133,46,20,45,26,154,154,26
5,H500,2,T,134,34,10,34,24,165,166,25
5,H500,2,T,135,31,9,31,22,168,169,23
5,H500,2,T,136,23,6,23,17,176,177,18
5,H500,2,T,137,72,31,72,40,127,128,41
5,H500,2,T,138,12,4,11,8,188,188,8
5,H500,2,T,139,82,32,81,50,118,118,50
5,H500,2,T,140,27,5,27,22,172,173,23
5,H500,2,T,141,25,12,25,13,174,175,14
5,H500,2,T,142,60,30,60,30,139,140,31
5,H500,2,T,143,12,7,12,5,187,188,6
5,H500,2,T,144,0,0,0,0,199,200,1
5,H500,2,T,145,54,23,53,30,146,146,30
5,H500,2,T,146,35,8,35,26,164,165,27
5,H500,2,T,147,46,18,46,28,153,154,29
5,H500,2,T,148,23,8,23,15,176,177,16
5,H500,2,T,149,28,11,28,17,171,172,18
5,H500,2,T,150,31,12,31,18,168,169,19
5,H500,2,T,151,28,10,28,18,171,172,19
5,H500,2,T,152,54,20,54,34,145,146,35
5,H500,2,T,153,37,16,37,21,162,163,22
5,H500,2,T,154,43,17,43,26,156,157,27
5,H500,2,T,155,27,11,27,15,172,173,16
5,H500,2,T,156,21,7,21,14,178,179,15
5,H500,2,T,157,51,21,51,29,148,149,30
5,H500,2,T,158,11,3,11,8,188,189,9
5,H500,2,T,159,66,29,66,36,133,134,37
5,H500,2,T,160,66,27,66,38,133,134,39
5,H500,2,T,161,66,23,66,43,133,134,44
5,H500,2,T,162,42,14,42,28,157,158,29
5,H500,2,T,163,37,12,37,24,162,163,25
5,H500,2,T,164,20,7,20,13,179,180,14
5,H500,2,T,165,26,5,26,21,173,174,22
5,H500,2,T,166,52,20,52,31,147,148,32
5,H500,2,T,167,51,18,51,33,148,149,34
5,H500,2,T,168,47,15,47,32,152,153,33
5,H500,2,T,169,46,21,46,25,153,154,26
5,H500,2,T,170,2,0,2,1,197,198,2
5,H500,2,T,171,3,0,3,3,196,197,4
5,H500,2,T,172,62,25,62,37,137,138,38
5,H500,2,T,173,44,19,43,24,156,156,24
5,H500,2,T,174,51,23,51,27,148,149,28
5,H500,2,T,175,10,3,10,7,189,190,8
5,H500,2,T,176,17,5,17,11,182,183,12
5,H500,2,T,177,17,6,17,10,182,183,11
5,H500,2,T,178,67,23,67,43,132,133,44
5,H500,2,T,179,14,6,14,7,185,186,8
5,H500,2,T,180,30,10,30,19,169,170,20
5,H500,2,T,181,8,4,8,4,191,192,5
5,H500,2,T,182,43,20,43,22,156,157,23
5,H500,2,T,183,25,6,25,19,174,175,20
5,H500,2,T,184,17,6,17,11,182,183,12
5,H500,2,T,185,8,2,8,5,191,192,6
5,H500,2,T,186,39,14,39,25,160,161,26
5,H500,2,T,187,21,6,21,15,178,179,16
5,H500,2,T,188,53,21,53,31,146,147,32
5,H500,2,T,189,50,18,50,31,149,150,32
5,H500,2,T,190,22,8,22,14,177,178,15
5,H500,2,T,191,11,3,11,8,188,189,9
5,H500,2,T,192,43,15,43,27,156,157,28
5,H500,2,T,193,68,32,67,36,132,132,36
5,H500,2,T,194,61,20,61,41,138,139,42
5,H500,2,T,195,18,2,18,16,181,182,17
5,H500,2,T,196,80,33,80,47,119,120,48
5,H500,2,T,197,72,35,72,37,127,128,38
5,H500,2,T,198,47,19,47,27,152,153,28
5,H500,2,T,199,47,16,47,30,152,153,31
5,H500,2,T,200,68,24,68,43,131,132,44
5,H500,4,TW,1,192,183,191,8,8,8,8
5,H500,4,TW,2,194,188,193,5,6,6,5
5,H500,4,TW,3,184,168,183,15,16,16,15
5,H500,4,TW,4,191,182,190,8,9,9,8
5,H500,4,TW,5,192,183,191,8,8,8,8
5,H500,4,TW,6,188,175,187,12,12,12,12
5,H500,4,TW,7,191,182,191,8,8,9,9
5,H500,4,TW,8,191,181,190,9,9,9,9
5,H500,4,TW,9,189,178,188,11,11,11,11
5,H500,4,TW,10,194,187,193,6,6,6,6
5,H500,4,TW,11,191,182,190,8,9,9,8
5,H500,4,TW,12,195,189,194,5,5,5,5
5,H500,4,TW,13,194,187,193,6,6,6,6
5,H500,4,TW,14,194,187,193,6,6,6,6
5,H500,4,TW,15,193,186,192,7,7,7,7
5,H500,4,TW,16,192,183,191,8,8,8,8
5,H500,4,TW,17,190,179,189,10,10,10,10
5,H500,4,TW,18,194,187,193,6,6,6,6
5,H500,4,TW,19,190,181,189,9,10,10,9
5,H500,4,TW,20,196,191,195,4,4,4,4
5,H500,4,TW,21,193,186,192,6,7,7,6
5,H500,4,TW,22,195,189,194,5,5,5,5
5,H500,4,TW,23,191,181,190,9,9,9,9
5,H500,4,TW,24,187,173,186,13,13,13,13
5,H500,4,TW,25,191,182,190,8,9,9,8
5,H500,4,TW,26,191,182,190,9,9,9,9
5,H500,4,TW,27,194,187,193,6,6,6,6
5,H500,4,TW,28,196,191,195,4,4,4,4
5,H500,4,TW,29,190,180,189,9,10,10,9
5,H500,4,TW,30,188,176,187,11,12,12,11
5,H500,4,TW,31,193,185,192,7,7,7,7
5,H500,4,TW,32,191,181,190,9,9,9,9
5,H500,4,TW,33,188,176,187,11,12,12,11
5,H500,4,TW,34,190,180,189,9,10,10,9
5,H500,4,TW,35,192,186,191,5,8,8,5
5,H500,4,TW,36,193,185,192,7,7,7,7
5,H500,4,TW,37,189,177,188,11,11,11,11
5,H500,4,TW,38,187,174,186,12,13,13,12
5,H500,4,TW,39,195,189,194,5,5,5,5
5,H500,4,TW,40,194,187,193,6,6,6,6
5,H500,4,TW,41,194,187,193,6,6,6,6
5,H500,4,TW,42,193,185,192,7,7,7,7
5,H500,4,TW,43,189,178,189,10,10,11,11
5,H500,4,TW,44,190,180,190,9,9,10,10
5,H500,4,TW,45,192,185,191,7,8,8,7
5,H500,4,TW,46,193,185,192,7,7,7,7
5,H500,4,TW,47,190,180,189,10,10,10,10
5,H500,4,TW,48,188,175,187,12,12,12,12
5,H500,4,TW,49,192,184,191,7,8,8,7
5,H500,4,TW,50,188,176,187,11,12,12,11
5,H500,4,TW,51,193,185,192,7,7,7,7
5,H500,4,TW,52,190,179,189,10,10,10,10
5,H500,4,TW,53,193,186,192,6,7,7,6
5,H500,4,TW,54,194,187,193,6,6,6,6
5,H500,4,TW,55,192,183,191,8,8,8,8
5,H500,4,TW,56,192,183,191,8,8,8,8
5,H500,4,TW,57,189,178,189,10,10,11,11
5,H500,4,TW,58,192,183,191,8,8,8,8
5,H500,4,TW,59,197,193,196,3,3,3,3
5,H500,4,TW,60,193,185,192,7,7,7,7
5,H500,4,TW,61,194,188,193,5,6,6,5
5,H500,4,TW,62,190,180,189,9,10,10,9
5,H500,4,TW,63,191,181,190,9,9,9,9
5,H500,4,TW,64,188,176,187,11,12,12,11
5,H500,4,TW,65,189,177,188,11,11,11,11
5,H500,4,TW,66,194,187,193,6,6,6,6
5,H500,4,TW,67,193,185,192,7,7,7,7
5,H500,4,TW,68,195,189,194,5,5,5,5
5,H500,4,TW,69,193,186,192,6,7,7,6
5,H500,4,TW,70,193,186,192,6,7,7,6
5,H500,4,TW,71,189,177,188,11,11,11,11
5,H500,4,TW,72,192,183,191,8,8,8,8
5,H500,4,TW,73,192,184,191,7,8,8,7
5,H500,4,TW,74,189,177,188,11,11,11,11
5,H500,4,TW,75,190,179,189,10,10,10,10
5,H500,4,TW,76,187,174,187,12,12,13,13
5,H500,4,TW,77,192,184,191,7,8,8,7
5,H500,4,TW,78,190,180,189,9,10,10,9
5,H500,4,TW,79,189,178,189,10,10,11,11
5,H500,4,TW,80,196,191,195,4,4,4,4
5,H500,4,TW,81,196,191,195,4,4,4,4
5,H500,4,TW,82,188,175,187,12,12,12,12
5,H500,4,TW,83,191,181,190,9,9,9,9
5,H500,4,TW,84,194,187,193,6,6,6,6
5,H500,4,TW,85,192,183,191,8,8,8,8
5,H500,4,TW,86,195,189,194,5,5,5,5
5,H500,4,TW,87,194,187,193,6,6,6,6
5,H500,4,TW,88,192,183,191,8,8,8,8
5,H500,4,TW,89,192,184,191,7,8,8,7
5,H500,4,TW,90,189,177,188,11,11,11,11
5,H500,4,TW,91,190,179,189,10,10,10,10
5,H500,4,TW,92,189,177,188,11,11,11,11
5,H500,4,TW,93,192,183,191,8,8,8,8
5,H500,4,TW,94,193,185,192,7,7,7,7
5,H500,4,TW,95,193,185,192,7,7,7,7
5,H500,4,TW,96,191,181,190,9,9,9,9
5,H500,4,TW,97,189,177,188,11,11,11,11
5,H500,4,TW,98,190,179,189,10,10,10,10
5,H500,4,TW,99,193,185,192,7,7,7,7
5,H500,4,TW,100,190,181,189,9,10,10,9
5,H500,4,TW,101,190,180,189,9,10,10,9
5,H500,4,TW,102,195,189,194,5,5,5,5
5,H500,4,TW,103,194,187,193,6,6,6,6
5,H500,4,TW,104,192,183,191,8,8,8,8
5,H500,4,TW,105,195,189,194,5,5,5,5
5,H500,4,TW,106,185,170,184,14,15,15,14
5,H500,4,TW,107,195,190,194,4,5,5,4
5,H500,4,TW,108,196,191,195,4,4,4,4
5,H500,4,TW,109,186,172,185,13,14,14,13
5,H500,4,TW,110,191,182,190,8,9,9,8
5,H500,4,TW,111,196,191,195,4,4,4,4
5,H500,4,TW,112,190,179,189,10,10,10,10
5,H500,4,TW,113,190,179,189,10,10,10,10
5,H500,4,TW,114,195,189,194,5,5,5,5
5,H500,4,TW,115,196,191,195,4,4,4,4
5,H500,4,TW,116,186,172,185,13,14,14,13
5,H500,4,TW,117,190,180,189,10,10,10,10
5,H500,4,TW,118,195,190,194,4,5,5,4
5,H500,4,TW,119,196,191,195,4,4,4,4
5,H500,4,TW,120,194,187,193,6,6,6,6
5,H500,4,TW,121,191,181,190,9,9,9,9
5,H500,4,TW,122,193,185,192,7,7,7,7
5,H500,4,TW,123,198,195,197,2,2,2,2
5,H500,4,TW,124,192,184,191,7,8,8,7
5,H500,4,TW,125,194,187,193,6,6,6,6
5,H500,4,TW,126,190,179,189,10,10,10,10
5,H500,4,TW,127,194,187,193,6,6,6,6
5,H500,4,TW,128,195,189,194,5,5,5,5
5,H500,4,TW,129,193,186,192,6,7,7,6
5,H500,4,TW,130,194,187,193,6,6,6,6
5,H500,4,TW,131,187,173,186,13,13,13,13
5,H500,4,TW,132,190,181,189,9,10,10,9
5,H500,4,TW,133,192,184,191,7,8,8,7
5,H500,4,TW,134,193,186,192,6,7,7,6
5,H500,4,TW,135,191,181,190,9,9,9,9
5,H500,4,TW,136,193,185,192,7,7,7,7
5,H500,4,TW,137,191,181,190,9,9,9,9
5,H500,4,TW,138,190,181,189,9,10,10,9
5,H500,4,TW,139,194,187,193,6,6,6,6
5,H500,4,TW,140,194,187,193,6,6,6,6
5,H500,4,TW,141,188,175,187,12,12,12,12
5,H500,4,TW,142,196,191,195,4,4,4,4
5,H500,4,TW,143,193,185,192,7,7,7,7
5,H500,4,TW,144,194,187,193,6,6,6,6
5,H500,4,TW,145,189,177,188,11,11,11,11
5,H500,4,TW,146,191,181,190,9,9,9,9
5,H500,4,TW,147,193,185,192,7,7,7,7
5,H500,4,TW,148,194,187,193,6,6,6,6
5,H500,4,TW,149,195,189,194,5,5,5,5
5,H500,4,TW,150,196,191,195,4,4,4,4
5,H500,4,TW,151,194,187,193,6,6,6,6
5,H500,4,TW,152,190,179,189,10,10,10,10
5,H500,4,TW,153,192,184,192,7,7,8,8
5,H500,4,TW,154,192,183,191,8,8,8,8
5,H500,4,TW,155,196,191,195,4,4,4,4
5,H500,4,TW,156,187,173,186,13,13,13,13
5,H500,4,TW,157,193,185,192,7,7,7,7
5,H500,4,TW,158,189,178,188,10,11,11,10
5,H500,4,TW,159,193,185,192,7,7,7,7
5,H500,4,TW,160,193,186,192,6,7,7,6
5,H500,4,TW,161,192,183,191,8,8,8,8
5,H500,4,TW,162,188,175,187,12,12,12,12
5,H500,4,TW,163,193,186,192,6,7,7,6
5,H500,4,TW,164,193,186,192,6,7,7,6
5,H500,4,TW,165,190,180,190,9,9,10,10
5,H500,4,TW,166,192,183,191,8,8,8,8
5,H500,4,TW,167,193,185,192,7,7,7,7
5,H500,4,TW,168,192,183,191,8,8,8,8
5,H500,4,TW,169,191,181,190,9,9,9,9
5,H500,4,TW,170,191,181,190,9,9,9,9
5,H500,4,TW,171,193,186,192,6,7,7,6
5,H500,4,TW,172,191,181,190,9,9,9,9
5,H500,4,TW,173,195,189,194,5,5,5,5
5,H500,4,TW,174,187,174,186,12,13,13,12
5,H500,4,TW,175,194,187,193,6,6,6,6
5,H500,4,TW,176,193,185,192,7,7,7,7
5,H500,4,TW,177,190,179,189,10,10,10,10
5,H500,4,TW,178,189,178,188,10,11,11,10
5,H500,4,TW,179,192,183,191,8,8,8,8
5,H500,4,TW,180,188,176,187,11,12,12,11
5,H500,4,TW,181,188,175,187,12,12,12,12
5,H500,4,TW,182,190,179,189,10,10,10,10
5,H500,4,TW,183,186,171,185,14,14,14,14
5,H500,4,TW,184,191,181,190,9,9,9,9
5,H500,4,TW,185,194,187,193,6,6,6,6
5,H500,4,TW,186,192,183,191,8,8,8,8
5,H500,4,TW,187,194,187,193,6,6,6,6
5,H500,4,TW,188,190,180,189,9,10,10,9
5,H500,4,TW,189,194,188,193,5,6,6,5
5,H500,4,TW,190,189,177,188,11,11,11,11
5,H500,4,TW,191,194,188,194,5,5,6,6
5,H500,4,TW,192,186,171,185,14,14,14,14
5,H500,4,TW,193,196,191,195,4,4,4,4
5,H500,4,TW,194,192,183,191,8,8,8,8
5,H500,4,TW,195,195,189,194,5,5,5,5
5,H500,4,TW,196,195,189,194,5,5,5,5
5,H500,4,TW,197,194,188,193,6,6,6,6
5,H500,4,TW,198,197,193,196,3,3,3,3
5,H500,4,TW,199,198,195,197,2,2,2,2
5,H500,4,TW,200,191,181,190,9,9,9,9
6,F1,2,T,1,107,68,107,39,92,93,40
6,F1,2,T,2,109,62,108,46,91,91,46
6,F1,2,T,3,94,46,94,47,105,106,48
6,F1,2,T,4,110,63,109,46,90,90,46
6,F1,2,T,5,95,49,94,45,105,105,45
6,F1,2,T,6,92,55,92,36,107,108,37
6,F1,2,T,7,100,58,99,42,100,100,42
6,F1,2,T,8,123,82,122,41,77,77,41
6,F1,2,T,9,85,41,84,44,115,115,44
6,F1,2,T,10,88,42,87,45,112,112,45
6,F1,2,T,11,102,57,101,45,98,98,45
6,F1,2,T,12,97,51,97,46,102,103,47
6,F1,2,T,13,98,50,97,47,102,102,47
6,F1,2,T,14,115,68,114,46,85,85,46
6,F1,2,T,15,98,58,97,40,102,102,40
6,F1,2,T,16,82,42,82,40,117,118,41
6,F1,2,T,17,103,55,102,47,97,97,47
6,F1,2,T,18,103,63,103,40,96,97,41
6,F1,2,T,19,106,63,105,43,94,94,43
6,F1,2,T,20,89,49,88,39,111,111,39
6,F1,2,T,21,102,59,102,42,97,98,43
6,F1,2,T,22,95,51,94,44,105,105,44
6,F1,2,T,23,99,56,98,42,101,101,42
6,F1,2,T,24,101,59,100,41,99,99,41
6,F1,2,T,25,107,69,107,37,92,93,38
6,F1,2,T,26,111,63,110,48,89,89,48
6,F1,2,T,27,92,51,92,41,107,108,42
6,F1,2,T,28,102,57,101,45,98,98,45
6,F1,2,T,29,103,60,102,42,97,97,42
6,F1,2,T,30,107,58,106,48,93,93,48
6,F1,2,T,31,99,58,99,40,100,101,41
6,F1,2,T,32,100,55,99,45,100,100,45
6,F1,2,T,33,96,52,95,44,104,104,44
6,F1,2,T,34,114,67,113,46,86,86,46
6,F1,2,T,35,96,51,95,44,104,104,44
6,F1,2,T,36,101,63,100,37,99,99,37
6,F1,2,T,37,88,42,87,45,112,112,45
6,F1,2,T,38,104,61,104,43,95,96,44
6,F1,2,T,39,107,63,106,43,93,93,43
6,F1,2,T,40,92,52,92,39,107,108,40
6,F1,2,T,41,112,66,112,46,87,88,47
6,F1,2,T,42,92,46,91,46,108,108,46
6,F1,2,T,43,100,57,100,43,99,100,44
6,F1,2,T,44,107,65,107,41,92,93,42
6,F1,2,T,45,107,66,106,40,93,93,40
6,F1,2,T,46,94,48,93,45,106,106,45
6,F1,2,T,47,99,49,98,50,101,101,50
6,F1,2,T,48,96,54,95,41,104,104,41
6,F1,2,T,49,110,68,110,41,89,90,42
6,F1,2,T,50,101,60,101,40,98,99,41
6,F1,2,T,51,96,55,96,40,103,104,41
6,F1,2,T,52,99,52,98,47,101,101,47
6,F1,2,T,53,92,42,92,50,107,108,51
6,F1,2,T,54,100,56,99,44,100,100,44
6,F1,2,T,55,103,56,103,47,96,97,48
6,F1,2,T,56,92,47,92,45,107,108,46
6,F1,2,T,57,103,65,102,37,97,97,37
6,F1,2,T,58,101,47,100,54,99,99,54
6,F1,2,T,59,106,60,105,46,94,94,46
6,F1,2,T,60,100,54,99,46,100,100,46
6,F1,2,T,61,97,55,97,41,102,103,42
6,F1,2,T,62,106,64,105,42,94,94,42
6,F1,2,T,63,97,51,97,46,102,103,47
6,F1,2,T,64,99,62,98,36,101,101,36
6,F1,2,T,65,115,78,115,36,84,85,37
6,F1,2,T,66,94,48,94,46,105,106,47
6,F1,2,T,67,119,70,118,48,81,81,48
6,F1,2,T,68,94,50,93,44,106,106,44
6,F1,2,T,69,92,50,92,42,107,108,43
6,F1,2,T,70,96,58,95,38,104,104,38
6,F1,2,T,71,97,52,97,44,102,103,45
6,F1,2,T,72,104,50,104,53,95,96,54
6,F1,2,T,73,112,67,111,45,88,88,45
6,F1,2,T,74,94,49,94,45,105,106,46
6,F1,2,T,75,111,71,110,40,89,89,40
6,F1,2,T,76,99,60,99,38,100,101,39
6,F1,2,T,77,90,43,89,47,110,110,47
6,F1,2,T,78,101,61,101,39,98,99,40
6,F1,2,T,79,109,59,109,49,90,91,50
6,F1,2,T,80,100,57,99,42,100,100,42
6,F1,2,T,81,100,53,100,46,99,100,47
6,F1,2,T,82,103,58,103,45,96,97,46
6,F1,2,T,83,79,27,78,51,121,121,51
6,F1,2,T,84,100,53,100,47,99,100,48
6,F1,2,T,85,97,50,97,46,102,103,47
6,F1,2,T,86,105,61,104,44,95,95,44
6,F1,2,T,87,98,58,98,40,101,102,41
6,F1,2,T,88,89,42,89,47,110,111,48
6,F1,2,T,89,103,57,103,46,96,97,47
6,F1,2,T,90,89,43,88,45,111,111,45
6,F1,2,T,91,98,52,97,46,102,102,46
6,F1,2,T,92,96,48,95,47,104,104,47
6,F1,2,T,93,91,47,91,43,108,109,44
6,F1,2,T,94,103,56,102,46,97,97,46
6,F1,2,T,95,102,56,102,45,97,98,46
6,F1,2,T,96,115,71,114,43,85,85,43
6,F1,2,T,97,96,45,95,50,104,104,50
6,F1,2,T,98,115,72,115,43,84,85,44
6,F1,2,T,99,92,52,92,40,107,108,41
6,F1,2,T,100,84,40,83,43,116,116,43
6,F1,2,T,101,102,57,102,44,97,98,45
6,F1,2,T,102,104,49,103,55,96,96,55
6,F1,2,T,103,98,51,97,47,102,102,47
6,F1,2,T,104,94,51,93,43,106,106,43
6,F1,2,T,105,106,57,106,49,93,94,50
6,F1,2,T,106,93,47,92,45,107,107,45
6,F1,2,T,107,112,72,112,39,87,88,40
6,F1,2,T,108,101,62,100,38,99,99,38
6,F1,2,T,109,109,66,109,42,90,91,43
6,F1,2,T,110,107,62,107,45,92,93,46
6,F1,2,T,111,90,49,89,40,110,110,40
6,F1,2,T,112,99,47,98,51,101,101,51
6,F1,2,T,113,97,44,96,52,103,103,52
6,F1,2,T,114,92,50,91,41,108,108,41
6,F1,2,T,115,97,53,97,44,102,103,45
6,F1,2,T,116,117,79,117,37,82,83,38
6,F1,2,T,117,112,68,111,43,88,88,43
6,F1,2,T,118,96,47,95,49,104,104,49
6,F1,2,T,119,113,64,113,48,86,87,49
6,F1,2,T,120,110,67,109,43,90,90,43
6,F1,2,T,121,91,54,90,36,109,109,36
6,F1,2,T,122,104,55,104,48,95,96,49
6,F1,2,T,123,114,69,113,44,86,86,44
6,F1,2,T,124,104,56,103,47,96,96,47
6,F1,2,T,125,98,52,98,46,101,102,47
6,F1,2,T,126,109,61,109,47,90,91,48
6,F1,2,T,127,91,45,91,46,108,109,47
6,F1,2,T,128,88,41,88,46,111,112,47
6,F1,2,T,129,121,85,120,35,79,79,35
6,F1,2,T,130,88,37,88,51,111,112,52
6,F1,2,T,131,91,52,91,39,108,109,40
6,F1,2,T,132,107,65,106,42,93,93,42
6,F1,2,T,133,105,65,104,40,95,95,40
6,F1,2,T,134,102,62,102,40,97,98,41
6,F1,2,T,135,106,58,105,48,94,94,48
6,F1,2,T,136,104,58,103,46,96,96,46
6,F1,2,T,137,109,61,108,48,91,91,48
6,F1,2,T,138,105,66,105,39,94,95,40
6,F1,2,T,139,95,48,94,47,105,105,47
6,F1,2,T,140,104,56,104,48,95,96,49
6,F1,2,T,141,102,55,102,46,97,98,47
6,F1,2,T,142,114,65,113,48,86,86,48
6,F1,2,T,143,93,43,93,50,106,107,51
6,F1,2,T,144,107,61,106,45,93,93,45
6,F1,2,T,145,107,66,106,40,93,93,40
6,F1,2,T,146,106,59,105,47,94,94,47
6,F1,2,T,147,103,53,103,49,96,97,50
6,F1,2,T,148,113,70,112,42,87,87,42
6,F1,2,T,149,109,65,108,43,91,91,43
6,F1,2,T,150,101,60,101,40,98,99,41
6,F1,2,T,151,116,76,116,40,83,84,41
6,F1,2,T,152,94,45,93,48,106,106,48
6,F1,2,T,153,106,56,105,49,94,94,49
6,F1,2,T,154,94,54,93,40,106,106,40
6,F1,2,T,155,104,61,104,42,95,96,43
6,F1,2,T,156,99,64,99,35,100,101,36
6,F1,2,T,157,106,62,106,43,93,94,44
6,F1,2,T,158,98,53,97,45,102,102,45
6,F1,2,T,159,114,72,113,41,86,86,41
6,F1,2,T,160,84,39,83,45,116,116,45
6,F1,2,T,161,92,42,91,49,108,108,49
6,F1,2,T,162,91,45,90,45,109,109,45
6,F1,2,T,163,93,46,92,47,107,107,47
6,F1,2,T,164,112,59,111,52,88,88,52
6,F1,2,T,165,108,68,108,39,91,92,40
6,F1,2,T,166,106,61,105,45,94,94,45
6,F1,2,T,167,95,59,94,35,105,105,35
6,F1,2,T,168,96,47,96,48,103,104,49
6,F1,2,T,169,101,56,101,44,98,99,45
6,F1,2,T,170,95,53,95,41,104,105,42
6,F1,2,T,171,103,56,103,47,96,97,48
6,F1,2,T,172,100,59,99,41,100,100,41
6,F1,2,T,173,88,45,87,42,112,112,42
6,F1,2,T,174,93,47,92,46,107,107,46
6,F1,2,T,175,106,58,106,47,93,94,48
6,F1,2,T,176,110,72,110,37,89,90,38
6,F1,2,T,177,96,60,96,35,103,104,36
6,F1,2,T,178,104,58,103,45,96,96,45
6,F1,2,T,179,109,72,109,36,90,91,37
6,F1,2,T,180,96,48,95,47,104,104,47
6,F1,2,T,181,107,61,107,46,92,93,47
6,F1,2,T,182,94,55,94,39,105,106,40
6,F1,2,T,183,98,56,97,42,102,102,42
6,F1,2,T,184,106,66,105,39,94,94,39
6,F1,2,T,185,83,35,83,47,116,117,48
6,F1,2,T,186,101,56,101,45,98,99,46
6,F1,2,T,187,101,54,100,47,99,99,47
6,F1,2,T,188,103,52,102,51,97,97,51
6,F1,2,T,189,103,56,102,47,97,97,47
6,F1,2,T,190,109,66,109,43,90,91,44
6,F1,2,T,191,100,60,99,39,100,100,39
6,F1,2,T,192,93,43,93,49,106,107,50
6,F1,2,T,193,108,62,107,46,92,92,46
6,F1,2,T,194,117,72,117,44,82,83,45
6,F1,2,T,195,93,43,92,50,107,107,50
6,F1,2,T,196,95,50,94,44,105,105,44
6,F1,2,T,197,112,72,111,39,88,88,39
6,F1,2,T,198,98,57,98,40,101,102,41
6,F1,2,T,199,104,55,104,48,95,96,49
6,F1,2,T,200,103,54,103,49,96,97,50
6,F1,4,TW,1,116,70,116,46,83,84,47
6,F1,4,TW,2,100,53,100,46,99,100,47
6,F1,4,TW,3,104,61,104,43,95,96,44
6,F1,4,TW,4,119,67,118,51,81,81,51
6,F1,4,TW,5,101,56,100,44,99,99,44
6,F1,4,TW,6,91,51,91,39,108,109,40
6,F1,4,TW,7,93,50,92,43,107,107,43
6,F1,4,TW,8,122,82,121,40,78,78,40
6,F1,4,TW,9,95,47,94,47,105,105,47
6,F1,4,TW,10,114,64,113,49,86,86,49
6,F1,4,TW,11,94,43,94,51,105,106,52
6,F1,4,TW,12,104,61,104,43,95,96,44
6,F1,4,TW,13,95,46,95,48,104,105,49
6,F1,4,TW,14,106,59,105,46,94,94,46
6,F1,4,TW,15,101,55,100,45,99,99,45
6,F1,4,TW,16,90,44,90,45,109,110,46
6,F1,4,TW,17,106,65,105,40,94,94,40
6,F1,4,TW,18,90,45,89,45,110,110,45
6,F1,4,TW,19,93,51,92,42,107,107,42
6,F1,4,TW,20,96,50,95,45,104,104,45
6,F1,4,TW,21,98,50,97,48,102,102,48
6,F1,4,TW,22,102,62,101,40,98,98,40
6,F1,4,TW,23,108,69,108,39,91,92,40
6,F1,4,TW,24,99,53,99,46,100,101,47
6,F1,4,TW,25,108,60,107,47,92,92,47
6,F1,4,TW,26,117,73,117,43,82,83,44
6,F1,4,TW,27,100,53,100,47,99,100,48
6,F1,4,TW,28,103,50,102,52,97,97,52
6,F1,4,TW,29,104,63,104,41,95,96,42
6,F1,4,TW,30,107,63,106,44,93,93,44
6,F1,4,TW,31,105,61,105,43,94,95,44
6,F1,4,TW,32,93,46,92,47,107,107,47
6,F1,4,TW,33,99,49,98,50,101,101,50
6,F1,4,TW,34,102,51,101,50,98,98,50
6,F1,4,TW,35,104,54,103,49,96,96,49
6,F1,4,TW,36,100,55,99,45,100,100,45
6,F1,4,TW,37,94,49,93,44,106,106,44
6,F1,4,TW,38,91,45,91,46,108,109,47
6,F1,4,TW,39,93,51,92,42,107,107,42
6,F1,4,TW,40,96,53,96,42,103,104,43
6,F1,4,TW,41,107,64,107,43,92,93,44
6,F1,4,TW,42,94,45,94,49,105,106,50
6,F1,4,TW,43,106,66,106,40,93,94,41
6,F1,4,TW,44,107,68,106,38,93,93,38
6,F1,4,TW,45,108,68,107,39,92,92,39
6,F1,4,TW,46,106,62,106,43,93,94,44
6,F1,4,TW,47,98,59,98,39,101,102,40
6,F1,4,TW,48,98,54,97,43,102,102,43
6,F1,4,TW,49,120,77,119,42,80,80,42
6,F1,4,TW,50,92,51,92,40,107,108,41
6,F1,4,TW,51,99,55,98,43,101,101,43
6,F1,4,TW,52,99,57,98,42,101,101,42
6,F1,4,TW,53,100,54,100,45,99,100,46
6,F1,4,TW,54,99,50,99,49,100,101,50
6,F1,4,TW,55,90,49,90,41,109,110,42
6,F1,4,TW,56,103,55,103,48,96,97,49
6,F1,4,TW,57,109,66,108,42,91,91,42
6,F1,4,TW,58,92,47,91,45,108,108,45
6,F1,4,TW,59,102,62,101,40,98,98,40
6,F1,4,TW,60,92,49,92,43,107,108,44
6,F1,4,TW,61,93,44,93,48,106,107,49
6,F1,4,TW,62,97,51,96,45,103,103,45
6,F1,4,TW,63,117,71,117,46,82,83,47
6,F1,4,TW,64,97,50,96,47,103,103,47
6,F1,4,TW,65,106,62,106,43,93,94,44
6,F1,4,TW,66,84,47,84,37,115,116,38
6,F1,4,TW,67,105,59,105,45,94,95,46
6,F1,4,TW,68,88,44,88,43,111,112,44
6,F1,4,TW,69,115,74,115,41,84,85,42
6,F1,4,TW,70,110,70,110,40,89,90,41
6,F1,4,TW,71,108,62,108,45,91,92,46
6,F1,4,TW,72,111,64,111,46,88,89,47
6,F1,4,TW,73,111,69,110,42,89,89,42
6,F1,4,TW,74,104,60,104,44,95,96,45
6,F1,4,TW,75,104,58,104,45,95,96,46
6,F1,4,TW,76,90,45,90,44,109,110,45
6,F1,4,TW,77,89,45,88,44,111,111,44
6,F1,4,TW,78,102,59,101,43,98,98,43
6,F1,4,TW,79,107,65,107,41,92,93,42
6,F1,4,TW,80,81,38,81,43,118,119,44
6,F1,4,TW,81,91,44,91,46,108,109,47
6,F1,4,TW,82,94,50,94,44,105,106,45
6,F1,4,TW,83,93,43,92,49,107,107,49
6,F1,4,TW,84,117,74,116,43,83,83,43
6,F1,4,TW,85,102,58,102,43,97,98,44
6,F1,4,TW,86,111,70,111,41,88,89,42
6,F1,4,TW,87,100,59,100,40,99,100,41
6,F1,4,TW,88,96,46,95,50,104,104,50
6,F1,4,TW,89,100,57,99,42,100,100,42
6,F1,4,TW,90,93,41,92,52,107,107,52
6,F1,4,TW,91,94,49,93,45,106,106,45
6,F1,4,TW,92,79,27,79,51,120,121,52
6,F1,4,TW,93,109,63,109,46,90,91,47
6,F1,4,TW,94,92,45,91,46,108,108,46
6,F1,4,TW,95,94,43,94,51,105,106,52
6,F1,4,TW,96,106,57,106,48,93,94,49
6,F1,4,TW,97,95,46,94,48,105,105,48
6,F1,4,TW,98,110,63,110,47,89,90,48
6,F1,4,TW,99,106,65,106,41,93,94,42
6,F1,4,TW,100,99,56,99,42,100,101,43
6,F1,4,TW,101,96,53,95,42,104,104,42
6,F1,4,TW,102,95,49,95,46,104,105,47
6,F1,4,TW,103,95,47,95,48,104,105,49
6,F1,4,TW,104,103,58,103,45,96,97,46
6,F1,4,TW,105,102,51,102,51,97,98,52
6,F1,4,TW,106,107,55,106,51,93,93,51
6,F1,4,TW,107,113,69,112,43,87,87,43
6,F1,4,TW,108,114,68,113,46,86,86,46
6,F1,4,TW,109,99,52,99,46,100,101,47
6,F1,4,TW,110,105,66,105,39,94,95,40
6,F1,4,TW,111,107,60,106,46,93,93,46
6,F1,4,TW,112,84,39,83,45,116,116,45
6,F1,4,TW,113,110,60,109,49,90,90,49
6,F1,4,TW,114,101,53,100,48,99,99,48
6,F1,4,TW,115,97,55,97,42,102,103,43
6,F1,4,TW,116,102,67,102,35,97,98,36
6,F1,4,TW,117,113,69,112,43,87,87,43
6,F1,4,TW,118,104,56,104,47,95,96,48
6,F1,4,TW,119,104,54,104,49,95,96,50
6,F1,4,TW,120,111,62,110,49,89,89,49
6,F1,4,TW,121,107,62,106,45,93,93,45
6,F1,4,TW,122,91,42,91,48,108,109,49
6,F1,4,TW,123,94,49,93,44,106,106,44
6,F1,4,TW,124,97,47,96,49,103,103,49
6,F1,4,TW,125,98,51,97,47,102,102,47
6,F1,4,TW,126,110,58,110,51,89,90,52
6,F1,4,TW,127,89,40,88,49,111,111,49
6,F1,4,TW,128,122,81,122,40,77,78,41
6,F1,4,TW,129,111,67,110,43,89,89,43
6,F1,4,TW,130,91,43,90,48,109,109,48
6,F1,4,TW,131,111,68,110,43,89,89,43
6,F1,4,TW,132,111,67,111,44,88,89,45
6,F1,4,TW,133,91,52,90,39,109,109,39
6,F1,4,TW,134,92,49,92,43,107,108,44
6,F1,4,TW,135,105,60,105,44,94,95,45
6,F1,4,TW,136,97,55,97,42,102,103,43
6,F1,4,TW,137,106,56,105,49,94,94,49
6,F1,4,TW,138,104,60,103,44,96,96,44
6,F1,4,TW,139,97,49,96,48,103,103,48
6,F1,4,TW,140,99,47,98,51,101,101,51
6,F1,4,TW,141,88,37,88,50,111,112,51
6,F1,4,TW,142,106,62,105,43,94,94,43
6,F1,4,TW,143,95,45,95,50,104,105,51
6,F1,4,TW,144,108,59,107,48,92,92,48
6,F1,4,TW,145,100,56,99,44,100,100,44
6,F1,4,TW,146,102,54,102,48,97,98,49
6,F1,4,TW,147,101,53,101,47,98,99,48
6,F1,4,TW,148,99,54,98,44,101,101,44
6,F1,4,TW,149,93,47,92,45,107,107,45
6,F1,4,TW,150,102,55,102,47,97,98,48
6,F1,4,TW,151,118,76,118,42,81,82,43
6,F1,4,TW,152,91,41,90,50,109,109,50
6,F1,4,TW,153,102,53,101,48,98,98,48
6,F1,4,TW,154,100,55,99,45,100,100,45
6,F1,4,TW,155,102,55,102,46,97,98,47
6,F1,4,TW,156,91,49,90,42,109,109,42
6,F1,4,TW,157,95,47,95,48,104,105,49
6,F1,4,TW,158,94,52,93,42,106,106,42
6,F1,4,TW,159,84,38,83,45,116,116,45
6,F1,4,TW,160,96,54,96,42,103,104,43
6,F1,4,TW,161,112,67,112,45,87,88,46
6,F1,4,TW,162,100,56,99,44,100,100,44
6,F1,4,TW,163,106,60,105,45,94,94,45
6,F1,4,TW,164,105,53,104,51,95,95,51
6,F1,4,TW,165,108,64,108,43,91,92,44
6,F1,4,TW,166,124,80,123,43,76,76,43
6,F1,4,TW,167,101,57,100,43,99,99,43
6,F1,4,TW,168,104,61,103,42,96,96,42
6,F1,4,TW,169,98,55,98,42,101,102,43
6,F1,4,TW,170,101,60,101,40,98,99,41
6,F1,4,TW,171,90,43,90,46,109,110,47
6,F1,4,TW,172,108,60,107,47,92,92,47
6,F1,4,TW,173,97,45,96,52,103,103,52
6,F1,4,TW,174,81,33,80,48,119,119,48
6,F1,4,TW,175,102,59,101,43,98,98,43
6,F1,4,TW,176,91,45,91,45,108,109,46
6,F1,4,TW,177,111,71,111,40,88,89,41
6,F1,4,TW,178,101,61,101,40,98,99,41
6,F1,4,TW,179,107,63,107,43,92,93,44
6,F1,4,TW,180,110,63,110,47,89,90,48
6,F1,4,TW,181,91,49,91,41,108,109,42
6,F1,4,TW,182,101,59,100,41,99,99,41
6,F1,4,TW,183,100,54,99,46,100,100,46
6,F1,4,TW,184,100,59,99,40,100,100,40
6,F1,4,TW,185,96,54,96,41,103,104,42
6,F1,4,TW,186,92,37,91,55,108,108,55
6,F1,4,TW,187,99,53,98,46,101,101,46
6,F1,4,TW,188,96,50,96,46,103,104,47
6,F1,4,TW,189,97,49,96,48,103,103,48
6,F1,4,TW,190,95,52,95,42,104,105,43
6,F1,4,TW,191,98,54,98,43,101,102,44
6,F1,4,TW,192,97,48,97,48,102,103,49
6,F1,4,TW,193,97,54,96,42,103,103,42
6,F1,4,TW,194,104,66,103,37,96,96,37
6,F1,4,TW,195,98,54,97,44,102,102,44
6,F1,4,TW,196,88,42,88,45,111,112,46
6,F1,4,TW,197,107,62,106,44,93,93,44
6,F1,4,TW,198,107,63,107,43,92,93,44
6,F1,4,TW,199,108,66,108,41,91,92,42
6,F1,4,TW,200,97,56,97,41,102,103,42
7,F2,2,T,1,105,79,104,25,95,95,25
7,F2,2,T,2,98,69,97,28,102,102,28
7,F2,2,T,3,97,64,96,32,103,103,32
7,F2,2,T,4,103,72,102,30,97,97,30
7,F2,2,T,5,103,76,102,26,97,97,26
7,F2,2,T,6,133,107,133,25,66,67,26
7,F2,2,T,7,139,109,138,29,61,61,29
7,F2,2,T,8,110,77,109,33,90,90,33
7,F2,2,T,9,103,65,102,37,97,97,37
7,F2,2,T,10,128,100,128,27,71,72,28
7,F2,2,T,11,112,80,111,32,88,88,32
7,F2,2,T,12,100,67,99,32,100,100,32
7,F2,2,T,13,103,69,103,33,96,97,34
7,F2,2,T,14,81,54,81,26,118,119,27
7,F2,2,T,15,90,60,90,30,109,110,31
7,F2,2,T,16,102,69,101,32,98,98,32
7,F2,2,T,17,101,69,101,31,98,99,32
7,F2,2,T,18,111,84,110,26,89,89,26
7,F2,2,T,19,108,75,108,32,91,92,33
7,F2,2,T,20,96,66,95,29,104,104,29
7,F2,2,T,21,101,66,100,35,99,99,35
7,F2,2,T,22,98,68,97,30,102,102,30
7,F2,2,T,23,92,70,92,22,107,108,23
7,F2,2,T,24,100,74,100,26,99,100,27
7,F2,2,T,25,110,75,109,34,90,90,34
7,F2,2,T,26,101,70,100,30,99,99,30
7,F2,2,T,27,92,62,92,29,107,108,30
7,F2,2,T,28,89,59,89,30,110,111,31
7,F2,2,T,29,96,62,95,33,104,104,33
7,F2,2,T,30,103,68,103,34,96,97,35
7,F2,2,T,31,93,70,92,23,107,107,23
7,F2,2,T,32,95,63,94,31,105,105,31
7,F2,2,T,33,83,52,83,30,116,117,31
7,F2,2,T,34,68,38,67,30,132,132,30
7,F2,2,T,35,81,54,81,27,118,119,28
7,F2,2,T,36,110,83,109,26,90,90,26
7,F2,2,T,37,95,69,94,25,105,105,25
7,F2,2,T,38,79,55,79,23,120,121,24
7,F2,2,T,39,102,74,102,28,97,98,29
7,F2,2,T,40,98,69,98,28,101,102,29
7,F2,2,T,41,108,69,107,38,92,92,38
7,F2,2,T,42,92,64,92,27,107,108,28
7,F2,2,T,43,105,76,105,29,94,95,30
7,F2,2,T,44,107,77,107,29,92,93,30
7,F2,2,T,45,62,35,62,26,137,138,27
7,F2,2,T,46,111,77,110,33,89,89,33
7,F2,2,T,47,106,67,106,38,93,94,39
7,F2,2,T,48,124,96,124,27,75,76,28
7,F2,2,T,49,92,66,91,26,108,108,26
7,F2,2,T,50,100,77,99,23,100,100,23
7,F2,2,T,51,92,59,91,32,108,108,32
7,F2,2,T,52,99,66,98,32,101,101,32
7,F2,2,T,53,100,70,99,30,100,100,30
7,F2,2,T,54,116,90,115,26,84,84,26
7,F2,2,T,55,99,66,99,32,100,101,33
7,F2,2,T,56,110,78,109,31,90,90,31
7,F2,2,T,57,91,60,90,30,109,109,30
7,F2,2,T,58,109,78,108,30,91,91,30
7,F2,2,T,59,119,85,118,34,81,81,34
7,F2,2,T,60,95,66,95,28,104,105,29
7,F2,2,T,61,80,54,80,25,119,120,26
7,F2,2,T,62,114,89,114,24,85,86,25
7,F2,2,T,63,105,75,105,30,94,95,31
7,F2,2,T,64,102,79,101,22,98,98,22
7,F2,2,T,65,109,78,108,30,91,91,30
7,F2,2,T,66,89,60,89,28,110,111,29
7,F2,2,T,67,99,70,98,28,101,101,28
7,F2,2,T,68,75,43,75,31,124,125,32
7,F2,2,T,69,91,56,90,34,109,109,34
7,F2,2,T,70,108,82,108,26,91,92,27
7,F2,2,T,71,81,46,80,34,119,119,34
7,F2,2,T,72,112,80,111,32,88,88,32
7,F2,2,T,73,107,77,106,29,93,93,29
7,F2,2,T,74,102,75,102,26,97,98,27
7,F2,2,T,75,98,65,97,32,102,102,32
7,F2,2,T,76,90,57,90,32,109,110,33
7,F2,2,T,77,97,67,97,29,102,103,30
7,F2,2,T,78,101,70,100,30,99,99,30
7,F2,2,T,79,117,87,116,29,83,83,29
7,F2,2,T,80,102,77,102,25,97,98,26
7,F2,2,T,81,83,59,83,24,116,117,25
7,F2,2,T,82,106,76,106,29,93,94,30
7,F2,2,T,83,107,73,106,33,93,93,33
7,F2,2,T,84,97,72,97,24,102,103,25
7,F2,2,T,85,111,86,111,24,88,89,25
7,F2,2,T,86,117,92,117,24,82,83,25
7,F2,2,T,87,101,70,101,30,98,99,31
7,F2,2,T,88,82,47,81,34,118,118,34
7,F2,2,T,89,113,83,113,30,86,87,31
7,F2,2,T,90,82,58,82,24,117,118,25
7,F2,2,T,91,90,64,90,26,109,110,27
7,F2,2,T,92,92,59,91,32,108,108,32
7,F2,2,T,93,102,68,101,33,98,98,33
7,F2,2,T,94,84,55,84,29,115,116,30
7,F2,2,T,95,90,63,90,27,109,110,28
7,F2,2,T,96,92,59,91,33,108,108,33
7,F2,2,T,97,84,55,83,29,116,116,29
7,F2,2,T,98,115,83,115,31,84,85,32
7,F2,2,T,99,126,94,125,31,74,74,31
7,F2,2,T,100,123,88,123,34,76,77,35
7,F2,2,T,101,103,75,103,27,96,97,28
7,F2,2,T,102,97,72,97,24,102,103,25
7,F2,2,T,103,100,72,100,27,99,100,28
7,F2,2,T,104,91,61,91,29,108,109,30
7,F2,2,T,105,91,59,91,32,108,109,33
7,F2,2,T,106,98,71,98,26,101,102,27
7,F2,2,T,107,106,77,106,28,93,94,29
7,F2,2,T,108,102,66,102,35,97,98,36
7,F2,2,T,109,118,87,118,30,81,82,31
7,F2,2,T,110,92,67,91,25,108,108,25
7,F2,2,T,111,100,62,99,37,100,100,37
7,F2,2,T,112,116,86,116,29,83,84,30
7,F2,2,T,113,121,95,120,25,79,79,25
7,F2,2,T,114,82,54,81,27,118,118,27
7,F2,2,T,115,106,73,105,32,94,94,32
7,F2,2,T,116,98,64,98,34,101,102,35
7,F2,2,T,117,98,65,97,32,102,102,32
7,F2,2,T,118,85,59,84,25,115,115,25
7,F2,2,T,119,93,54,92,38,107,107,38
7,F2,2,T,120,110,74,109,36,90,90,36
7,F2,2,T,121,97,66,96,30,103,103,30
7,F2,2,T,122,108,74,108,33,91,92,34
7,F2,2,T,123,98,76,98,21,101,102,22
7,F2,2,T,124,96,72,96,23,103,104,24
7,F2,2,T,125,86,56,85,29,114,114,29
7,F2,2,T,126,120,94,119,26,80,80,26
7,F2,2,T,127,97,71,96,25,103,103,25
7,F2,2,T,128,79,52,78,27,121,121,27
7,F2,2,T,129,108,78,107,30,92,92,30
7,F2,2,T,130,111,84,110,27,89,89,27
7,F2,2,T,131,93,60,93,32,106,107,33
7,F2,2,T,132,88,59,88,28,111,112,29
7,F2,2,T,133,92,62,91,29,108,108,29
7,F2,2,T,134,102,70,101,31,98,98,31
7,F2,2,T,135,101,75,101,26,98,99,27
7,F2,2,T,136,83,54,82,28,117,117,28
7,F2,2,T,137,98,70,97,27,102,102,27
7,F2,2,T,138,117,88,116,29,83,83,29
7,F2,2,T,139,118,90,117,27,82,82,27
7,F2,2,T,140,113,80,112,33,87,87,33
7,F2,2,T,141,101,75,100,25,99,99,25
7,F2,2,T,142,92,61,91,31,108,108,31
7,F2,2,T,143,99,63,98,35,101,101,35
7,F2,2,T,144,83,56,83,26,116,117,27
7,F2,2,T,145,104,72,103,31,96,96,31
7,F2,2,T,146,76,51,75,24,124,124,24
7,F2,2,T,147,116,86,115,29,84,84,29
7,F2,2,T,148,105,79,105,25,94,95,26
7,F2,2,T,149,83,55,83,28,116,117,29
7,F2,2,T,150,102,74,102,28,97,98,29
7,F2,2,T,151,105,69,105,36,94,95,37
7,F2,2,T,152,94,58,94,35,105,106,36
7,F2,2,T,153,103,75,102,27,97,97,27
7,F2,2,T,154,88,52,87,36,112,112,36
7,F2,2,T,155,97,70,97,26,102,103,27
7,F2,2,T,156,92,65,92,26,107,108,27
7,F2,2,T,157,98,69,98,28,101,102,29
7,F2,2,T,158,110,79,110,30,89,90,31
7,F2,2,T,159,83,47,83,36,116,117,37
7,F2,2,T,160,89,61,89,27,110,111,28
7,F2,2,T,161,124,95,123,29,76,76,29
7,F2,2,T,162,100,69,99,30,100,100,30
7,F2,2,T,163,94,65,94,28,105,106,29
7,F2,2,T,164,99,66,98,32,101,101,32
7,F2,2,T,165,77,46,77,30,122,123,31
7,F2,2,T,166,117,90,116,26,83,83,26
7,F2,2,T,167,114,91,113,22,86,86,22
7,F2,2,T,168,93,58,93,35,106,107,36
7,F2,2,T,169,106,75,106,30,93,94,31
7,F2,2,T,170,121,87,121,33,78,79,34
7,F2,2,T,171,121,91,121,29,78,79,30
7,F2,2,T,172,97,70,97,26,102,103,27
7,F2,2,T,173,104,77,103,26,96,96,26
7,F2,2,T,174,91,66,91,24,108,109,25
7,F2,2,T,175,66,33,65,33,134,134,33
7,F2,2,T,176,118,94,117,24,82,82,24
7,F2,2,T,177,101,71,101,29,98,99,30
7,F2,2,T,178,105,75,104,30,95,95,30
7,F2,2,T,179,114,79,114,34,85,86,35
7,F2,2,T,180,96,69,96,26,103,104,27
7,F2,2,T,181,94,65,93,28,106,106,28
7,F2,2,T,182,106,73,105,32,94,94,32
7,F2,2,T,183,97,72,96,24,103,103,24
7,F2,2,T,184,91,62,91,28,108,109,29
7,F2,2,T,185,110,81,110,29,89,90,30
7,F2,2,T,186,91,66,91,24,108,109,25
7,F2,2,T,187,105,70,105,34,94,95,35
7,F2,2,T,188,97,72,96,24,103,103,24
7,F2,2,T,189,98,65,97,32,102,102,32
7,F2,2,T,190,90,64,90,26,109,110,27
7,F2,2,T,191,80,52,79,27,120,120,27
7,F2,2,T,192,104,73,104,30,95,96,31
7,F2,2,T,193,121,86,121,35,78,79,36
7,F2,2,T,194,122,91,121,31,78,78,31
7,F2,2,T,195,97,69,97,28,102,103,29
7,F2,2,T,196,84,49,84,34,115,116,35
7,F2,2,T,197,96,62,95,33,104,104,33
7,F2,2,T,198,117,82,117,35,82,83,36
7,F2,2,T,199,88,58,87,30,112,112,30
7,F2,2,T,200,98,68,97,29,102,102,29
7,F2,4,TW,1,99,62,98,37,101,101,37
7,F2,4,TW,2,100,65,99,34,100,100,34
7,F2,4,TW,3,92,55,91,36,108,108,36
7,F2,4,TW,4,104,67,104,36,95,96,37
7,F2,4,TW,5,94,59,93,34,106,106,34
7,F2,4,TW,6,97,61,96,35,103,103,35
7,F2,4,TW,7,126,96,125,30,74,74,30
7,F2,4,TW,8,95,60,94,34,105,105,34
7,F2,4,TW,9,98,64,98,33,101,102,34
7,F2,4,TW,10,107,75,107,31,92,93,32
7,F2,4,TW,11,100,66,99,34,100,100,34
7,F2,4,TW,12,101,75,101,25,98,99,26
7,F2,4,TW,13,107,71,107,35,92,93,36
7,F2,4,TW,14,97,68,97,28,102,103,29
7,F2,4,TW,15,81,48,81,33,118,119,34
7,F2,4,TW,16,87,63,87,23,112,113,24
7,F2,4,TW,17,96,61,95,34,104,104,34
7,F2,4,TW,18,108,77,107,30,92,92,30
7,F2,4,TW,19,112,74,111,37,88,88,37
7,F2,4,TW,20,95,63,94,31,105,105,31
7,F2,4,TW,21,95,54,94,41,105,105,41
7,F2,4,TW,22,96,57,95,39,104,104,39
7,F2,4,TW,23,97,67,96,30,103,103,30
7,F2,4,TW,24,88,59,88,28,111,112,29
7,F2,4,TW,25,97,60,96,36,103,103,36
7,F2,4,TW,26,90,59,89,30,110,110,30
7,F2,4,TW,27,81,49,81,31,118,119,32
7,F2,4,TW,28,90,58,89,32,110,110,32
7,F2,4,TW,29,86,48,85,37,114,114,37
7,F2,4,TW,30,103,65,103,37,96,97,38
7,F2,4,TW,31,70,43,69,27,130,130,27
7,F2,4,TW,32,114,76,113,37,86,86,37
7,F2,4,TW,33,86,51,86,34,113,114,35
7,F2,4,TW,34,72,42,72,30,127,128,31
7,F2,4,TW,35,88,55,87,33,112,112,33
7,F2,4,TW,36,128,104,127,23,72,72,23
7,F2,4,TW,37,88,60,87,27,112,112,27
7,F2,4,TW,38,130,103,130,26,69,70,27
7,F2,4,TW,39,77,46,77,31,122,123,32
7,F2,4,TW,40,98,69,98,28,101,102,29
7,F2,4,TW,41,89,48,88,40,111,111,40
7,F2,4,TW,42,114,77,113,36,86,86,36
7,F2,4,TW,43,112,83,111,29,88,88,29
7,F2,4,TW,44,110,84,110,26,89,90,27
7,F2,4,TW,45,86,53,85,32,114,114,32
7,F2,4,TW,46,113,80,112,32,87,87,32
7,F2,4,TW,47,111,70,111,40,88,89,41
7,F2,4,TW,48,100,64,100,36,99,100,37
7,F2,4,TW,49,98,64,97,34,102,102,34
7,F2,4,TW,50,91,62,91,29,108,109,30
7,F2,4,TW,51,105,70,105,34,94,95,35
7,F2,4,TW,52,105,66,104,38,95,95,38
7,F2,4,TW,53,101,69,100,32,99,99,32
7,F2,4,TW,54,113,81,112,32,87,87,32
7,F2,4,TW,55,111,74,110,36,89,89,36
7,F2,4,TW,56,99,68,98,30,101,101,30
7,F2,4,TW,57,99,67,98,31,101,101,31
7,F2,4,TW,58,90,60,90,29,109,110,30
7,F2,4,TW,59,105,65,104,39,95,95,39
7,F2,4,TW,60,102,62,102,39,97,98,40
7,F2,4,TW,61,93,63,93,29,106,107,30
7,F2,4,TW,62,91,59,90,31,109,109,31
7,F2,4,TW,63,104,69,104,35,95,96,36
7,F2,4,TW,64,87,62,87,25,112,113,26
7,F2,4,TW,65,105,78,105,27,94,95,28
7,F2,4,TW,66,93,62,93,30,106,107,31
7,F2,4,TW,67,102,67,102,34,97,98,35
7,F2,4,TW,68,86,51,86,34,113,114,35
7,F2,4,TW,69,111,79,110,31,89,89,31
7,F2,4,TW,70,97,64,96,33,103,103,33
7,F2,4,TW,71,82,51,81,31,118,118,31
7,F2,4,TW,72,94,53,93,41,106,106,41
7,F2,4,TW,73,114,74,113,39,86,86,39
7,F2,4,TW,74,101,72,101,28,98,99,29
7,F2,4,TW,75,104,72,103,31,96,96,31
7,F2,4,TW,76,115,79,115,35,84,85,36
7,F2,4,TW,77,106,72,106,33,93,94,34
7,F2,4,TW,78,92,60,91,32,108,108,32
7,F2,4,TW,79,115,86,114,28,85,85,28
7,F2,4,TW,80,112,79,112,32,87,88,33
7,F2,4,TW,81,88,55,88,32,111,112,33
7,F2,4,TW,82,94,58,94,35,105,106,36
7,F2,4,TW,83,108,76,107,31,92,92,31
7,F2,4,TW,84,99,69,99,29,100,101,30
7,F2,4,TW,85,128,100,127,28,72,72,28
7,F2,4,TW,86,109,77,108,31,91,91,31
7,F2,4,TW,87,91,60,91,31,108,109,32
7,F2,4,TW,88,72,38,71,33,128,128,33
7,F2,4,TW,89,106,75,106,31,93,94,32
7,F2,4,TW,90,102,75,102,26,97,98,27
7,F2,4,TW,91,111,78,111,32,88,89,33
7,F2,4,TW,92,87,53,86,33,113,113,33
7,F2,4,TW,93,111,80,110,30,89,89,30
7,F2,4,TW,94,95,64,95,31,104,105,32
7,F2,4,TW,95,106,78,106,28,93,94,29
7,F2,4,TW,96,107,68,106,38,93,93,38
7,F2,4,TW,97,64,33,64,31,135,136,32
7,F2,4,TW,98,108,74,108,34,91,92,35
7,F2,4,TW,99,115,77,114,37,85,85,37
7,F2,4,TW,100,108,78,108,29,91,92,30
7,F2,4,TW,101,75,41,75,33,124,125,34
7,F2,4,TW,102,101,68,101,32,98,99,33
7,F2,4,TW,103,93,58,93,34,106,107,35
7,F2,4,TW,104,94,65,94,29,105,106,30
7,F2,4,TW,105,84,54,84,30,115,116,31
7,F2,4,TW,106,101,70,101,30,98,99,31
7,F2,4,TW,107,103,69,103,33,96,97,34
7,F2,4,TW,108,107,72,106,35,93,93,35
7,F2,4,TW,109,101,73,100,27,99,99,27
7,F2,4,TW,110,96,66,96,30,103,104,31
7,F2,4,TW,111,90,55,89,34,110,110,34
7,F2,4,TW,112,90,53,90,36,109,110,37
7,F2,4,TW,113,106,73,106,32,93,94,33
7,F2,4,TW,114,86,55,85,30,114,114,30
7,F2,4,TW,115,96,59,96,36,103,104,37
7,F2,4,TW,116,100,66,99,34,100,100,34
7,F2,4,TW,117,89,54,89,35,110,111,36
7,F2,4,TW,118,107,80,106,26,93,93,26
7,F2,4,TW,119,104,68,103,35,96,96,35
7,F2,4,TW,120,103,63,103,40,96,97,41
7,F2,4,TW,121,92,57,91,34,108,108,34
7,F2,4,TW,122,108,76,108,31,91,92,32
7,F2,4,TW,123,89,55,89,33,110,111,34
7,F2,4,TW,124,88,58,88,29,111,112,30
7,F2,4,TW,125,87,56,87,30,112,113,31
7,F2,4,TW,126,109,77,109,32,90,91,33
7,F2,4,TW,127,116,86,115,30,84,84,30
7,F2,4,TW,128,93,60,92,32,107,107,32
7,F2,4,TW,129,97,65,96,31,103,103,31
7,F2,4,TW,130,93,59,92,34,107,107,34
7,F2,4,TW,131,92,59,92,32,107,108,33
7,F2,4,TW,132,99,66,99,32,100,101,33
7,F2,4,TW,133,87,52,86,34,113,113,34
7,F2,4,TW,134,96,64,95,31,104,104,31
7,F2,4,TW,135,111,80,110,31,89,89,31
7,F2,4,TW,136,85,48,84,36,115,115,36
7,F2,4,TW,137,96,63,95,33,104,104,33
7,F2,4,TW,138,105,72,104,33,95,95,33
7,F2,4,TW,139,106,79,105,26,94,94,26
7,F2,4,TW,140,133,97,132,36,67,67,36
7,F2,4,TW,141,97,64,96,32,103,103,32
7,F2,4,TW,142,107,73,107,34,92,93,35
7,F2,4,TW,143,109,80,109,28,90,91,29
7,F2,4,TW,144,99,69,99,29,100,101,30
7,F2,4,TW,145,115,81,115,33,84,85,34
7,F2,4,TW,146,84,55,83,28,116,116,28
7,F2,4,TW,147,111,80,110,30,89,89,30
7,F2,4,TW,148,107,74,106,32,93,93,32
7,F2,4,TW,149,94,64,93,29,106,106,29
7,F2,4,TW,150,94,63,93,31,106,106,31
7,F2,4,TW,151,92,51,92,40,107,108,41
7,F2,4,TW,152,102,68,101,33,98,98,33
7,F2,4,TW,153,105,74,104,30,95,95,30
7,F2,4,TW,154,109,79,108,30,91,91,30
7,F2,4,TW,155,89,54,89,35,110,111,36
7,F2,4,TW,156,102,69,102,32,97,98,33
7,F2,4,TW,157,78,48,78,29,121,122,30
7,F2,4,TW,158,106,74,105,31,94,94,31
7,F2,4,TW,159,86,50,86,36,113,114,37
7,F2,4,TW,160,93,65,93,27,106,107,28
7,F2,4,TW,161,104,66,104,38,95,96,39
7,F2,4,TW,162,95,61,95,33,104,105,34
7,F2,4,TW,163,98,68,98,29,101,102,30
7,F2,4,TW,164,121,91,120,29,79,79,29
7,F2,4,TW,165,95,61,94,33,105,105,33
7,F2,4,TW,166,126,98,125,27,74,74,27
7,F2,4,TW,167,93,57,93,35,106,107,36
7,F2,4,TW,168,95,63,95,32,104,105,33
7,F2,4,TW,169,115,80,115,34,84,85,35
7,F2,4,TW,170,111,77,111,33,88,89,34
7,F2,4,TW,171,107,75,106,31,93,93,31
7,F2,4,TW,172,120,91,120,28,79,80,29
7,F2,4,TW,173,105,73,105,31,94,95,32
7,F2,4,TW,174,115,81,114,34,85,85,34
7,F2,4,TW,175,116,83,115,32,84,84,32
7,F2,4,TW,176,117,84,117,33,82,83,34
7,F2,4,TW,177,89,54,89,34,110,111,35
7,F2,4,TW,178,82,50,81,32,118,118,32
7,F2,4,TW,179,87,48,87,38,112,113,39
7,F2,4,TW,180,103,69,103,33,96,97,34
7,F2,4,TW,181,95,62,94,32,105,105,32
7,F2,4,TW,182,78,48,78,29,121,122,30
7,F2,4,TW,183,106,76,105,29,94,94,29
7,F2,4,TW,184,75,38,75,36,124,125,37
7,F2,4,TW,185,122,92,122,30,77,78,31
7,F2,4,TW,186,107,78,107,28,92,93,29
7,F2,4,TW,187,110,76,110,33,89,90,34
7,F2,4,TW,188,87,59,87,27,112,113,28
7,F2,4,TW,189,105,71,105,33,94,95,34
7,F2,4,TW,190,110,76,110,34,89,90,35
7,F2,4,TW,191,86,57,86,28,113,114,29
7,F2,4,TW,192,97,60,97,36,102,103,37
7,F2,4,TW,193,106,75,106,31,93,94,32
7,F2,4,TW,194,103,70,103,33,96,97,34
7,F2,4,TW,195,97,70,97,27,102,103,28
7,F2,4,TW,196,94,65,94,29,105,106,30
7,F2,4,TW,197,96,62,95,33,104,104,33
7,F2,4,TW,198,125,83,124,42,75,75,42
7,F2,4,TW,199,97,62,96,35,103,103,35
7,F2,4,TW,200,102,66,102,35,97,98,36
8,F3,2,T,1,116,101,116,14,83,84,15
8,F3,2,T,2,95,79,94,16,105,105,16
8,F3,2,T,3,85,67,84,18,115,115,18
8,F3,2,T,4,82,62,81,19,118,118,19
8,F3,2,T,5,111,100,111,11,88,89,12
8,F3,2,T,6,78,61,77,16,122,122,16
8,F3,2,T,7,88,69,88,18,111,112,19
8,F3,2,T,8,64,47,63,16,136,136,16
8,F3,2,T,9,140,124,140,15,59,60,16
8,F3,2,T,10,116,98,116,17,83,84,18
8,F3,2,T,11,127,116,127,10,72,73,11
8,F3,2,T,12,92,79,92,13,107,108,14
8,F3,2,T,13,86,74,86,11,113,114,12
8,F3,2,T,14,82,63,82,18,117,118,19
8,F3,2,T,15,99,86,98,12,101,101,12
8,F3,2,T,16,95,85,94,10,105,105,10
8,F3,2,T,17,112,90,112,22,87,88,23
8,F3,2,T,18,98,83,98,15,101,102,16
8,F3,2,T,19,77,56,77,20,122,123,21
8,F3,2,T,20,97,81,97,15,102,103,16
8,F3,2,T,21,105,82,104,22,95,95,22
8,F3,2,T,22,108,88,107,19,92,92,19
8,F3,2,T,23,112,97,112,15,87,88,16
8,F3,2,T,24,102,83,101,18,98,98,18
8,F3,2,T,25,82,66,82,15,117,118,16
8,F3,2,T,26,76,63,75,12,124,124,12
8,F3,2,T,27,89,73,88,15,111,111,15
8,F3,2,T,28,83,73,83,9,116,117,10
8,F3,2,T,29,95,82,95,12,104,105,13
8,F3,2,T,30,58,44,58,13,141,142,14
8,F3,2,T,31,107,90,106,16,93,93,16
8,F3,2,T,32,101,83,101,17,98,99,18
8,F3,2,T,33,109,93,109,15,90,91,16
8,F3,2,T,34,77,61,77,16,122,123,17
8,F3,2,T,35,110,99,109,10,90,90,10
8,F3,2,T,36,102,87,101,14,98,98,14
8,F3,2,T,37,75,64,75,10,124,125,11
8,F3,2,T,38,99,84,98,14,101,101,14
8,F3,2,T,39,109,91,109,17,90,91,18
8,F3,2,T,40,94,79,94,14,105,106,15
8,F3,2,T,41,86,73,86,12,113,114,13
8,F3,2,T,42,82,67,81,14,118,118,14
8,F3,2,T,43,120,103,119,16,80,80,16
8,F3,2,T,44,104,88,104,15,95,96,16
8,F3,2,T,45,88,70,88,17,111,112,18
8,F3,2,T,46,100,83,99,16,100,100,16
8,F3,2,T,47,100,85,99,14,100,100,14
8,F3,2,T,48,69,49,69,19,130,131,20
8,F3,2,T,49,100,84,99,15,100,100,15
8,F3,2,T,50,82,67,81,15,118,118,15
8,F3,2,T,51,104,90,103,13,96,96,13
8,F3,2,T,52,127,117,126,9,73,73,9
8,F3,2,T,53,103,86,103,17,96,97,18
8,F3,2,T,54,126,107,125,18,74,74,18
8,F3,2,T,55,104,91,104,12,95,96,13
8,F3,2,T,56,68,58,68,9,131,132,10
8,F3,2,T,57,108,86,107,21,92,92,21
8,F3,2,T,58,80,62,79,18,120,120,18
8,F3,2,T,59,84,68,84,15,115,116,16
8,F3,2,T,60,93,75,92,17,107,107,17
8,F3,2,T,61,141,130,141,10,58,59,11
8,F3,2,T,62,147,134,146,12,53,53,12
8,F3,2,T,63,105,88,104,17,95,95,17
8,F3,2,T,64,106,91,106,14,93,94,15
8,F3,2,T,65,110,89,110,20,89,90,21
8,F3,2,T,66,82,66,81,15,118,118,15
8,F3,2,T,67,119,98,119,20,80,81,21
8,F3,2,T,68,64,55,64,9,135,136,10
8,F3,2,T,69,101,83,100,17,99,99,17
8,F3,2,T,70,65,50,65,15,134,135,16
8,F3,2,T,71,91,72,91,18,108,109,19
8,F3,2,T,72,110,88,110,21,89,90,22
8,F3,2,T,73,83,67,83,16,116,117,17
8,F3,2,T,74,128,106,127,21,72,72,21
8,F3,2,T,75,76,59,76,16,123,124,17
8,F3,2,T,76,109,94,109,14,90,91,15
8,F3,2,T,77,90,79,90,10,109,110,11
8,F3,2,T,78,118,98,117,19,82,82,19
8,F3,2,T,79,86,73,85,13,114,114,13
8,F3,2,T,80,130,114,129,15,70,70,15
8,F3,2,T,81,136,117,135,19,64,64,19
8,F3,2,T,82,85,68,84,16,115,115,16
8,F3,2,T,83,84,64,83,19,116,116,19
8,F3,2,T,84,119,106,118,12,81,81,12
8,F3,2,T,85,114,101,113,12,86,86,12
8,F3,2,T,86,112,94,111,17,88,88,17
8,F3,2,T,87,89,78,89,11,110,111,12
8,F3,2,T,88,120,105,119,14,80,80,14
8,F3,2,T,89,64,48,64,15,135,136,16
8,F3,2,T,90,127,113,126,13,73,73,13
8,F3,2,T,91,81,61,80,19,119,119,19
8,F3,2,T,92,115,100,114,14,85,85,14
8,F3,2,T,93,84,74,84,10,115,116,11
8,F3,2,T,94,97,84,97,12,102,103,13
8,F3,2,T,95,119,104,118,14,81,81,14
8,F3,2,T,96,118,104,117,13,82,82,13
8,F3,2,T,97,111,89,110,21,89,89,21
8,F3,2,T,98,106,96,106,9,93,94,10
8,F3,2,T,99,64,50,63,13,136,136,13
8,F3,2,T,100,89,77,88,11,111,111,11
8,F3,2,T,101,114,100,113,14,86,86,14
8,F3,2,T,102,74,61,73,12,126,126,12
8,F3,2,T,103,113,100,113,12,86,87,13
8,F3,2,T,104,80,65,79,14,120,120,14
8,F3,2,T,105,97,78,97,18,102,103,19
8,F3,2,T,106,108,89,108,18,91,92,19
8,F3,2,T,107,87,71,87,15,112,113,16
8,F3,2,T,108,100,85,99,14,100,100,14
8,F3,2,T,109,83,70,82,12,117,117,12
8,F3,2,T,110,124,106,124,17,75,76,18
8,F3,2,T,111,121,103,120,17,79,79,17
8,F3,2,T,112,148,136,147,11,52,52,11
8,F3,2,T,113,115,101,115,13,84,85,14
8,F3,2,T,114,167,154,166,13,33,33,13
8,F3,2,T,115,115,101,115,13,84,85,14
8,F3,2,T,116,95,81,95,13,104,105,14
8,F3,2,T,117,100,82,99,17,100,100,17
8,F3,2,T,118,103,89,103,13,96,97,14
8,F3,2,T,119,105,86,105,18,94,95,19
8,F3,2,T,120,93,76,93,16,106,107,17
8,F3,2,T,121,107,96,107,11,92,93,12
8,F3,2,T,122,117,100,117,16,82,83,17
8,F3,2,T,123,105,96,105,8,94,95,9
8,F3,2,T,124,76,62,76,13,123,124,14
8,F3,2,T,125,97,76,96,20,103,103,20
8,F3,2,T,126,72,59,71,13,128,128,13
8,F3,2,T,127,133,119,133,14,66,67,15
8,F3,2,T,128,100,83,99,16,100,100,16
8,F3,2,T,129,112,103,111,8,88,88,8
8,F3,2,T,130,109,97,109,11,90,91,12
8,F3,2,T,131,115,99,115,15,84,85,16
8,F3,2,T,132,134,122,133,11,66,66,11
8,F3,2,T,133,92,77,91,14,108,108,14
8,F3,2,T,134,104,91,104,12,95,96,13
8,F3,2,T,135,84,68,83,15,116,116,15
8,F3,2,T,136,129,116,128,12,71,71,12
8,F3,2,T,137,111,98,111,12,88,89,13
8,F3,2,T,138,89,73,88,16,111,111,16
8,F3,2,T,139,85,69,85,15,114,115,16
8,F3,2,T,140,105,86,104,18,95,95,18
8,F3,2,T,141,111,88,111,22,88,89,23
8,F3,2,T,142,78,63,78,14,121,122,15
8,F3,2,T,143,74,57,74,16,125,126,17
8,F3,2,T,144,104,89,104,14,95,96,15
8,F3,2,T,145,124,109,124,14,75,76,15
8,F3,2,T,146,98,84,97,13,102,102,13
8,F3,2,T,147,91,77,91,13,108,109,14
8,F3,2,T,148,60,37,60,22,139,140,23
8,F3,2,T,149,94,81,93,12,106,106,12
8,F3,2,T,150,101,81,100,20,99,99,20
8,F3,2,T,151,121,104,120,16,79,79,16
8,F3,2,T,152,106,93,106,12,93,94,13
8,F3,2,T,153,128,112,128,15,71,72,16
8,F3,2,T,154,78,62,78,15,121,122,16
8,F3,2,T,155,126,110,126,15,73,74,16
8,F3,2,T,156,127,111,126,15,73,73,15
8,F3,2,T,157,147,131,147,16,52,53,17
8,F3,2,T,158,58,42,58,15,141,142,16
8,F3,2,T,159,108,93,107,14,92,92,14
8,F3,2,T,160,83,67,83,15,116,117,16
8,F3,2,T,161,79,64,79,14,120,121,15
8,F3,2,T,162,117,99,116,17,83,83,17
8,F3,2,T,163,123,112,122,10,77,77,10
8,F3,2,T,164,104,91,103,12,96,96,12
8,F3,2,T,165,115,102,115,12,84,85,13
8,F3,2,T,166,82,69,82,12,117,118,13
8,F3,2,T,167,108,91,108,16,91,92,17
8,F3,2,T,168,94,82,93,12,106,106,12
8,F3,2,T,169,92,71,91,21,108,108,21
8,F3,2,T,170,125,112,125,12,74,75,13
8,F3,2,T,171,100,90,100,9,99,100,10
8,F3,2,T,172,135,119,134,15,65,65,15
8,F3,2,T,173,63,47,62,15,137,137,15
8,F3,2,T,174,114,100,114,13,85,86,14
8,F3,2,T,175,106,91,105,14,94,94,14
8,F3,2,T,176,111,97,111,13,88,89,14
8,F3,2,T,177,115,98,114,16,85,85,16
8,F3,2,T,178,105,88,104,16,95,95,16
8,F3,2,T,179,89,69,88,19,111,111,19
8,F3,2,T,180,80,62,80,17,119,120,18
8,F3,2,T,181,106,87,106,18,93,94,19
8,F3,2,T,182,123,105,122,17,77,77,17
8,F3,2,T,183,110,95,110,14,89,90,15
8,F3,2,T,184,113,93,113,19,86,87,20
8,F3,2,T,185,142,133,141,8,58,58,8
8,F3,2,T,186,117,107,117,9,82,83,10
8,F3,2,T,187,92,78,92,13,107,108,14
8,F3,2,T,188,87,72,87,14,112,113,15
8,F3,2,T,189,125,105,125,20,74,75,21
8,F3,2,T,190,109,94,109,14,90,91,15
8,F3,2,T,191,81,61,80,19,119,119,19
8,F3,2,T,192,91,73,90,17,109,109,17
8,F3,2,T,193,76,62,76,13,123,124,14
8,F3,2,T,194,85,68,84,16,115,115,16
8,F3,2,T,195,117,98,116,18,83,83,18
8,F3,2,T,196,97,80,96,16,103,103,16
8,F3,2,T,197,93,77,93,15,106,107,16
8,F3,2,T,198,112,100,111,11,88,88,11
8,F3,2,T,199,71,57,70,14,129,129,14
8,F3,2,T,200,126,113,125,12,74,74,12
8,F3,4,TW,1,97,76,96,20,103,103,20
8,F3,4,TW,2,101,81,100,20,99,99,20
8,F3,4,TW,3,73,54,72,19,127,127,19
8,F3,4,TW,4,83,64,82,18,117,117,18
8,F3,4,TW,5,77,65,77,12,122,123,13
8,F3,4,TW,6,81,62,80,18,119,119,18
8,F3,4,TW,7,88,62,88,25,111,112,26
8,F3,4,TW,8,76,59,75,16,124,124,16
8,F3,4,TW,9,117,96,117,20,82,83,21
8,F3,4,TW,10,137,118,137,18,62,63,19
8,F3,4,TW,11,108,93,108,14,91,92,15
8,F3,4,TW,12,101,85,101,16,98,99,17
8,F3,4,TW,13,76,60,76,16,123,124,17
8,F3,4,TW,14,101,81,100,19,99,99,19
8,F3,4,TW,15,65,49,64,16,135,135,16
8,F3,4,TW,16,111,92,111,18,88,89,19
8,F3,4,TW,17,103,83,103,20,96,97,21
8,F3,4,TW,18,86,66,85,20,114,114,20
8,F3,4,TW,19,67,45,67,21,132,133,22
8,F3,4,TW,20,97,76,96,20,103,103,20
8,F3,4,TW,21,114,93,113,21,86,86,21
8,F3,4,TW,22,126,104,126,21,73,74,22
8,F3,4,TW,23,105,87,104,17,95,95,17
8,F3,4,TW,24,113,95,112,17,87,87,17
8,F3,4,TW,25,97,77,97,19,102,103,20
8,F3,4,TW,26,100,81,99,18,100,100,18
8,F3,4,TW,27,106,82,105,23,94,94,23
8,F3,4,TW,28,86,70,86,16,113,114,17
8,F3,4,TW,29,65,50,65,14,134,135,15
8,F3,4,TW,30,41,24,41,16,158,159,17
8,F3,4,TW,31,92,77,91,14,108,108,14
8,F3,4,TW,32,116,95,115,20,84,84,20
8,F3,4,TW,33,112,84,112,27,87,88,28
8,F3,4,TW,34,115,99,115,16,84,85,17
8,F3,4,TW,35,127,108,126,18,73,73,18
8,F3,4,TW,36,104,83,103,20,96,96,20
8,F3,4,TW,37,83,70,83,12,116,117,13
8,F3,4,TW,38,113,92,112,20,87,87,20
8,F3,4,TW,39,95,74,95,20,104,105,21
8,F3,4,TW,40,85,67,85,17,114,115,18
8,F3,4,TW,41,127,108,126,18,73,73,18
8,F3,4,TW,42,103,86,102,16,97,97,16
8,F3,4,TW,43,82,65,81,16,118,118,16
8,F3,4,TW,44,103,86,103,16,96,97,17
8,F3,4,TW,45,73,50,73,22,126,127,23
8,F3,4,TW,46,88,68,88,19,111,112,20
8,F3,4,TW,47,101,80,100,20,99,99,20
8,F3,4,TW,48,66,45,66,20,133,134,21
8,F3,4,TW,49,123,104,122,18,77,77,18
8,F3,4,TW,50,111,95,110,16,89,89,16
8,F3,4,TW,51,78,62,78,15,121,122,16
8,F3,4,TW,52,106,91,106,14,93,94,15
8,F3,4,TW,53,160,141,159,19,40,40,19
8,F3,4,TW,54,89,71,89,17,110,111,18
8,F3,4,TW,55,93,74,93,18,106,107,19
8,F3,4,TW,56,80,64,80,15,119,120,16
8,F3,4,TW,57,104,80,103,23,96,96,23
8,F3,4,TW,58,107,87,106,20,93,93,20
8,F3,4,TW,59,103,84,103,18,96,97,19
8,F3,4,TW,60,87,64,87,23,112,113,24
8,F3,4,TW,61,99,80,99,19,100,101,20
8,F3,4,TW,62,99,87,98,11,101,101,11
8,F3,4,TW,63,78,59,78,19,121,122,20
8,F3,4,TW,64,129,113,129,15,70,71,16
8,F3,4,TW,65,113,98,113,14,86,87,15
8,F3,4,TW,66,109,91,108,17,91,91,17
8,F3,4,TW,67,126,102,126,23,73,74,24
8,F3,4,TW,68,103,86,103,17,96,97,18
8,F3,4,TW,69,99,78,98,20,101,101,20
8,F3,4,TW,70,126,108,126,17,73,74,18
8,F3,4,TW,71,86,66,86,19,113,114,20
8,F3,4,TW,72,105,82,104,22,95,95,22
8,F3,4,TW,73,95,75,95,20,104,105,21
8,F3,4,TW,74,124,107,123,16,76,76,16
8,F3,4,TW,75,96,74,95,21,104,104,21
8,F3,4,TW,76,100,83,100,16,99,100,17
8,F3,4,TW,77,98,79,98,18,101,102,19
8,F3,4,TW,78,118,94,118,23,81,82,24
8,F3,4,TW,79,80,65,80,15,119,120,16
8,F3,4,TW,80,117,98,116,18,83,83,18
8,F3,4,TW,81,106,81,105,25,94,94,25
8,F3,4,TW,82,99,77,98,22,101,101,22
8,F3,4,TW,83,110,89,110,21,89,90,22
8,F3,4,TW,84,98,79,97,19,102,102,19
8,F3,4,TW,85,104,86,103,17,96,96,17
8,F3,4,TW,86,131,113,130,17,69,69,17
8,F3,4,TW,87,113,96,113,16,86,87,17
8,F3,4,TW,88,110,90,109,19,90,90,19
8,F3,4,TW,89,66,43,66,22,133,134,23
8,F3,4,TW,90,127,109,126,17,73,73,17
8,F3,4,TW,91,89,70,88,18,111,111,18
8,F3,4,TW,92,92,70,91,21,108,108,21
8,F3,4,TW,93,94,77,94,17,105,106,18
8,F3,4,TW,94,105,92,105,12,94,95,13
8,F3,4,TW,95,117,104,116,13,83,83,13
8,F3,4,TW,96,126,108,126,17,73,74,18
8,F3,4,TW,97,112,92,111,19,88,88,19
8,F3,4,TW,98,119,100,119,18,80,81,19
8,F3,4,TW,99,76,59,75,17,124,124,17
8,F3,4,TW,100,106,90,105,15,94,94,15
8,F3,4,TW,101,79,63,78,16,121,121,16
8,F3,4,TW,102,64,48,64,15,135,136,16
8,F3,4,TW,103,67,52,67,14,132,133,15
8,F3,4,TW,104,105,90,104,14,95,95,14
8,F3,4,TW,105,96,78,96,17,103,104,18
8,F3,4,TW,106,127,107,127,19,72,73,20
8,F3,4,TW,107,118,102,118,15,81,82,16
8,F3,4,TW,108,101,87,101,13,98,99,14
8,F3,4,TW,109,118,102,117,15,82,82,15
8,F3,4,TW,110,121,99,120,21,79,79,21
8,F3,4,TW,111,118,94,118,23,81,82,24
8,F3,4,TW,112,118,102,118,15,81,82,16
8,F3,4,TW,113,99,81,99,17,100,101,18
8,F3,4,TW,114,118,100,117,17,82,82,17
8,F3,4,TW,115,123,105,123,17,76,77,18
8,F3,4,TW,116,96,77,96,18,103,104,19
8,F3,4,TW,117,83,61,83,21,116,117,22
8,F3,4,TW,118,122,105,122,16,77,78,17
8,F3,4,TW,119,123,108,123,14,76,77,15
8,F3,4,TW,120,106,85,105,20,94,94,20
8,F3,4,TW,121,73,60,73,13,126,127,14
8,F3,4,TW,122,92,72,92,19,107,108,20
8,F3,4,TW,123,102,87,102,15,97,98,16
8,F3,4,TW,124,65,49,65,16,134,135,17
8,F3,4,TW,125,118,96,117,22,82,82,22
8,F3,4,TW,126,79,59,78,19,121,121,19
8,F3,4,TW,127,116,98,116,17,83,84,18
8,F3,4,TW,128,92,75,91,16,108,108,16
8,F3,4,TW,129,115,102,114,13,85,85,13
8,F3,4,TW,130,108,91,107,16,92,92,16
8,F3,4,TW,131,122,103,122,18,77,78,19
8,F3,4,TW,132,107,90,106,16,93,93,16
8,F3,4,TW,133,71,56,70,14,129,129,14
8,F3,4,TW,134,99,81,99,17,100,101,18
8,F3,4,TW,135,91,75,90,15,109,109,15
8,F3,4,TW,136,109,88,109,20,90,91,21
8,F3,4,TW,137,150,131,150,18,49,50,19
8,F3,4,TW,138,120,104,119,15,80,80,15
8,F3,4,TW,139,87,66,87,20,112,113,21
8,F3,4,TW,140,86,69,85,16,114,114,16
8,F3,4,TW,141,113,88,112,24,87,87,24
8,F3,4,TW,142,65,48,65,16,134,135,17
8,F3,4,TW,143,93,72,93,20,106,107,21
8,F3,4,TW,144,91,71,91,19,108,109,20
8,F3,4,TW,145,79,65,79,13,120,121,14
8,F3,4,TW,146,132,116,131,15,68,68,15
8,F3,4,TW,147,105,88,105,16,94,95,17
8,F3,4,TW,148,93,64,93,28,106,107,29
8,F3,4,TW,149,118,101,117,17,82,82,17
8,F3,4,TW,150,103,83,102,20,97,97,20
8,F3,4,TW,151,143,126,142,16,57,57,16
8,F3,4,TW,152,118,102,118,15,81,82,16
8,F3,4,TW,153,102,80,102,21,97,98,22
8,F3,4,TW,154,93,73,93,19,106,107,20
8,F3,4,TW,155,154,138,153,15,46,46,15
8,F3,4,TW,156,110,91,110,18,89,90,19
8,F3,4,TW,157,119,100,119,19,80,81,20
8,F3,4,TW,158,80,58,80,21,119,120,22
8,F3,4,TW,159,118,105,118,12,81,82,13
8,F3,4,TW,160,122,108,122,13,77,78,14
8,F3,4,TW,161,99,79,99,19,100,101,20
8,F3,4,TW,162,94,74,93,19,106,106,19
8,F3,4,TW,163,123,103,122,19,77,77,19
8,F3,4,TW,164,83,67,83,15,116,117,16
8,F3,4,TW,165,134,117,134,16,65,66,17
8,F3,4,TW,166,121,106,120,14,79,79,14
8,F3,4,TW,167,107,84,107,22,92,93,23
8,F3,4,TW,168,94,75,93,19,106,106,19
8,F3,4,TW,169,103,83,102,20,97,97,20
8,F3,4,TW,170,85,66,84,18,115,115,18
8,F3,4,TW,171,100,80,100,19,99,100,20
8,F3,4,TW,172,124,100,123,23,76,76,23
8,F3,4,TW,173,93,73,92,19,107,107,19
8,F3,4,TW,174,137,121,136,15,63,63,15
8,F3,4,TW,175,94,74,94,19,105,106,20
8,F3,4,TW,176,128,109,128,18,71,72,19
8,F3,4,TW,177,116,97,115,18,84,84,18
8,F3,4,TW,178,101,84,101,16,98,99,17
8,F3,4,TW,179,105,83,105,21,94,95,22
8,F3,4,TW,180,86,69,85,16,114,114,16
8,F3,4,TW,181,125,102,125,23,74,75,24
8,F3,4,TW,182,127,110,126,16,73,73,16
8,F3,4,TW,183,119,101,119,17,80,81,18
8,F3,4,TW,184,114,96,113,17,86,86,17
8,F3,4,TW,185,78,64,77,14,122,122,14
8,F3,4,TW,186,105,90,105,14,94,95,15
8,F3,4,TW,187,90,69,90,20,109,110,21
8,F3,4,TW,188,89,72,88,16,111,111,16
8,F3,4,TW,189,101,81,101,20,98,99,21
8,F3,4,TW,190,84,65,83,18,116,116,18
8,F3,4,TW,191,108,87,107,20,92,92,20
8,F3,4,TW,192,81,64,81,17,118,119,18
8,F3,4,TW,193,76,55,75,20,124,124,20
8,F3,4,TW,194,88,68,87,20,112,112,20
8,F3,4,TW,195,97,76,96,20,103,103,20
8,F3,4,TW,196,101,85,101,15,98,99,16
8,F3,4,TW,197,85,67,85,17,114,115,18
8,F3,4,TW,198,92,71,92,20,107,108,21
8,F3,4,TW,199,93,76,92,17,107,107,17
8,F3,4,TW,200,98,83,98,14,101,102,15
9,F4,2,T,1,39,34,38,4,161,161,4
9,F4,2,T,2,116,113,116,2,83,84,3
9,F4,2,T,3,77,66,76,10,123,123,10
9,F4,2,T,4,103,91,102,11,97,97,11
9,F4,2,T,5,59,48,58,10,141,141,10
9,F4,2,T,6,125,118,124,6,75,75,6
9,F4,2,T,7,141,135,140,5,59,59,5
9,F4,2,T,8,143,138,142,4,57,57,4
9,F4,2,T,9,68,63,68,5,131,132,6
9,F4,2,T,10,143,137,143,5,56,57,6
9,F4,2,T,11,141,134,140,6,59,59,6
9,F4,2,T,12,124,115,123,8,76,76,8
9,F4,2,T,13,106,96,105,9,94,94,9
9,F4,2,T,14,83,76,82,6,117,117,6
9,F4,2,T,15,125,118,124,6,75,75,6
9,F4,2,T,16,67,61,67,5,132,133,6
9,F4,2,T,17,90,82,90,7,109,110,8
9,F4,2,T,18,175,169,174,5,25,25,5
9,F4,2,T,19,87,78,87,8,112,113,9
9,F4,2,T,20,116,108,115,7,84,84,7
9,F4,2,T,21,99,93,99,5,100,101,6
9,F4,2,T,22,142,137,141,4,58,58,4
9,F4,2,T,23,80,73,80,6,119,120,7
9,F4,2,T,24,42,36,42,5,157,158,6
9,F4,2,T,25,115,108,114,6,85,85,6
9,F4,2,T,26,122,117,121,4,78,78,4
9,F4,2,T,27,121,115,121,5,78,79,6
9,F4,2,T,28,68,61,67,6,132,132,6
9,F4,2,T,29,143,137,143,5,56,57,6
9,F4,2,T,30,90,82,89,7,110,110,7
9,F4,2,T,31,115,109,114,5,85,85,5
9,F4,2,T,32,81,73,81,7,118,119,8
9,F4,2,T,33,95,91,95,3,104,105,4
9,F4,2,T,34,110,100,110,9,89,90,10
9,F4,2,T,35,154,148,153,5,46,46,5
9,F4,2,T,36,110,106,110,3,89,90,4
9,F4,2,T,37,126,119,126,6,73,74,7
9,F4,2,T,38,122,113,121,8,78,78,8
9,F4,2,T,39,191,187,190,3,9,9,3
9,F4,2,T,40,96,89,95,6,104,104,6
9,F4,2,T,41,77,70,77,6,122,123,7
9,F4,2,T,42,97,91,96,5,103,103,5
9,F4,2,T,43,113,105,113,7,86,87,8
9,F4,2,T,44,153,149,152,3,47,47,3
9,F4,2,T,45,110,105,109,4,90,90,4
9,F4,2,T,46,74,70,74,3,125,126,4
9,F4,2,T,47,112,103,111,8,88,88,8
9,F4,2,T,48,129,121,128,8,71,71,8
9,F4,2,T,49,96,91,96,4,103,104,5
9,F4,2,T,50,121,112,121,8,78,79,9
9,F4,2,T,51,121,110,120,10,79,79,10
9,F4,2,T,52,108,98,107,9,92,92,9
9,F4,2,T,53,92,89,92,2,107,108,3
9,F4,2,T,54,118,109,118,8,81,82,9
9,F4,2,T,55,70,58,69,11,130,130,11
9,F4,2,T,56,53,48,53,4,146,147,5
9,F4,2,T,57,65,57,64,7,135,135,7
9,F4,2,T,58,111,104,110,6,89,89,6
9,F4,2,T,59,139,131,138,7,61,61,7
9,F4,2,T,60,119,110,118,8,81,81,8
9,F4,2,T,61,150,144,149,5,50,50,5
9,F4,2,T,62,71,65,70,5,129,129,5
9,F4,2,T,63,128,121,127,6,72,72,6
9,F4,2,T,64,98,94,98,3,101,102,4
9,F4,2,T,65,103,97,102,5,97,97,5
9,F4,2,T,66,135,127,134,7,65,65,7
9,F4,2,T,67,93,83,93,9,106,107,10
9,F4,2,T,68,164,157,164,6,35,36,7
9,F4,2,T,69,83,75,82,7,117,117,7
9,F4,2,T,70,154,149,153,4,46,46,4
9,F4,2,T,71,133,128,132,4,67,67,4
9,F4,2,T,72,80,76,80,3,119,120,4
9,F4,2,T,73,96,92,96,3,103,104,4
9,F4,2,T,74,77,71,76,5,123,123,5
9,F4,2,T,75,103,100,103,2,96,97,3
9,F4,2,T,76,90,82,89,7,110,110,7
9,F4,2,T,77,96,91,95,4,104,104,4
9,F4,2,T,78,94,87,93,6,106,106,6
9,F4,2,T,79,64,58,64,5,135,136,6
9,F4,2,T,80,119,114,118,4,81,81,4
9,F4,2,T,81,90,84,90,5,109,110,6
9,F4,2,T,82,59,54,58,4,141,141,4
9,F4,2,T,83,130,124,129,5,70,70,5
9,F4,2,T,84,92,84,92,7,107,108,8
9,F4,2,T,85,105,99,105,5,94,95,6
9,F4,2,T,86,153,149,153,3,46,47,4
9,F4,2,T,87,94,87,94,6,105,106,7
9,F4,2,T,88,122,113,121,8,78,78,8
9,F4,2,T,89,164,158,164,5,35,36,6
9,F4,2,T,90,122,115,121,6,78,78,6
9,F4,2,T,91,109,102,109,7,90,91,8
9,F4,2,T,92,70,61,70,8,129,130,9
9,F4,2,T,93,117,112,117,4,82,83,5
9,F4,2,T,94,90,79,90,10,109,110,11
9,F4,2,T,95,145,137,144,7,55,55,7
9,F4,2,T,96,174,170,173,3,26,26,3
9,F4,2,T,97,140,129,139,10,60,60,10
9,F4,2,T,98,76,72,76,3,123,124,4
9,F4,2,T,99,116,106,116,9,83,84,10
9,F4,2,T,100,169,163,168,5,31,31,5
9,F4,2,T,101,81,74,81,6,118,119,7
9,F4,2,T,102,147,140,147,6,52,53,7
9,F4,2,T,103,107,101,106,5,93,93,5
9,F4,2,T,104,101,95,100,6,99,99,6
9,F4,2,T,105,106,102,106,3,93,94,4
9,F4,2,T,106,133,125,133,7,66,67,8
9,F4,2,T,107,109,99,108,9,91,91,9
9,F4,2,T,108,109,96,109,12,90,91,13
9,F4,2,T,109,118,112,118,5,81,82,6
9,F4,2,T,110,154,144,153,9,46,46,9
9,F4,2,T,111,80,72,79,7,120,120,7
9,F4,2,T,112,123,117,122,5,77,77,5
9,F4,2,T,113,118,112,118,5,81,82,6
9,F4,2,T,114,168,162,167,5,32,32,5
9,F4,2,T,115,85,79,84,5,115,115,5
9,F4,2,T,116,182,178,181,3,18,18,3
9,F4,2,T,117,93,84,93,8,106,107,9
9,F4,2,T,118,74,64,73,9,126,126,9
9,F4,2,T,119,105,99,105,5,94,95,6
9,F4,2,T,120,69,65,69,3,130,131,4
9,F4,2,T,121,136,128,136,7,63,64,8
9,F4,2,T,122,69,65,69,3,130,131,4
9,F4,2,T,123,63,53,63,9,136,137,10
9,F4,2,T,124,59,54,59,4,140,141,5
9,F4,2,T,125,114,106,113,7,86,86,7
9,F4,2,T,126,107,99,106,7,93,93,7
9,F4,2,T,127,132,125,132,6,67,68,7
9,F4,2,T,128,94,87,94,6,105,106,7
9,F4,2,T,129,108,101,107,6,92,92,6
9,F4,2,T,130,81,73,81,7,118,119,8
9,F4,2,T,131,84,74,83,9,116,116,9
9,F4,2,T,132,95,87,94,7,105,105,7
9,F4,2,T,133,88,84,88,3,111,112,4
9,F4,2,T,134,179,173,178,5,21,21,5
9,F4,2,T,135,127,120,126,6,73,73,6
9,F4,2,T,136,75,68,75,6,124,125,7
9,F4,2,T,137,84,74,83,9,116,116,9
9,F4,2,T,138,131,122,130,8,69,69,8
9,F4,2,T,139,78,71,78,6,121,122,7
9,F4,2,T,140,80,73,80,6,119,120,7
9,F4,2,T,141,42,35,42,6,157,158,7
9,F4,2,T,142,46,39,46,6,153,154,7
9,F4,2,T,143,107,101,106,5,93,93,5
9,F4,2,T,144,111,103,110,7,89,89,7
9,F4,2,T,145,145,136,144,8,55,55,8
9,F4,2,T,146,77,70,77,6,122,123,7
9,F4,2,T,147,92,83,92,8,107,108,9
9,F4,2,T,148,131,126,130,4,69,69,4
9,F4,2,T,149,45,38,45,7,154,155,8
9,F4,2,T,150,83,74,82,8,117,117,8
9,F4,2,T,151,75,67,75,7,124,125,8
9,F4,2,T,152,116,112,115,4,84,84,4
9,F4,2,T,153,99,93,98,5,101,101,5
9,F4,2,T,154,126,117,125,8,74,74,8
9,F4,2,T,155,81,72,81,8,118,119,9
9,F4,2,T,156,111,107,110,3,89,89,3
9,F4,2,T,157,71,65,71,5,128,129,6
9,F4,2,T,158,31,26,30,4,169,169,4
9,F4,2,T,159,114,107,113,7,86,86,7
9,F4,2,T,160,149,141,148,7,51,51,7
9,F4,2,T,161,140,132,139,7,60,60,7
9,F4,2,T,162,140,134,140,5,59,60,6
9,F4,2,T,163,171,164,170,6,29,29,6
9,F4,2,T,164,120,111,120,8,79,80,9
9,F4,2,T,165,93,87,93,5,106,107,6
9,F4,2,T,166,134,130,133,3,66,66,3
9,F4,2,T,167,157,153,156,3,43,43,3
9,F4,2,T,168,96,90,96,5,103,104,6
9,F4,2,T,169,77,69,77,7,122,123,8
9,F4,2,T,170,145,139,144,5,55,55,5
9,F4,2,T,171,176,170,175,5,24,24,5
9,F4,2,T,172,118,111,117,7,82,82,7
9,F4,2,T,173,120,115,120,4,79,80,5
9,F4,2,T,174,69,63,69,5,130,131,6
9,F4,2,T,175,139,133,138,5,61,61,5
9,F4,2,T,176,76,67,76,8,123,124,9
9,F4,2,T,177,86,76,85,9,114,114,9
9,F4,2,T,178,93,85,92,7,107,107,7
9,F4,2,T,179,78,69,77,8,122,122,8
9,F4,2,T,180,167,162,166,4,33,33,4
9,F4,2,T,181,62,53,61,8,138,138,8
9,F4,2,T,182,79,73,79,5,120,121,6
9,F4,2,T,183,95,87,94,7,105,105,7
9,F4,2,T,184,103,94,102,8,97,97,8
9,F4,2,T,185,100,92,99,7,100,100,7
9,F4,2,T,186,99,88,98,11,101,101,11
9,F4,2,T,187,120,111,120,8,79,80,9
9,F4,2,T,188,142,132,141,9,58,58,9
9,F4,2,T,189,55,48,54,6,145,145,6
9,F4,2,T,190,118,113,118,4,81,82,5
9,F4,2,T,191,104,96,103,7,96,96,7
9,F4,2,T,192,112,105,112,6,87,88,7
9,F4,2,T,193,163,157,162,5,37,37,5
9,F4,2,T,194,150,144,150,5,49,50,6
9,F4,2,T,195,144,134,143,9,56,56,9
9,F4,2,T,196,137,129,137,7,62,63,8
9,F4,2,T,197,92,79,91,12,108,108,12
9,F4,2,T,198,106,99,105,6,94,94,6
9,F4,2,T,199,80,74,79,5,120,120,5
9,F4,2,T,200,152,145,151,6,48,48,6
9,F4,4,TW,1,53,46,53,6,146,147,7
9,F4,4,TW,2,127,122,127,4,72,73,5
9,F4,4,TW,3,102,89,101,12,98,98,12
9,F4,4,TW,4,119,108,118,10,81,81,10
9,F4,4,TW,5,79,69,78,9,121,121,9
9,F4,4,TW,6,135,126,134,8,65,65,8
9,F4,4,TW,7,109,98,108,10,91,91,10
9,F4,4,TW,8,115,109,114,5,85,85,5
9,F4,4,TW,9,94,88,93,5,106,106,5
9,F4,4,TW,10,148,141,148,6,51,52,7
9,F4,4,TW,11,101,93,100,7,99,99,7
9,F4,4,TW,12,122,113,122,8,77,78,9
9,F4,4,TW,13,95,82,94,12,105,105,12
9,F4,4,TW,14,55,48,54,6,145,145,6
9,F4,4,TW,15,106,95,105,10,94,94,10
9,F4,4,TW,16,109,102,108,6,91,91,6
9,F4,4,TW,17,66,59,66,6,133,134,7
9,F4,4,TW,18,151,141,150,9,49,49,9
9,F4,4,TW,19,131,122,131,8,68,69,9
9,F4,4,TW,20,111,101,110,9,89,89,9
9,F4,4,TW,21,95,86,95,8,104,105,9
9,F4,4,TW,22,119,110,119,8,80,81,9
9,F4,4,TW,23,74,64,74,10,125,126,11
9,F4,4,TW,24,78,68,77,9,122,122,9
9,F4,4,TW,25,118,109,117,8,82,82,8
9,F4,4,TW,26,75,64,74,10,125,125,10
9,F4,4,TW,27,95,85,94,10,105,105,10
9,F4,4,TW,28,99,90,99,8,100,101,9
9,F4,4,TW,29,114,105,114,8,85,86,9
9,F4,4,TW,30,121,112,120,8,79,79,8
9,F4,4,TW,31,161,153,160,7,39,39,7
9,F4,4,TW,32,77,67,77,9,122,123,10
9,F4,4,TW,33,121,113,120,7,79,79,7
9,F4,4,TW,34,118,107,118,10,81,82,11
9,F4,4,TW,35,137,129,136,7,63,63,7
9,F4,4,TW,36,129,120,128,8,71,71,8
9,F4,4,TW,37,115,103,115,11,84,85,12
9,F4,4,TW,38,80,70,79,9,120,120,9
9,F4,4,TW,39,164,160,164,3,35,36,4
9,F4,4,TW,40,75,66,75,8,124,125,9
9,F4,4,TW,41,74,67,74,6,125,126,7
9,F4,4,TW,42,117,109,117,7,82,83,8
9,F4,4,TW,43,118,106,118,11,81,82,12
9,F4,4,TW,44,156,151,155,4,44,44,4
9,F4,4,TW,45,99,92,98,6,101,101,6
9,F4,4,TW,46,97,92,97,4,102,103,5
9,F4,4,TW,47,125,114,124,10,75,75,10
9,F4,4,TW,48,117,108,116,9,83,83,9
9,F4,4,TW,49,124,118,124,5,75,76,6
9,F4,4,TW,50,84,75,83,8,116,116,8
9,F4,4,TW,51,78,63,78,14,121,122,15
9,F4,4,TW,52,108,99,107,8,92,92,8
9,F4,4,TW,53,75,68,74,6,125,125,6
9,F4,4,TW,54,109,97,109,11,90,91,12
9,F4,4,TW,55,74,63,73,10,126,126,10
9,F4,4,TW,56,100,90,100,9,99,100,10
9,F4,4,TW,57,90,81,90,8,109,110,9
9,F4,4,TW,58,104,94,103,9,96,96,9
9,F4,4,TW,59,136,125,135,10,64,64,10
9,F4,4,TW,60,112,101,111,11,88,88,11
9,F4,4,TW,61,127,119,126,8,73,73,8
9,F4,4,TW,62,92,86,92,5,107,108,6
9,F4,4,TW,63,120,110,119,9,80,80,9
9,F4,4,TW,64,120,115,119,4,80,80,4
9,F4,4,TW,65,102,97,102,5,97,98,6
9,F4,4,TW,66,108,98,107,9,92,92,9
9,F4,4,TW,67,121,110,120,10,79,79,10
9,F4,4,TW,68,119,108,119,10,80,81,11
9,F4,4,TW,69,98,89,97,8,102,102,8
9,F4,4,TW,70,80,72,80,7,119,120,8
9,F4,4,TW,71,107,96,106,10,93,93,10
9,F4,4,TW,72,109,103,109,5,90,91,6
9,F4,4,TW,73,81,75,81,5,118,119,6
9,F4,4,TW,74,53,49,53,3,146,147,4
9,F4,4,TW,75,120,113,119,6,80,80,6
9,F4,4,TW,76,99,92,98,7,101,101,7
9,F4,4,TW,77,126,121,125,4,74,74,4
9,F4,4,TW,78,78,70,77,7,122,122,7
9,F4,4,TW,79,87,81,87,5,112,113,6
9,F4,4,TW,80,113,105,112,7,87,87,7
9,F4,4,TW,81,108,100,107,7,92,92,7
9,F4,4,TW,82,49,40,49,8,150,151,9
9,F4,4,TW,83,105,94,105,10,94,95,11
9,F4,4,TW,84,103,92,103,10,96,97,11
9,F4,4,TW,85,111,104,111,6,88,89,7
9,F4,4,TW,86,94,87,94,6,105,106,7
9,F4,4,TW,87,118,108,117,9,82,82,9
9,F4,4,TW,88,77,68,76,8,123,123,8
9,F4,4,TW,89,114,108,114,6,85,86,7
9,F4,4,TW,90,120,113,120,6,79,80,7
9,F4,4,TW,91,103,91,103,11,96,97,12
9,F4,4,TW,92,103,94,102,8,97,97,8
9,F4,4,TW,93,128,119,128,8,71,72,9
9,F4,4,TW,94,83,70,82,12,117,117,12
9,F4,4,TW,95,83,77,83,5,116,117,6
9,F4,4,TW,96,116,109,115,6,84,84,6
9,F4,4,TW,97,139,126,138,12,61,61,12
9,F4,4,TW,98,53,48,53,4,146,147,5
9,F4,4,TW,99,97,85,97,12,102,103,13
9,F4,4,TW,100,168,164,167,3,32,32,3
9,F4,4,TW,101,98,87,98,10,101,102,11
9,F4,4,TW,102,139,129,139,9,60,61,10
9,F4,4,TW,103,65,57,64,7,135,135,7
9,F4,4,TW,104,133,125,132,8,67,67,8
9,F4,4,TW,105,117,112,117,4,82,83,5
9,F4,4,TW,106,115,103,115,11,84,85,12
9,F4,4,TW,107,117,106,116,10,83,83,10
9,F4,4,TW,108,111,96,111,14,88,89,15
9,F4,4,TW,109,92,82,92,9,107,108,10
9,F4,4,TW,110,113,99,113,13,86,87,14
9,F4,4,TW,111,129,121,128,7,71,71,7
9,F4,4,TW,112,134,125,133,8,66,66,8
9,F4,4,TW,113,101,90,101,10,98,99,11
9,F4,4,TW,114,162,155,162,6,37,38,7
9,F4,4,TW,115,141,131,140,9,59,59,9
9,F4,4,TW,116,171,165,170,5,29,29,5
9,F4,4,TW,117,105,97,105,7,94,95,8
9,F4,4,TW,118,85,74,84,10,115,115,10
9,F4,4,TW,119,127,118,127,8,72,73,9
9,F4,4,TW,120,99,92,98,6,101,101,6
9,F4,4,TW,121,151,144,151,6,48,49,7
9,F4,4,TW,122,56,48,55,7,144,144,7
9,F4,4,TW,123,116,103,115,12,84,84,12
9,F4,4,TW,124,88,79,88,8,111,112,9
9,F4,4,TW,125,100,91,100,8,99,100,9
9,F4,4,TW,126,98,89,97,8,102,102,8
9,F4,4,TW,127,92,83,91,8,108,108,8
9,F4,4,TW,128,90,80,89,9,110,110,9
9,F4,4,TW,129,121,112,120,8,79,79,8
9,F4,4,TW,130,81,71,81,9,118,119,10
9,F4,4,TW,131,95,85,94,9,105,105,9
9,F4,4,TW,132,148,137,148,10,51,52,11
9,F4,4,TW,133,105,97,105,7,94,95,8
9,F4,4,TW,134,98,90,98,7,101,102,8
9,F4,4,TW,135,143,132,143,10,56,57,11
9,F4,4,TW,136,65,49,65,15,134,135,16
9,F4,4,TW,137,83,74,82,8,117,117,8
9,F4,4,TW,138,131,120,130,10,69,69,10
9,F4,4,TW,139,99,88,99,10,100,101,11
9,F4,4,TW,140,112,103,112,8,87,88,9
9,F4,4,TW,141,138,127,137,10,62,62,10
9,F4,4,TW,142,65,56,64,8,135,135,8
9,F4,4,TW,143,87,78,86,8,113,113,8
9,F4,4,TW,144,137,126,136,10,63,63,10
9,F4,4,TW,145,125,117,124,7,75,75,7
9,F4,4,TW,146,56,47,55,9,144,144,9
9,F4,4,TW,147,82,73,82,8,117,118,9
9,F4,4,TW,148,94,87,93,6,106,106,6
9,F4,4,TW,149,54,45,53,9,146,146,9
9,F4,4,TW,150,101,90,101,10,98,99,11
9,F4,4,TW,151,94,86,94,7,105,106,8
9,F4,4,TW,152,86,80,85,6,114,114,6
9,F4,4,TW,153,83,73,83,9,116,117,10
9,F4,4,TW,154,151,144,151,6,48,49,7
9,F4,4,TW,155,108,99,108,9,91,92,10
9,F4,4,TW,156,133,125,132,7,67,67,7
9,F4,4,TW,157,104,95,104,8,95,96,9
9,F4,4,TW,158,68,62,67,5,132,132,5
9,F4,4,TW,159,103,92,102,11,97,97,11
9,F4,4,TW,160,124,116,123,7,76,76,7
9,F4,4,TW,161,123,115,122,7,77,77,7
9,F4,4,TW,162,109,98,109,10,90,91,11
9,F4,4,TW,163,166,158,165,7,34,34,7
9,F4,4,TW,164,78,63,78,14,121,122,15
9,F4,4,TW,165,87,80,87,6,112,113,7
9,F4,4,TW,166,94,89,94,4,105,106,5
9,F4,4,TW,167,78,71,77,6,122,122,6
9,F4,4,TW,168,127,120,126,6,73,73,6
9,F4,4,TW,169,83,75,83,7,116,117,8
9,F4,4,TW,170,143,136,142,6,57,57,6
9,F4,4,TW,171,154,147,154,6,45,46,7
9,F4,4,TW,172,97,89,97,8,102,103,9
9,F4,4,TW,173,133,125,133,7,66,67,8
9,F4,4,TW,174,82,72,82,9,117,118,10
9,F4,4,TW,175,113,107,112,5,87,87,5
9,F4,4,TW,176,55,47,55,7,144,145,8
9,F4,4,TW,177,103,87,102,15,97,97,15
9,F4,4,TW,178,133,127,132,5,67,67,5
9,F4,4,TW,179,75,65,74,9,125,125,9
9,F4,4,TW,180,145,138,144,6,55,55,6
9,F4,4,TW,181,59,52,59,6,140,141,7
9,F4,4,TW,182,96,87,96,8,103,104,9
9,F4,4,TW,183,99,87,98,11,101,101,11
9,F4,4,TW,184,107,96,106,10,93,93,10
9,F4,4,TW,185,97,88,97,8,102,103,9
9,F4,4,TW,186,126,117,126,9,73,74,10
9,F4,4,TW,187,96,85,95,10,104,104,10
9,F4,4,TW,188,83,71,83,11,116,117,12
9,F4,4,TW,189,115,105,114,9,85,85,9
9,F4,4,TW,190,112,104,112,7,87,88,8
9,F4,4,TW,191,97,86,97,11,102,103,12
9,F4,4,TW,192,134,118,133,15,66,66,15
9,F4,4,TW,193,134,127,134,6,65,66,7
9,F4,4,TW,194,111,105,111,5,88,89,6
9,F4,4,TW,195,133,119,132,13,67,67,13
9,F4,4,TW,196,133,124,133,8,66,67,9
9,F4,4,TW,197,79,65,78,13,121,121,13
9,F4,4,TW,198,110,97,109,12,90,90,12
9,F4,4,TW,199,40,31,39,8,160,160,8
9,F4,4,TW,200,127,118,126,8,73,73,8
10,HF200-1,2,T,1,70,24,70,46,129,130,47
10,HF200-1,2,T,2,76,27,76,49,123,124,50
10,HF200-1,2,T,3,78,37,78,40,121,122,41
10,HF200-1,2,T,4,69,32,69,36,130,131,37
10,HF200-1,2,T,5,61,24,60,37,139,139,37
10,HF200-1,2,T,6,78,30,78,48,121,122,49
10,HF200-1,2,T,7,53,11,53,41,146,147,42
10,HF200-1,2,T,8,84,37,84,47,115,116,48
10,HF200-1,2,T,9,73,26,73,46,126,127,47
10,HF200-1,2,T,10,35,12,34,23,165,165,23
10,HF200-1,2,T,11,59,23,58,35,141,141,35
10,HF200-1,2,T,12,60,24,60,35,139,140,36
10,HF200-1,2,T,13,60,17,59,42,140,140,42
10,HF200-1,2,T,14,69,28,69,40,130,131,41
10,HF200-1,2,T,15,63,25,62,38,137,137,38
10,HF200-1,2,T,16,74,33,73,41,126,126,41
10,HF200-1,2,T,17,69,39,69,29,130,131,30
10,HF200-1,2,T,18,86,42,86,43,113,114,44
10,HF200-1,2,T,19,8,3,8,5,191,192,6
10,HF200-1,2,T,20,75,37,74,37,125,125,37
10,HF200-1,2,T,21,77,31,76,46,123,123,46
10,HF200-1,2,T,22,59,21,59,38,140,141,39
10,HF200-1,2,T,23,41,16,41,24,158,159,25
10,HF200-1,2,T,24,20,9,20,10,179,180,11
10,HF200-1,2,T,25,59,18,59,41,140,141,42
10,HF200-1,2,T,26,49,16,49,32,150,151,33
10,HF200-1,2,T,27,75,28,75,47,124,125,48
10,HF200-1,2,T,28,68,23,68,45,131,132,46
10,HF200-1,2,T,29,83,42,83,40,116,117,41
10,HF200-1,2,T,30,13,5,13,7,186,187,8
10,HF200-1,2,T,31,66,24,66,41,133,134,42
10,HF200-1,2,T,32,62,20,61,42,138,138,42
10,HF200-1,2,T,33,48,17,48,31,151,152,32
10,HF200-1,2,T,34,70,34,70,35,129,130,36
10,HF200-1,2,T,35,28,6,28,22,171,172,23
10,HF200-1,2,T,36,42,20,42,22,157,158,23
10,HF200-1,2,T,37,75,39,74,35,125,125,35
10,HF200-1,2,T,38,47,15,47,32,152,153,33
10,HF200-1,2,T,39,82,39,82,42,117,118,43
10,HF200-1,2,T,40,55,19,55,36,144,145,37
10,HF200-1,2,T,41,54,15,54,38,145,146,39
10,HF200-1,2,T,42,85,40,85,45,114,115,46
10,HF200-1,2,T,43,28,9,28,19,171,172,20
10,HF200-1,2,T,44,63,21,63,41,136,137,42
10,HF200-1,2,T,45,82,40,82,41,117,118,42
10,HF200-1,2,T,46,16,5,16,11,183,184,12
10,HF200-1,2,T,47,3,0,3,3,196,197,4
10,HF200-1,2,T,48,21,8,21,13,178,179,14
10,HF200-1,2,T,49,79,32,79,46,120,121,47
10,HF200-1,2,T,50,44,11,44,32,155,156,33
10,HF200-1,2,T,51,75,33,75,41,124,125,42
10,HF200-1,2,T,52,69,25,69,43,130,131,44
10,HF200-1,2,T,53,75,33,74,41,125,125,41
10,HF200-1,2,T,54,59,21,59,37,140,141,38
10,HF200-1,2,T,55,74,33,74,41,125,126,42
10,HF200-1,2,T,56,74,31,74,43,125,126,44
10,HF200-1,2,T,57,77,36,77,41,122,123,42
10,HF200-1,2,T,58,59,22,59,36,140,141,37
10,HF200-1,2,T,59,85,40,84,44,115,115,44
10,HF200-1,2,T,60,68,25,68,42,131,132,43
10,HF200-1,2,T,61,63,24,63,38,136,137,39
10,HF200-1,2,T,62,71,26,71,44,128,129,45
10,HF200-1,2,T,63,70,40,70,30,129,130,31
10,HF200-1,2,T,64,76,33,76,43,123,124,44
10,HF200-1,2,T,65,69,26,69,43,130,131,44
10,HF200-1,2,T,66,63,21,63,42,136,137,43
10,HF200-1,2,T,67,86,43,86,43,113,114,44
10,HF200-1,2,T,68,71,32,71,38,128,129,39
10,HF200-1,2,T,69,71,29,71,41,128,129,42
10,HF200-1,2,T,70,20,5,20,15,179,180,16
10,HF200-1,2,T,71,64,27,63,37,136,136,37
10,HF200-1,2,T,72,59,22,59,37,140,141,38
10,HF200-1,2,T,73,76,31,76,44,123,124,45
10,HF200-1,2,T,74,78,33,78,45,121,122,46
10,HF200-1,2,T,75,77,33,77,44,122,123,45
10,HF200-1,2,T,76,39,11,39,27,160,161,28
10,HF200-1,2,T,77,58,22,58,35,141,142,36
10,HF200-1,2,T,78,80,31,79,49,120,120,49
10,HF200-1,2,T,79,84,36,83,48,116,116,48
10,HF200-1,2,T,80,69,31,69,38,130,131,39
10,HF200-1,2,T,81,77,35,77,41,122,123,42
10,HF200-1,2,T,82,83,40,82,42,117,117,42
10,HF200-1,2,T,83,76,29,76,47,123,124,48
10,HF200-1,2,T,84,73,28,73,45,126,127,46
10,HF200-1,2,T,85,29,15,29,14,170,171,15
10,HF200-1,2,T,86,54,16,54,37,145,146,38
10,HF200-1,2,T,87,57,24,57,32,142,143,33
10,HF200-1,2,T,88,46,16,45,30,154,154,30
10,HF200-1,2,T,89,68,25,67,43,132,132,43
10,HF200-1,2,T,90,64,29,64,34,135,136,35
10,HF200-1,2,T,91,73,38,73,35,126,127,36
10,HF200-1,2,T,92,80,37,80,42,119,120,43
10,HF200-1,2,T,93,16,3,16,13,183,184,14
10,HF200-1,2,T,94,61,23,61,38,138,139,39
10,HF200-1,2,T,95,82,41,81,40,118,118,40
10,HF200-1,2,T,96,57,15,57,41,142,143,42
10,HF200-1,2,T,97,61,26,61,35,138,139,36
10,HF200-1,2,T,98,73,28,72,44,127,127,44
10,HF200-1,2,T,99,16,4,16,11,183,184,12
10,HF200-1,2,T,100,66,26,66,39,133,134,40
10,HF200-1,2,T,101,66,19,65,46,134,134,46
10,HF200-1,2,T,102,47,21,47,25,152,153,26
10,HF200-1,2,T,103,83,39,82,43,117,117,43
10,HF200-1,2,T,104,74,31,74,43,125,126,44
10,HF200-1,2,T,105,38,13,38,24,161,162,25
10,HF200-1,2,T,106,77,30,76,47,123,123,47
10,HF200-1,2,T,107,63,24,63,39,136,137,40
10,HF200-1,2,T,108,49,21,48,28,151,151,28
10,HF200-1,2,T,109,1,0,1,1,198,199,2
10,HF200-1,2,T,110,60,28,60,32,139,140,33
10,HF200-1,2,T,111,73,31,73,41,126,127,42
10,HF200-1,2,T,112,67,30,66,37,133,133,37
10,HF200-1,2,T,113,36,17,36,19,163,164,20
10,HF200-1,2,T,114,49,17,49,32,150,151,33
10,HF200-1,2,T,115,76,30,75,46,124,124,46
10,HF200-1,2,T,116,84,37,83,46,116,116,46
10,HF200-1,2,T,117,81,44,81,36,118,119,37
10,HF200-1,2,T,118,73,33,72,40,127,127,40
10,HF200-1,2,T,119,52,17,52,34,147,148,35
10,HF200-1,2,T,120,48,9,48,38,151,152,39
10,HF200-1,2,T,121,4,2,4,2,195,196,3
10,HF200-1,2,T,122,78,38,77,39,122,122,39
10,HF200-1,2,T,123,39,14,39,25,160,161,26
10,HF200-1,2,T,124,64,23,63,40,136,136,40
10,HF200-1,2,T,125,66,22,66,44,133,134,45
10,HF200-1,2,T,126,32,14,32,17,167,168,18
10,HF200-1,2,T,127,58,17,58,41,141,142,42
10,HF200-1,2,T,128,41,12,41,29,158,159,30
10,HF200-1,2,T,129,65,27,64,38,135,135,38
10,HF200-1,2,T,130,68,27,68,41,131,132,42
10,HF200-1,2,T,131,60,25,60,35,139,140,36
10,HF200-1,2,T,132,83,39,83,43,116,117,44
10,HF200-1,2,T,133,61,19,61,42,138,139,43
10,HF200-1,2,T,134,74,31,74,43,125,126,44
10,HF200-1,2,T,135,72,34,71,37,128,128,37
10,HF200-1,2,T,136,81,35,80,45,119,119,45
10,HF200-1,2,T,137,75,27,74,47,125,125,47
10,HF200-1,2,T,138,72,26,71,46,128,128,46
10,HF200-1,2,T,139,74,27,73,47,126,126,47
10,HF200-1,2,T,140,74,29,74,45,125,126,46
10,HF200-1,2,T,141,69,26,69,43,130,131,44
10,HF200-1,2,T,142,65,18,65,46,134,135,47
10,HF200-1,2,T,143,71,28,70,42,129,129,42
10,HF200-1,2,T,144,72,34,71,37,128,128,37
10,HF200-1,2,T,145,53,19,53,33,146,147,34
10,HF200-1,2,T,146,68,23,68,44,131,132,45
10,HF200-1,2,T,147,71,28,71,43,128,129,44
10,HF200-1,2,T,148,78,32,77,46,122,122,46
10,HF200-1,2,T,149,54,20,54,34,145,146,35
10,HF200-1,2,T,150,76,33,75,43,124,124,43
10,HF200-1,2,T,151,16,7,16,9,183,184,10
10,HF200-1,2,T,152,44,22,43,22,156,156,22
10,HF200-1,2,T,153,62,23,61,39,138,138,39
10,HF200-1,2,T,154,58,19,58,38,141,142,39
10,HF200-1,2,T,155,70,31,70,39,129,130,40
10,HF200-1,2,T,156,79,39,79,39,120,121,40
10,HF200-1,2,T,157,70,31,70,39,129,130,40
10,HF200-1,2,T,158,75,30,74,45,125,125,45
10,HF200-1,2,T,159,75,32,75,43,124,125,44
10,HF200-1,2,T,160,70,25,69,45,130,130,45
10,HF200-1,2,T,161,68,33,68,34,131,132,35
10,HF200-1,2,T,162,64,20,64,44,135,136,45
10,HF200-1,2,T,163,43,22,43,20,156,157,21
10,HF200-1,2,T,164,51,17,51,34,148,149,35
10,HF200-1,2,T,165,75,39,74,36,125,125,36
10,HF200-1,2,T,166,52,17,52,35,147,148,36
10,HF200-1,2,T,167,73,27,73,45,126,127,46
10,HF200-1,2,T,168,2,1,2,1,197,198,2
10,HF200-1,2,T,169,79,36,79,43,120,121,44
10,HF200-1,2,T,170,72,27,72,44,127,128,45
10,HF200-1,2,T,171,47,15,47,32,152,153,33
10,HF200-1,2,T,172,70,26,70,44,129,130,45
10,HF200-1,2,T,173,62,24,61,38,138,138,38
10,HF200-1,2,T,174,78,34,77,43,122,122,43
10,HF200-1,2,T,175,73,27,73,46,126,127,47
10,HF200-1,2,T,176,63,21,62,42,137,137,42
10,HF200-1,2,T,177,70,27,69,42,130,130,42
10,HF200-1,2,T,178,82,32,82,50,117,118,51
10,HF200-1,2,T,179,66,33,66,33,133,134,34
10,HF200-1,2,T,180,52,22,52,30,147,148,31
10,HF200-1,2,T,181,70,31,69,38,130,130,38
10,HF200-1,2,T,182,63,23,62,39,137,137,39
10,HF200-1,2,T,183,73,33,73,39,126,127,40
10,HF200-1,2,T,184,65,20,64,45,135,135,45
10,HF200-1,2,T,185,76,35,75,41,124,124,41
10,HF200-1,2,T,186,56,26,56,29,143,144,30
10,HF200-1,2,T,187,89,44,89,45,110,111,46
10,HF200-1,2,T,188,72,27,71,45,128,128,45
10,HF200-1,2,T,189,63,22,63,41,136,137,42
10,HF200-1,2,T,190,96,53,96,42,103,104,43
10,HF200-1,2,T,191,76,33,75,43,124,124,43
10,HF200-1,2,T,192,59,23,59,35,140,141,36
10,HF200-1,2,T,193,66,26,65,40,134,134,40
10,HF200-1,2,T,194,32,13,32,18,167,168,19
10,HF200-1,2,T,195,80,40,79,39,120,120,39
10,HF200-1,2,T,196,67,30,67,37,132,133,38
10,HF200-1,2,T,197,14,5,14,9,185,186,10
10,HF200-1,2,T,198,62,27,62,35,137,138,36
10,HF200-1,2,T,199,57,20,57,36,142,143,37
10,HF200-1,2,T,200,37,13,37,23,162,163,24
10,HF200-1,4,TW,1,93,51,92,42,107,107,42
10,HF200-1,4,TW,2,93,43,92,49,107,107,49
10,HF200-1,4,TW,3,96,53,96,43,103,104,44
10,HF200-1,4,TW,4,108,60,108,47,91,92,48
10,HF200-1,4,TW,5,97,51,96,45,103,103,45
10,HF200-1,4,TW,6,85,41,85,44,114,115,45
10,HF200-1,4,TW,7,105,57,104,47,95,95,47
10,HF200-1,4,TW,8,108,59,108,49,91,92,50
10,HF200-1,4,TW,9,90,42,89,47,110,110,47
10,HF200-1,4,TW,10,100,52,100,48,99,100,49
10,HF200-1,4,TW,11,107,62,106,44,93,93,44
10,HF200-1,4,TW,12,100,50,99,49,100,100,49
10,HF200-1,4,TW,13,91,47,91,43,108,109,44
10,HF200-1,4,TW,14,102,59,101,42,98,98,42
10,HF200-1,4,TW,15,100,56,100,43,99,100,44
10,HF200-1,4,TW,16,110,61,110,48,89,90,49
10,HF200-1,4,TW,17,108,65,107,42,92,92,42
10,HF200-1,4,TW,18,106,61,105,44,94,94,44
10,HF200-1,4,TW,19,88,41,87,46,112,112,46
10,HF200-1,4,TW,20,99,59,98,39,101,101,39
10,HF200-1,4,TW,21,95,53,94,41,105,105,41
10,HF200-1,4,TW,22,93,52,92,41,107,107,41
10,HF200-1,4,TW,23,100,48,100,52,99,100,53
10,HF200-1,4,TW,24,114,72,113,41,86,86,41
10,HF200-1,4,TW,25,107,61,107,46,92,93,47
10,HF200-1,4,TW,26,77,33,76,43,123,123,43
10,HF200-1,4,TW,27,86,39,85,46,114,114,46
10,HF200-1,4,TW,28,84,39,83,45,116,116,45
10,HF200-1,4,TW,29,104,62,104,42,95,96,43
10,HF200-1,4,TW,30,94,54,93,39,106,106,39
10,HF200-1,4,TW,31,106,58,106,47,93,94,48
10,HF200-1,4,TW,32,95,45,94,49,105,105,49
10,HF200-1,4,TW,33,86,42,85,43,114,114,43
10,HF200-1,4,TW,34,113,67,112,45,87,87,45
10,HF200-1,4,TW,35,85,42,84,42,115,115,42
10,HF200-1,4,TW,36,90,46,89,43,110,110,43
10,HF200-1,4,TW,37,113,70,112,43,87,87,43
10,HF200-1,4,TW,38,112,68,112,43,87,88,44
10,HF200-1,4,TW,39,99,59,99,39,100,101,40
10,HF200-1,4,TW,40,82,36,82,46,117,118,47
10,HF200-1,4,TW,41,91,47,91,43,108,109,44
10,HF200-1,4,TW,42,112,68,112,44,87,88,45
10,HF200-1,4,TW,43,105,59,104,45,95,95,45
10,HF200-1,4,TW,44,110,59,109,50,90,90,50
10,HF200-1,4,TW,45,104,56,104,47,95,96,48
10,HF200-1,4,TW,46,100,50,99,49,100,100,49
10,HF200-1,4,TW,47,99,53,99,46,100,101,47
10,HF200-1,4,TW,48,102,60,102,42,97,98,43
10,HF200-1,4,TW,49,92,47,92,44,107,108,45
10,HF200-1,4,TW,50,95,57,95,37,104,105,38
10,HF200-1,4,TW,51,115,69,115,45,84,85,46
10,HF200-1,4,TW,52,94,42,94,51,105,106,52
10,HF200-1,4,TW,53,123,81,122,41,77,77,41
10,HF200-1,4,TW,54,100,56,100,43,99,100,44
10,HF200-1,4,TW,55,106,58,106,48,93,94,49
10,HF200-1,4,TW,56,99,60,99,38,100,101,39
10,HF200-1,4,TW,57,107,61,107,46,92,93,47
10,HF200-1,4,TW,58,98,56,98,41,101,102,42
10,HF200-1,4,TW,59,112,63,111,48,88,88,48
10,HF200-1,4,TW,60,79,32,79,46,120,121,47
10,HF200-1,4,TW,61,104,57,103,46,96,96,46
10,HF200-1,4,TW,62,95,51,94,43,105,105,43
10,HF200-1,4,TW,63,89,49,88,40,111,111,40
10,HF200-1,4,TW,64,111,65,111,46,88,89,47
10,HF200-1,4,TW,65,96,50,96,45,103,104,46
10,HF200-1,4,TW,66,101,56,101,44,98,99,45
10,HF200-1,4,TW,67,112,65,112,47,87,88,48
10,HF200-1,4,TW,68,95,49,94,46,105,105,46
10,HF200-1,4,TW,69,89,45,88,43,111,111,43
10,HF200-1,4,TW,70,73,32,73,41,126,127,42
10,HF200-1,4,TW,71,88,46,87,41,112,112,41
10,HF200-1,4,TW,72,89,49,89,39,110,111,40
10,HF200-1,4,TW,73,110,62,110,47,89,90,48
10,HF200-1,4,TW,74,98,51,98,47,101,102,48
10,HF200-1,4,TW,75,100,54,99,46,100,100,46
10,HF200-1,4,TW,76,91,45,90,45,109,109,45
10,HF200-1,4,TW,77,114,72,114,41,85,86,42
10,HF200-1,4,TW,78,97,53,97,43,102,103,44
10,HF200-1,4,TW,79,88,43,87,45,112,112,45
10,HF200-1,4,TW,80,98,60,98,38,101,102,39
10,HF200-1,4,TW,81,99,55,99,43,100,101,44
10,HF200-1,4,TW,82,106,54,106,51,93,94,52
10,HF200-1,4,TW,83,102,59,102,43,97,98,44
10,HF200-1,4,TW,84,93,48,93,45,106,107,46
10,HF200-1,4,TW,85,101,53,100,47,99,99,47
10,HF200-1,4,TW,86,101,60,101,41,98,99,42
10,HF200-1,4,TW,87,85,30,84,54,115,115,54
10,HF200-1,4,TW,88,95,49,94,45,105,105,45
10,HF200-1,4,TW,89,97,51,96,46,103,103,46
10,HF200-1,4,TW,90,104,64,103,39,96,96,39
10,HF200-1,4,TW,91,96,50,95,46,104,104,46
10,HF200-1,4,TW,92,97,55,96,41,103,103,41
10,HF200-1,4,TW,93,98,55,98,43,101,102,44
10,HF200-1,4,TW,94,112,61,111,50,88,88,50
10,HF200-1,4,TW,95,95,47,94,47,105,105,47
10,HF200-1,4,TW,96,97,50,97,46,102,103,47
10,HF200-1,4,TW,97,102,58,102,44,97,98,45
10,HF200-1,4,TW,98,110,62,110,48,89,90,49
10,HF200-1,4,TW,99,88,43,88,44,111,112,45
10,HF200-1,4,TW,100,104,56,104,47,95,96,48
10,HF200-1,4,TW,101,81,38,81,43,118,119,44
10,HF200-1,4,TW,102,101,61,100,39,99,99,39
10,HF200-1,4,TW,103,108,61,107,46,92,92,46
10,HF200-1,4,TW,104,103,61,103,42,96,97,43
10,HF200-1,4,TW,105,89,42,88,46,111,111,46
10,HF200-1,4,TW,106,93,44,92,49,107,107,49
10,HF200-1,4,TW,107,95,52,95,43,104,105,44
10,HF200-1,4,TW,108,88,46,88,42,111,112,43
10,HF200-1,4,TW,109,106,59,105,47,94,94,47
10,HF200-1,4,TW,110,97,51,96,45,103,103,45
10,HF200-1,4,TW,111,93,45,93,47,106,107,48
10,HF200-1,4,TW,112,99,50,98,48,101,101,48
10,HF200-1,4,TW,113,99,59,99,39,100,101,40
10,HF200-1,4,TW,114,91,45,91,46,108,109,47
10,HF200-1,4,TW,115,94,48,94,45,105,106,46
10,HF200-1,4,TW,116,116,69,115,47,84,84,47
10,HF200-1,4,TW,117,96,47,95,48,104,104,48
10,HF200-1,4,TW,118,99,53,99,45,100,101,46
10,HF200-1,4,TW,119,91,42,91,48,108,109,49
10,HF200-1,4,TW,120,92,41,91,50,108,108,50
10,HF200-1,4,TW,121,96,54,95,41,104,104,41
10,HF200-1,4,TW,122,95,60,94,34,105,105,34
10,HF200-1,4,TW,123,96,50,96,46,103,104,47
10,HF200-1,4,TW,124,87,42,87,44,112,113,45
10,HF200-1,4,TW,125,94,53,94,41,105,106,42
10,HF200-1,4,TW,126,94,40,93,53,106,106,53
10,HF200-1,4,TW,127,99,56,98,43,101,101,43
10,HF200-1,4,TW,128,95,47,95,47,104,105,48
10,HF200-1,4,TW,129,104,56,104,48,95,96,49
10,HF200-1,4,TW,130,97,48,97,48,102,103,49
10,HF200-1,4,TW,131,89,42,89,47,110,111,48
10,HF200-1,4,TW,132,96,56,96,39,103,104,40
10,HF200-1,4,TW,133,117,71,116,45,83,83,45
10,HF200-1,4,TW,134,102,51,102,50,97,98,51
10,HF200-1,4,TW,135,88,47,88,40,111,112,41
10,HF200-1,4,TW,136,100,58,99,41,100,100,41
10,HF200-1,4,TW,137,96,45,95,51,104,104,51
10,HF200-1,4,TW,138,92,48,92,44,107,108,45
10,HF200-1,4,TW,139,100,58,100,42,99,100,43
10,HF200-1,4,TW,140,91,45,91,46,108,109,47
10,HF200-1,4,TW,141,89,44,88,45,111,111,45
10,HF200-1,4,TW,142,88,40,87,47,112,112,47
10,HF200-1,4,TW,143,115,66,115,49,84,85,50
10,HF200-1,4,TW,144,104,59,103,44,96,96,44
10,HF200-1,4,TW,145,99,48,98,50,101,101,50
10,HF200-1,4,TW,146,97,48,96,48,103,103,48
10,HF200-1,4,TW,147,94,51,93,43,106,106,43
10,HF200-1,4,TW,148,83,33,83,50,116,117,51
10,HF200-1,4,TW,149,99,53,99,46,100,101,47
10,HF200-1,4,TW,150,100,49,100,50,99,100,51
10,HF200-1,4,TW,151,112,68,111,44,88,88,44
10,HF200-1,4,TW,152,82,31,82,51,117,118,52
10,HF200-1,4,TW,153,109,64,108,45,91,91,45
10,HF200-1,4,TW,154,103,62,103,40,96,97,41
10,HF200-1,4,TW,155,85,42,85,42,114,115,43
10,HF200-1,4,TW,156,87,42,87,44,112,113,45
10,HF200-1,4,TW,157,102,58,102,44,97,98,45
10,HF200-1,4,TW,158,88,44,88,44,111,112,45
10,HF200-1,4,TW,159,109,57,109,51,90,91,52
10,HF200-1,4,TW,160,90,48,89,42,110,110,42
10,HF200-1,4,TW,161,106,57,106,48,93,94,49
10,HF200-1,4,TW,162,122,74,121,47,78,78,47
10,HF200-1,4,TW,163,96,49,95,47,104,104,47
10,HF200-1,4,TW,164,103,54,102,49,97,97,49
10,HF200-1,4,TW,165,103,60,103,42,96,97,43
10,HF200-1,4,TW,166,107,59,106,48,93,93,48
10,HF200-1,4,TW,167,89,40,89,48,110,111,49
10,HF200-1,4,TW,168,105,58,104,47,95,95,47
10,HF200-1,4,TW,169,95,47,95,47,104,105,48
10,HF200-1,4,TW,170,105,56,105,48,94,95,49
10,HF200-1,4,TW,171,104,57,103,46,96,96,46
10,HF200-1,4,TW,172,110,58,110,51,89,90,52
10,HF200-1,4,TW,173,103,60,103,43,96,97,44
10,HF200-1,4,TW,174,102,49,102,52,97,98,53
10,HF200-1,4,TW,175,100,53,100,46,99,100,47
10,HF200-1,4,TW,176,88,36,87,51,112,112,51
10,HF200-1,4,TW,177,86,38,85,47,114,114,47
10,HF200-1,4,TW,178,101,54,101,47,98,99,48
10,HF200-1,4,TW,179,100,56,100,44,99,100,45
10,HF200-1,4,TW,180,88,45,88,43,111,112,44
10,HF200-1,4,TW,181,109,65,108,43,91,91,43
10,HF200-1,4,TW,182,95,49,94,46,105,105,46
10,HF200-1,4,TW,183,85,37,85,47,114,115,48
10,HF200-1,4,TW,184,109,62,108,46,91,91,46
10,HF200-1,4,TW,185,99,60,98,38,101,101,38
10,HF200-1,4,TW,186,95,46,94,48,105,105,48
10,HF200-1,4,TW,187,98,54,98,44,101,102,45
10,HF200-1,4,TW,188,84,43,84,41,115,116,42
10,HF200-1,4,TW,189,119,73,119,46,80,81,47
10,HF200-1,4,TW,190,112,64,112,47,87,88,48
10,HF200-1,4,TW,191,103,62,102,40,97,97,40
10,HF200-1,4,TW,192,82,38,81,44,118,118,44
10,HF200-1,4,TW,193,100,50,99,50,100,100,50
10,HF200-1,4,TW,194,106,57,105,48,94,94,48
10,HF200-1,4,TW,195,92,40,91,51,108,108,51
10,HF200-1,4,TW,196,108,61,107,46,92,92,46
10,HF200-1,4,TW,197,92,40,92,52,107,108,53
10,HF200-1,4,TW,198,112,68,111,43,88,88,43
10,HF200-1,4,TW,199,93,52,92,40,107,107,40
10,HF200-1,4,TW,200,98,43,98,54,101,102,55
11,HF200-2,2,T,1,50,19,50,30,149,150,31
11,HF200-2,2,T,2,63,36,62,26,137,137,26
11,HF200-2,2,T,3,38,14,38,23,161,162,24
11,HF200-2,2,T,4,64,32,64,31,135,136,32
11,HF200-2,2,T,5,64,33,64,31,135,136,32
11,HF200-2,2,T,6,64,27,63,37,136,136,37
11,HF200-2,2,T,7,61,30,61,30,138,139,31
11,HF200-2,2,T,8,64,32,64,32,135,136,33
11,HF200-2,2,T,9,66,27,65,38,134,134,38
11,HF200-2,2,T,10,56,27,56,28,143,144,29
11,HF200-2,2,T,11,60,31,60,29,139,140,30
11,HF200-2,2,T,12,27,17,27,10,172,173,11
11,HF200-2,2,T,13,70,40,70,30,129,130,31
11,HF200-2,2,T,14,72,46,71,25,128,128,25
11,HF200-2,2,T,15,80,44,80,35,119,120,36
11,HF200-2,2,T,16,50,24,50,26,149,150,27
11,HF200-2,2,T,17,72,43,72,29,127,128,30
11,HF200-2,2,T,18,51,26,51,25,148,149,26
11,HF200-2,2,T,19,36,13,36,22,163,164,23
11,HF200-2,2,T,20,8,4,8,3,191,192,4
11,HF200-2,2,T,21,80,44,80,35,119,120,36
11,HF200-2,2,T,22,61,31,61,30,138,139,31
11,HF200-2,2,T,23,81,52,80,29,119,119,29
11,HF200-2,2,T,24,65,31,64,34,135,135,34
11,HF200-2,2,T,25,41,24,41,16,158,159,17
11,HF200-2,2,T,26,59,28,59,31,140,141,32
11,HF200-2,2,T,27,44,21,44,23,155,156,24
11,HF200-2,2,T,28,70,41,70,29,129,130,30
11,HF200-2,2,T,29,25,12,25,13,174,175,14
11,HF200-2,2,T,30,63,31,62,31,137,137,31
11,HF200-2,2,T,31,27,10,27,17,172,173,18
11,HF200-2,2,T,32,75,40,75,34,124,125,35
11,HF200-2,2,T,33,6,4,6,1,193,194,2
11,HF200-2,2,T,34,38,17,38,21,161,162,22
11,HF200-2,2,T,35,67,33,67,34,132,133,35
11,HF200-2,2,T,36,42,22,41,20,158,158,20
11,HF200-2,2,T,37,82,41,82,40,117,118,41
11,HF200-2,2,T,38,70,32,69,38,130,130,38
11,HF200-2,2,T,39,80,39,79,41,120,120,41
11,HF200-2,2,T,40,17,5,17,11,182,183,12
11,HF200-2,2,T,41,101,64,100,36,99,99,36
11,HF200-2,2,T,42,72,40,72,31,127,128,32
11,HF200-2,2,T,43,52,27,51,25,148,148,25
11,HF200-2,2,T,44,60,28,60,32,139,140,33
11,HF200-2,2,T,45,60,30,60,30,139,140,31
11,HF200-2,2,T,46,61,29,61,32,138,139,33
11,HF200-2,2,T,47,26,9,26,16,173,174,17
11,HF200-2,2,T,48,88,50,88,37,111,112,38
11,HF200-2,2,T,49,57,23,57,33,142,143,34
11,HF200-2,2,T,50,87,44,87,42,112,113,43
11,HF200-2,2,T,51,54,26,54,27,145,146,28
11,HF200-2,2,T,52,38,24,38,13,161,162,14
11,HF200-2,2,T,53,7,0,7,6,192,193,7
11,HF200-2,2,T,54,62,34,62,27,137,138,28
11,HF200-2,2,T,55,48,12,48,35,151,152,36
11,HF200-2,2,T,56,58,34,58,24,141,142,25
11,HF200-2,2,T,57,51,25,50,25,149,149,25
11,HF200-2,2,T,58,53,22,53,30,146,147,31
11,HF200-2,2,T,59,51,19,51,31,148,149,32
11,HF200-2,2,T,60,61,34,61,26,138,139,27
11,HF200-2,2,T,61,61,29,61,32,138,139,33
11,HF200-2,2,T,62,55,24,55,31,144,145,32
11,HF200-2,2,T,63,74,36,73,37,126,126,37
11,HF200-2,2,T,64,11,2,11,9,188,189,10
11,HF200-2,2,T,65,69,33,68,36,131,131,36
11,HF200-2,2,T,66,56,28,55,27,144,144,27
11,HF200-2,2,T,67,90,46,90,43,109,110,44
11,HF200-2,2,T,68,85,37,84,48,115,115,48
11,HF200-2,2,T,69,44,30,43,13,156,156,13
11,HF200-2,2,T,70,29,16,29,13,170,171,14
11,HF200-2,2,T,71,20,5,20,15,179,180,16
11,HF200-2,2,T,72,62,30,62,32,137,138,33
11,HF200-2,2,T,73,79,43,79,36,120,121,37
11,HF200-2,2,T,74,90,50,89,39,110,110,39
11,HF200-2,2,T,75,52,26,52,26,147,148,27
11,HF200-2,2,T,76,53,24,53,29,146,147,30
11,HF200-2,2,T,77,47,18,47,28,152,153,29
11,HF200-2,2,T,78,90,51,89,39,110,110,39
11,HF200-2,2,T,79,0,0,0,0,199,200,1
11,HF200-2,2,T,80,16,7,16,8,183,184,9
11,HF200-2,2,T,81,62,36,62,25,137,138,26
11,HF200-2,2,T,82,69,32,68,36,131,131,36
11,HF200-2,2,T,83,77,39,77,37,122,123,38
11,HF200-2,2,T,84,75,47,74,27,125,125,27
11,HF200-2,2,T,85,75,37,74,37,125,125,37
11,HF200-2,2,T,86,47,10,47,37,152,153,38
11,HF200-2,2,T,87,76,38,76,38,123,124,39
11,HF200-2,2,T,88,69,39,69,29,130,131,30
11,HF200-2,2,T,89,32,17,32,14,167,168,15
11,HF200-2,2,T,90,56,26,56,30,143,144,31
11,HF200-2,2,T,91,7,2,7,5,192,193,6
11,HF200-2,2,T,92,81,40,80,40,119,119,40
11,HF200-2,2,T,93,24,13,24,10,175,176,11
11,HF200-2,2,T,94,52,26,52,26,147,148,27
11,HF200-2,2,T,95,42,16,42,26,157,158,27
11,HF200-2,2,T,96,33,12,33,20,166,167,21
11,HF200-2,2,T,97,48,29,48,19,151,152,20
11,HF200-2,2,T,98,72,42,72,29,127,128,30
11,HF200-2,2,T,99,19,8,19,11,180,181,12
11,HF200-2,2,T,100,53,24,53,29,146,147,30
11,HF200-2,2,T,101,63,39,63,23,136,137,24
11,HF200-2,2,T,102,52,28,51,23,148,148,23
11,HF200-2,2,T,103,79,35,79,43,120,121,44
11,HF200-2,2,T,104,14,4,14,9,185,186,10
11,HF200-2,2,T,105,74,43,73,31,126,126,31
11,HF200-2,2,T,106,50,24,50,25,149,150,26
11,HF200-2,2,T,107,57,29,56,28,143,143,28
11,HF200-2,2,T,108,68,35,67,32,132,132,32
11,HF200-2,2,T,109,59,30,59,28,140,141,29
11,HF200-2,2,T,110,62,35,61,26,138,138,26
11,HF200-2,2,T,111,39,17,39,22,160,161,23
11,HF200-2,2,T,112,53,21,53,31,146,147,32
11,HF200-2,2,T,113,22,15,22,7,177,178,8
11,HF200-2,2,T,114,78,38,78,39,121,122,40
11,HF200-2,2,T,115,59,32,59,27,140,141,28
11,HF200-2,2,T,116,53,25,53,28,146,147,29
11,HF200-2,2,T,117,43,21,43,22,156,157,23
11,HF200-2,2,T,118,70,27,69,43,130,130,43
11,HF200-2,2,T,119,55,26,55,28,144,145,29
11,HF200-2,2,T,120,46,23,45,23,154,154,23
11,HF200-2,2,T,121,68,35,68,32,131,132,33
11,HF200-2,2,T,122,88,44,87,44,112,112,44
11,HF200-2,2,T,123,30,20,30,10,169,170,11
11,HF200-2,2,T,124,50,25,50,24,149,150,25
11,HF200-2,2,T,125,55,30,54,24,145,145,24
11,HF200-2,2,T,126,56,23,56,32,143,144,33
11,HF200-2,2,T,127,42,22,42,20,157,158,21
11,HF200-2,2,T,128,86,48,86,37,113,114,38
11,HF200-2,2,T,129,68,31,67,37,132,132,37
11,HF200-2,2,T,130,26,14,26,11,173,174,12
11,HF200-2,2,T,131,33,17,33,16,166,167,17
11,HF200-2,2,T,132,72,37,71,35,128,128,35
11,HF200-2,2,T,133,4,1,4,2,195,196,3
11,HF200-2,2,T,134,80,46,80,34,119,120,35
11,HF200-2,2,T,135,77,41,76,35,123,123,35
11,HF200-2,2,T,136,81,50,81,31,118,119,32
11,HF200-2,2,T,137,54,27,54,26,145,146,27
11,HF200-2,2,T,138,53,24,53,28,146,147,29
11,HF200-2,2,T,139,51,20,51,31,148,149,32
11,HF200-2,2,T,140,54,22,54,31,145,146,32
11,HF200-2,2,T,141,7,2,7,5,192,193,6
11,HF200-2,2,T,142,37,21,36,16,163,163,16
11,HF200-2,2,T,143,59,28,59,31,140,141,32
11,HF200-2,2,T,144,57,23,57,34,142,143,35
11,HF200-2,2,T,145,59,27,58,32,141,141,32
11,HF200-2,2,T,146,36,13,36,23,163,164,24
11,HF200-2,2,T,147,53,26,53,27,146,147,28
11,HF200-2,2,T,148,52,20,51,32,148,148,32
11,HF200-2,2,T,149,61,28,60,32,139,139,32
11,HF200-2,2,T,150,83,45,83,37,116,117,38
11,HF200-2,2,T,151,87,43,87,44,112,113,45
11,HF200-2,2,T,152,22,9,22,12,177,178,13
11,HF200-2,2,T,153,54,34,54,20,145,146,21
11,HF200-2,2,T,154,44,16,44,28,155,156,29
11,HF200-2,2,T,155,45,24,45,20,154,155,21
11,HF200-2,2,T,156,90,46,89,44,110,110,44
11,HF200-2,2,T,157,53,22,52,30,147,147,30
11,HF200-2,2,T,158,70,39,69,31,130,130,31
11,HF200-2,2,T,159,33,18,33,14,166,167,15
11,HF200-2,2,T,160,35,12,34,23,165,165,23
11,HF200-2,2,T,161,66,30,66,35,133,134,36
11,HF200-2,2,T,162,85,49,85,35,114,115,36
11,HF200-2,2,T,163,67,35,66,32,133,133,32
11,HF200-2,2,T,164,79,39,79,39,120,121,40
11,HF200-2,2,T,165,21,11,21,10,178,179,11
11,HF200-2,2,T,166,43,20,42,23,157,157,23
11,HF200-2,2,T,167,36,14,36,21,163,164,22
11,HF200-2,2,T,168,75,35,74,40,125,125,40
11,HF200-2,2,T,169,58,25,57,32,142,142,32
11,HF200-2,2,T,170,64,34,63,30,136,136,30
11,HF200-2,2,T,171,72,35,72,37,127,128,38
11,HF200-2,2,T,172,70,34,70,35,129,130,36
11,HF200-2,2,T,173,87,42,86,45,113,113,45
11,HF200-2,2,T,174,44,13,43,31,156,156,31
11,HF200-2,2,T,175,58,26,58,32,141,142,33
11,HF200-2,2,T,176,65,30,65,34,134,135,35
11,HF200-2,2,T,177,73,36,72,36,127,127,36
11,HF200-2,2,T,178,73,38,73,34,126,127,35
11,HF200-2,2,T,179,66,32,66,33,133,134,34
11,HF200-2,2,T,180,89,46,89,43,110,111,44
11,HF200-2,2,T,181,28,8,28,19,171,172,20
11,HF200-2,2,T,182,62,30,62,31,137,138,32
11,HF200-2,2,T,183,56,16,56,40,143,144,41
11,HF200-2,2,T,184,55,20,55,35,144,145,36
11,HF200-2,2,T,185,62,28,62,33,137,138,34
11,HF200-2,2,T,186,38,23,38,14,161,162,15
11,HF200-2,2,T,187,83,45,83,38,116,117,39
11,HF200-2,2,T,188,39,16,38,22,161,161,22
11,HF200-2,2,T,189,60,26,59,33,140,140,33
11,HF200-2,2,T,190,52,33,52,19,147,148,20
11,HF200-2,2,T,191,49,27,49,21,150,151,22
11,HF200-2,2,T,192,38,13,38,25,161,162,26
11,HF200-2,2,T,193,42,24,41,18,158,158,18
11,HF200-2,2,T,194,25,8,25,17,174,175,18
11,HF200-2,2,T,195,83,50,83,33,116,117,34
11,HF200-2,2,T,196,53,23,53,29,146,147,30
11,HF200-2,2,T,197,54,24,54,30,145,146,31
11,HF200-2,2,T,198,74,34,73,39,126,126,39
11,HF200-2,2,T,199,78,43,77,34,122,122,34
11,HF200-2,2,T,200,47,29,47,17,152,153,18
11,HF200-2,4,TW,1,85,52,84,32,115,115,32
11,HF200-2,4,TW,2,99,66,99,33,100,101,34
11,HF200-2,4,TW,3,105,65,105,39,94,95,40
11,HF200-2,4,TW,4,122,91,122,30,77,78,31
11,HF200-2,4,TW,5,114,82,113,31,86,86,31
11,HF200-2,4,TW,6,94,59,93,35,106,106,35
11,HF200-2,4,TW,7,92,57,92,34,107,108,35
11,HF200-2,4,TW,8,91,58,91,32,108,109,33
11,HF200-2,4,TW,9,87,54,87,32,112,113,33
11,HF200-2,4,TW,10,86,49,86,36,113,114,37
11,HF200-2,4,TW,11,88,55,88,32,111,112,33
11,HF200-2,4,TW,12,106,70,105,35,94,94,35
11,HF200-2,4,TW,13,94,66,94,27,105,106,28
11,HF200-2,4,TW,14,97,70,97,27,102,103,28
11,HF200-2,4,TW,15,106,71,105,34,94,94,34
11,HF200-2,4,TW,16,81,50,81,31,118,119,32
11,HF200-2,4,TW,17,100,70,100,30,99,100,31
11,HF200-2,4,TW,18,120,89,120,31,79,80,32
11,HF200-2,4,TW,19,105,69,105,35,94,95,36
11,HF200-2,4,TW,20,113,75,112,37,87,87,37
11,HF200-2,4,TW,21,85,52,85,32,114,115,33
11,HF200-2,4,TW,22,96,60,96,35,103,104,36
11,HF200-2,4,TW,23,90,58,89,32,110,110,32
11,HF200-2,4,TW,24,86,57,85,28,114,114,28
11,HF200-2,4,TW,25,108,78,107,29,92,92,29
11,HF200-2,4,TW,26,87,58,87,29,112,113,30
11,HF200-2,4,TW,27,88,54,87,33,112,112,33
11,HF200-2,4,TW,28,95,61,95,34,104,105,35
11,HF200-2,4,TW,29,120,86,119,33,80,80,33
11,HF200-2,4,TW,30,102,69,101,33,98,98,33
11,HF200-2,4,TW,31,118,83,117,35,82,82,35
11,HF200-2,4,TW,32,104,68,103,35,96,96,35
11,HF200-2,4,TW,33,93,57,93,35,106,107,36
11,HF200-2,4,TW,34,110,74,110,35,89,90,36
11,HF200-2,4,TW,35,107,75,106,31,93,93,31
11,HF200-2,4,TW,36,100,68,99,32,100,100,32
11,HF200-2,4,TW,37,103,71,102,31,97,97,31
11,HF200-2,4,TW,38,100,68,100,32,99,100,33
11,HF200-2,4,TW,39,93,59,92,34,107,107,34
11,HF200-2,4,TW,40,88,55,88,33,111,112,34
11,HF200-2,4,TW,41,103,71,102,31,97,97,31
11,HF200-2,4,TW,42,89,55,89,34,110,111,35
11,HF200-2,4,TW,43,109,81,109,28,90,91,29
11,HF200-2,4,TW,44,94,60,94,34,105,106,35
11,HF200-2,4,TW,45,77,43,77,33,122,123,34
11,HF200-2,4,TW,46,92,64,92,28,107,108,29
11,HF200-2,4,TW,47,91,56,91,34,108,109,35
11,HF200-2,4,TW,48,87,52,87,34,112,113,35
11,HF200-2,4,TW,49,88,55,88,32,111,112,33
11,HF200-2,4,TW,50,95,63,95,31,104,105,32
11,HF200-2,4,TW,51,93,59,92,33,107,107,33
11,HF200-2,4,TW,52,102,68,101,33,98,98,33
11,HF200-2,4,TW,53,104,71,103,32,96,96,32
11,HF200-2,4,TW,54,107,77,107,29,92,93,30
11,HF200-2,4,TW,55,102,71,102,30,97,98,31
11,HF200-2,4,TW,56,96,60,96,35,103,104,36
11,HF200-2,4,TW,57,96,63,95,33,104,104,33
11,HF200-2,4,TW,58,103,71,102,31,97,97,31
11,HF200-2,4,TW,59,100,63,99,36,100,100,36
11,HF200-2,4,TW,60,101,69,100,31,99,99,31
11,HF200-2,4,TW,61,101,62,101,39,98,99,40
11,HF200-2,4,TW,62,114,86,113,27,86,86,27
11,HF200-2,4,TW,63,115,79,114,35,85,85,35
11,HF200-2,4,TW,64,75,41,75,33,124,125,34
11,HF200-2,4,TW,65,89,52,88,37,111,111,37
11,HF200-2,4,TW,66,95,67,94,27,105,105,27
11,HF200-2,4,TW,67,87,50,87,36,112,113,37
11,HF200-2,4,TW,68,93,58,93,34,106,107,35
11,HF200-2,4,TW,69,82,49,81,32,118,118,32
11,HF200-2,4,TW,70,111,80,110,31,89,89,31
11,HF200-2,4,TW,71,102,76,102,25,97,98,26
11,HF200-2,4,TW,72,97,66,96,31,103,103,31
11,HF200-2,4,TW,73,100,63,99,36,100,100,36
11,HF200-2,4,TW,74,90,54,90,35,109,110,36
11,HF200-2,4,TW,75,118,91,118,26,81,82,27
11,HF200-2,4,TW,76,103,72,103,30,96,97,31
11,HF200-2,4,TW,77,100,73,99,26,100,100,26
11,HF200-2,4,TW,78,104,74,104,29,95,96,30
11,HF200-2,4,TW,79,97,60,97,36,102,103,37
11,HF200-2,4,TW,80,90,55,89,34,110,110,34
11,HF200-2,4,TW,81,112,80,111,31,88,88,31
11,HF200-2,4,TW,82,83,53,83,29,116,117,30
11,HF200-2,4,TW,83,92,60,92,31,107,108,32
11,HF200-2,4,TW,84,109,73,108,35,91,91,35
11,HF200-2,4,TW,85,105,71,105,33,94,95,34
11,HF200-2,4,TW,86,82,45,81,37,118,118,37
11,HF200-2,4,TW,87,101,69,101,31,98,99,32
11,HF200-2,4,TW,88,105,70,105,34,94,95,35
11,HF200-2,4,TW,89,82,53,81,28,118,118,28
11,HF200-2,4,TW,90,97,61,96,35,103,103,35
11,HF200-2,4,TW,91,99,64,99,35,100,101,36
11,HF200-2,4,TW,92,117,82,117,34,82,83,35
11,HF200-2,4,TW,93,134,105,134,28,65,66,29
11,HF200-2,4,TW,94,117,86,116,30,83,83,30
11,HF200-2,4,TW,95,109,78,108,31,91,91,31
11,HF200-2,4,TW,96,97,63,97,33,102,103,34
11,HF200-2,4,TW,97,104,72,103,31,96,96,31
11,HF200-2,4,TW,98,111,77,111,33,88,89,34
11,HF200-2,4,TW,99,92,58,92,33,107,108,34
11,HF200-2,4,TW,100,93,60,92,32,107,107,32
11,HF200-2,4,TW,101,107,73,106,33,93,93,33
11,HF200-2,4,TW,102,111,84,111,26,88,89,27
11,HF200-2,4,TW,103,87,53,87,33,112,113,34
11,HF200-2,4,TW,104,96,59,95,36,104,104,36
11,HF200-2,4,TW,105,113,82,112,30,87,87,30
11,HF200-2,4,TW,106,102,68,102,33,97,98,34
11,HF200-2,4,TW,107,106,72,105,33,94,94,33
11,HF200-2,4,TW,108,85,61,85,24,114,115,25
11,HF200-2,4,TW,109,121,85,121,35,78,79,36
11,HF200-2,4,TW,110,101,65,101,35,98,99,36
11,HF200-2,4,TW,111,84,56,83,28,116,116,28
11,HF200-2,4,TW,112,95,63,95,31,104,105,32
11,HF200-2,4,TW,113,84,53,84,30,115,116,31
11,HF200-2,4,TW,114,104,65,103,38,96,96,38
11,HF200-2,4,TW,115,96,63,96,33,103,104,34
11,HF200-2,4,TW,116,81,48,80,32,119,119,32
11,HF200-2,4,TW,117,90,61,90,28,109,110,29
11,HF200-2,4,TW,118,97,62,97,34,102,103,35
11,HF200-2,4,TW,119,91,58,91,33,108,109,34
11,HF200-2,4,TW,120,111,75,111,35,88,89,36
11,HF200-2,4,TW,121,108,76,107,31,92,92,31
11,HF200-2,4,TW,122,94,57,93,37,106,106,37
11,HF200-2,4,TW,123,107,76,106,31,93,93,31
11,HF200-2,4,TW,124,91,61,90,29,109,109,29
11,HF200-2,4,TW,125,100,63,99,36,100,100,36
11,HF200-2,4,TW,126,86,48,86,37,113,114,38
11,HF200-2,4,TW,127,91,56,90,34,109,109,34
11,HF200-2,4,TW,128,119,88,118,30,81,81,30
11,HF200-2,4,TW,129,99,71,98,28,101,101,28
11,HF200-2,4,TW,130,96,60,96,35,103,104,36
11,HF200-2,4,TW,131,103,78,102,25,97,97,25
11,HF200-2,4,TW,132,109,77,108,32,91,91,32
11,HF200-2,4,TW,133,83,53,83,29,116,117,30
11,HF200-2,4,TW,134,102,68,101,34,98,98,34
11,HF200-2,4,TW,135,105,73,104,31,95,95,31
11,HF200-2,4,TW,136,99,69,98,30,101,101,30
11,HF200-2,4,TW,137,112,76,111,35,88,88,35
11,HF200-2,4,TW,138,83,47,82,35,117,117,35
11,HF200-2,4,TW,139,116,86,116,30,83,84,31
11,HF200-2,4,TW,140,89,52,88,36,111,111,36
11,HF200-2,4,TW,141,95,62,94,32,105,105,32
11,HF200-2,4,TW,142,107,76,106,31,93,93,31
11,HF200-2,4,TW,143,95,63,95,32,104,105,33
11,HF200-2,4,TW,144,90,51,90,38,109,110,39
11,HF200-2,4,TW,145,107,71,107,35,92,93,36
11,HF200-2,4,TW,146,98,61,98,36,101,102,37
11,HF200-2,4,TW,147,103,65,103,37,96,97,38
11,HF200-2,4,TW,148,107,75,107,32,92,93,33
11,HF200-2,4,TW,149,96,64,95,31,104,104,31
11,HF200-2,4,TW,150,90,59,90,31,109,110,32
11,HF200-2,4,TW,151,84,52,84,32,115,116,33
11,HF200-2,4,TW,152,99,59,99,39,100,101,40
11,HF200-2,4,TW,153,108,69,108,38,91,92,39
11,HF200-2,4,TW,154,98,67,97,31,102,102,31
11,HF200-2,4,TW,155,90,51,90,38,109,110,39
11,HF200-2,4,TW,156,99,63,99,36,100,101,37
11,HF200-2,4,TW,157,80,46,79,33,120,120,33
11,HF200-2,4,TW,158,105,73,105,31,94,95,32
11,HF200-2,4,TW,159,105,71,104,33,95,95,33
11,HF200-2,4,TW,160,99,66,98,33,101,101,33
11,HF200-2,4,TW,161,96,55,96,40,103,104,41
11,HF200-2,4,TW,162,110,77,109,32,90,90,32
11,HF200-2,4,TW,163,95,63,95,31,104,105,32
11,HF200-2,4,TW,164,100,70,99,29,100,100,29
11,HF200-2,4,TW,165,100,67,99,32,100,100,32
11,HF200-2,4,TW,166,91,61,90,29,109,109,29
11,HF200-2,4,TW,167,83,54,83,28,116,117,29
11,HF200-2,4,TW,168,100,71,100,29,99,100,30
11,HF200-2,4,TW,169,103,65,102,37,97,97,37
11,HF200-2,4,TW,170,104,71,103,33,96,96,33
11,HF200-2,4,TW,171,85,54,84,30,115,115,30
11,HF200-2,4,TW,172,121,86,120,34,79,79,34
11,HF200-2,4,TW,173,86,52,86,34,113,114,35
11,HF200-2,4,TW,174,103,70,102,32,97,97,32
11,HF200-2,4,TW,175,98,63,97,35,102,102,35
11,HF200-2,4,TW,176,109,76,109,32,90,91,33
11,HF200-2,4,TW,177,105,75,105,29,94,95,30
11,HF200-2,4,TW,178,128,97,127,31,72,72,31
11,HF200-2,4,TW,179,99,62,99,36,100,101,37
11,HF200-2,4,TW,180,92,54,92,38,107,108,39
11,HF200-2,4,TW,181,98,60,98,37,101,102,38
11,HF200-2,4,TW,182,110,74,109,35,90,90,35
11,HF200-2,4,TW,183,98,56,98,41,101,102,42
11,HF200-2,4,TW,184,94,57,93,36,106,106,36
11,HF200-2,4,TW,185,95,65,94,29,105,105,29
11,HF200-2,4,TW,186,97,57,96,39,103,103,39
11,HF200-2,4,TW,187,102,65,102,37,97,98,38
11,HF200-2,4,TW,188,108,75,108,32,91,92,33
11,HF200-2,4,TW,189,110,77,109,32,90,90,32
11,HF200-2,4,TW,190,91,61,91,30,108,109,31
11,HF200-2,4,TW,191,108,73,108,34,91,92,35
11,HF200-2,4,TW,192,132,100,131,32,68,68,32
11,HF200-2,4,TW,193,96,62,95,33,104,104,33
11,HF200-2,4,TW,194,100,65,99,35,100,100,35
11,HF200-2,4,TW,195,97,69,97,27,102,103,28
11,HF200-2,4,TW,196,108,80,107,27,92,92,27
11,HF200-2,4,TW,197,96,62,95,33,104,104,33
11,HF200-2,4,TW,198,101,72,100,28,99,99,28
11,HF200-2,4,TW,199,82,49,82,32,117,118,33
11,HF200-2,4,TW,200,104,72,103,31,96,96,31
12,HF200-3,2,T,1,52,31,51,20,148,148,20
12,HF200-3,2,T,2,67,37,67,30,132,133,31
12,HF200-3,2,T,3,85,54,84,31,115,115,31
12,HF200-3,2,T,4,59,35,58,24,141,141,24
12,HF200-3,2,T,5,22,14,22,8,177,178,9
12,HF200-3,2,T,6,52,24,52,27,147,148,28
12,HF200-3,2,T,7,73,46,73,26,126,127,27
12,HF200-3,2,T,8,66,39,65,26,134,134,26
12,HF200-3,2,T,9,77,49,76,27,123,123,27
12,HF200-3,2,T,10,84,44,84,40,115,116,41
12,HF200-3,2,T,11,79,44,79,34,120,121,35
12,HF200-3,2,T,12,58,37,58,20,141,142,21
12,HF200-3,2,T,13,52,32,51,20,148,148,20
12,HF200-3,2,T,14,66,33,66,32,133,134,33
12,HF200-3,2,T,15,46,26,45,19,154,154,19
12,HF200-3,2,T,16,21,14,21,7,178,179,8
12,HF200-3,2,T,17,67,35,67,32,132,133,33
12,HF200-3,2,T,18,55,31,54,24,145,145,24
12,HF200-3,2,T,19,61,30,61,31,138,139,32
12,HF200-3,2,T,20,45,20,45,24,154,155,25
12,HF200-3,2,T,21,49,23,49,26,150,151,27
12,HF200-3,2,T,22,62,42,62,20,137,138,21
12,HF200-3,2,T,23,32,16,32,15,167,168,16
12,HF200-3,2,T,24,45,23,44,22,155,155,22
12,HF200-3,2,T,25,48,26,47,21,152,152,21
12,HF200-3,2,T,26,73,43,73,29,126,127,30
12,HF200-3,2,T,27,62,34,62,28,137,138,29
12,HF200-3,2,T,28,35,14,35,20,164,165,21
12,HF200-3,2,T,29,88,56,88,31,111,112,32
12,HF200-3,2,T,30,75,43,75,32,124,125,33
12,HF200-3,2,T,31,63,29,63,33,136,137,34
12,HF200-3,2,T,32,18,8,18,10,181,182,11
12,HF200-3,2,T,33,36,17,35,18,164,164,18
12,HF200-3,2,T,34,31,18,31,12,168,169,13
12,HF200-3,2,T,35,13,7,13,6,186,187,7
12,HF200-3,2,T,36,25,14,25,11,174,175,12
12,HF200-3,2,T,37,43,23,42,20,157,157,20
12,HF200-3,2,T,38,33,17,33,15,166,167,16
12,HF200-3,2,T,39,55,30,54,24,145,145,24
12,HF200-3,2,T,40,26,11,26,15,173,174,16
12,HF200-3,2,T,41,88,53,87,35,112,112,35
12,HF200-3,2,T,42,65,45,65,19,134,135,20
12,HF200-3,2,T,43,40,18,40,21,159,160,22
12,HF200-3,2,T,44,22,11,22,11,177,178,12
12,HF200-3,2,T,45,59,35,59,24,140,141,25
12,HF200-3,2,T,46,22,9,22,13,177,178,14
12,HF200-3,2,T,47,85,54,85,31,114,115,32
12,HF200-3,2,T,48,91,58,90,32,109,109,32
12,HF200-3,2,T,49,28,16,28,12,171,172,13
12,HF200-3,2,T,50,86,43,85,42,114,114,42
12,HF200-3,2,T,51,34,17,34,17,165,166,18
12,HF200-3,2,T,52,71,39,71,31,128,129,32
12,HF200-3,2,T,53,63,30,62,33,137,137,33
12,HF200-3,2,T,54,53,28,53,25,146,147,26
12,HF200-3,2,T,55,46,21,46,25,153,154,26
12,HF200-3,2,T,56,33,20,33,12,166,167,13
12,HF200-3,2,T,57,57,35,57,21,142,143,22
12,HF200-3,2,T,58,66,38,66,28,133,134,29
12,HF200-3,2,T,59,34,16,34,18,165,166,19
12,HF200-3,2,T,60,63,31,62,31,137,137,31
12,HF200-3,2,T,61,36,18,36,18,163,164,19
12,HF200-3,2,T,62,38,18,37,19,162,162,19
12,HF200-3,2,T,63,12,5,12,6,187,188,7
12,HF200-3,2,T,64,66,42,66,23,133,134,24
12,HF200-3,2,T,65,22,12,22,9,177,178,10
12,HF200-3,2,T,66,44,21,44,23,155,156,24
12,HF200-3,2,T,67,76,44,76,32,123,124,33
12,HF200-3,2,T,68,50,34,49,16,150,150,16
12,HF200-3,2,T,69,78,47,78,30,121,122,31
12,HF200-3,2,T,70,51,23,50,27,149,149,27
12,HF200-3,2,T,71,15,4,15,10,184,185,11
12,HF200-3,2,T,72,54,30,54,24,145,146,25
12,HF200-3,2,T,73,29,12,29,16,170,171,17
12,HF200-3,2,T,74,37,13,37,24,162,163,25
12,HF200-3,2,T,75,34,20,34,14,165,166,15
12,HF200-3,2,T,76,42,20,42,22,157,158,23
12,HF200-3,2,T,77,63,36,62,26,137,137,26
12,HF200-3,2,T,78,46,23,46,22,153,154,23
12,HF200-3,2,T,79,61,31,60,30,139,139,30
12,HF200-3,2,T,80,30,17,30,13,169,170,14
12,HF200-3,2,T,81,31,16,31,15,168,169,16
12,HF200-3,2,T,82,65,35,65,30,134,135,31
12,HF200-3,2,T,83,86,53,86,32,113,114,33
12,HF200-3,2,T,84,33,14,33,19,166,167,20
12,HF200-3,2,T,85,39,12,39,26,160,161,27
12,HF200-3,2,T,86,64,39,63,24,136,136,24
12,HF200-3,2,T,87,117,77,116,39,83,83,39
12,HF200-3,2,T,88,117,72,116,45,83,83,45
12,HF200-3,2,T,89,72,37,71,34,128,128,34
12,HF200-3,2,T,90,51,27,51,23,148,149,24
12,HF200-3,2,T,91,85,58,85,27,114,115,28
12,HF200-3,2,T,92,66,35,66,30,133,134,31
12,HF200-3,2,T,93,5,2,5,3,194,195,4
12,HF200-3,2,T,94,71,44,70,27,129,129,27
12,HF200-3,2,T,95,77,46,76,31,123,123,31
12,HF200-3,2,T,96,77,47,77,29,122,123,30
12,HF200-3,2,T,97,21,10,20,10,179,179,10
12,HF200-3,2,T,98,48,25,48,22,151,152,23
12,HF200-3,2,T,99,58,33,58,24,141,142,25
12,HF200-3,2,T,100,50,26,50,23,149,150,24
12,HF200-3,2,T,101,30,14,30,16,169,170,17
12,HF200-3,2,T,102,53,30,52,22,147,147,22
12,HF200-3,2,T,103,46,23,45,23,154,154,23
12,HF200-3,2,T,104,96,58,96,37,103,104,38
12,HF200-3,2,T,105,5,1,5,4,194,195,5
12,HF200-3,2,T,106,92,54,92,37,107,108,38
12,HF200-3,2,T,107,47,27,47,20,152,153,21
12,HF200-3,2,T,108,75,42,75,32,124,125,33
12,HF200-3,2,T,109,69,39,68,30,131,131,30
12,HF200-3,2,T,110,70,40,69,29,130,130,29
12,HF200-3,2,T,111,60,34,59,25,140,140,25
12,HF200-3,2,T,112,81,47,81,33,118,119,34
12,HF200-3,2,T,113,39,18,38,21,161,161,21
12,HF200-3,2,T,114,62,35,62,27,137,138,28
12,HF200-3,2,T,115,38,21,37,16,162,162,16
12,HF200-3,2,T,116,2,0,2,1,197,198,2
12,HF200-3,2,T,117,49,22,49,26,150,151,27
12,HF200-3,2,T,118,85,48,85,37,114,115,38
12,HF200-3,2,T,119,23,14,23,8,176,177,9
12,HF200-3,2,T,120,39,19,39,19,160,161,20
12,HF200-3,2,T,121,77,43,77,34,122,123,35
12,HF200-3,2,T,122,47,23,47,24,152,153,25
12,HF200-3,2,T,123,85,47,84,37,115,115,37
12,HF200-3,2,T,124,24,12,23,11,176,176,11
12,HF200-3,2,T,125,70,39,69,31,130,130,31
12,HF200-3,2,T,126,26,14,26,12,173,174,13
12,HF200-3,2,T,127,46,24,45,21,154,154,21
12,HF200-3,2,T,128,33,18,33,14,166,167,15
12,HF200-3,2,T,129,62,36,62,26,137,138,27
12,HF200-3,2,T,130,43,19,43,23,156,157,24
12,HF200-3,2,T,131,44,16,44,27,155,156,28
12,HF200-3,2,T,132,89,45,88,44,111,111,44
12,HF200-3,2,T,133,108,62,107,46,92,92,46
12,HF200-3,2,T,134,74,42,74,31,125,126,32
12,HF200-3,2,T,135,52,28,52,24,147,148,25
12,HF200-3,2,T,136,21,11,21,9,178,179,10
12,HF200-3,2,T,137,66,35,66,31,133,134,32
12,HF200-3,2,T,138,5,1,5,4,194,195,5
12,HF200-3,2,T,139,59,26,59,33,140,141,34
12,HF200-3,2,T,140,27,16,27,10,172,173,11
12,HF200-3,2,T,141,50,25,50,24,149,150,25
12,HF200-3,2,T,142,57,32,56,24,143,143,24
12,HF200-3,2,T,143,57,31,57,26,142,143,27
12,HF200-3,2,T,144,41,23,41,17,158,159,18
12,HF200-3,2,T,145,54,32,54,21,145,146,22
12,HF200-3,2,T,146,41,18,41,22,158,159,23
12,HF200-3,2,T,147,64,40,64,23,135,136,24
12,HF200-3,2,T,148,66,38,65,28,134,134,28
12,HF200-3,2,T,149,15,6,15,9,184,185,10
12,HF200-3,2,T,150,20,7,20,13,179,180,14
12,HF200-3,2,T,151,46,30,46,15,153,154,16
12,HF200-3,2,T,152,11,7,11,4,188,189,5
12,HF200-3,2,T,153,65,34,64,31,135,135,31
12,HF200-3,2,T,154,72,42,71,30,128,128,30
12,HF200-3,2,T,155,72,32,72,39,127,128,40
12,HF200-3,2,T,156,5,1,5,3,194,195,4
12,HF200-3,2,T,157,52,29,52,23,147,148,24
12,HF200-3,2,T,158,40,18,40,22,159,160,23
12,HF200-3,2,T,159,26,16,26,10,173,174,11
12,HF200-3,2,T,160,68,34,68,34,131,132,35
12,HF200-3,2,T,161,64,37,63,27,136,136,27
12,HF200-3,2,T,162,44,15,43,28,156,156,28
12,HF200-3,2,T,163,20,10,20,9,179,180,10
12,HF200-3,2,T,164,29,12,29,16,170,171,17
12,HF200-3,2,T,165,63,33,63,29,136,137,30
12,HF200-3,2,T,166,79,43,78,36,121,121,36
12,HF200-3,2,T,167,68,39,68,28,131,132,29
12,HF200-3,2,T,168,32,18,32,13,167,168,14
12,HF200-3,2,T,169,18,6,18,11,181,182,12
12,HF200-3,2,T,170,51,27,51,24,148,149,25
12,HF200-3,2,T,171,28,10,28,18,171,172,19
12,HF200-3,2,T,172,29,13,29,15,170,171,16
12,HF200-3,2,T,173,56,25,56,31,143,144,32
12,HF200-3,2,T,174,10,4,10,5,189,190,6
12,HF200-3,2,T,175,63,37,63,26,136,137,27
12,HF200-3,2,T,176,29,12,29,16,170,171,17
12,HF200-3,2,T,177,93,55,93,37,106,107,38
12,HF200-3,2,T,178,85,50,85,34,114,115,35
12,HF200-3,2,T,179,58,38,57,19,142,142,19
12,HF200-3,2,T,180,28,17,28,10,171,172,11
12,HF200-3,2,T,181,50,26,50,24,149,150,25
12,HF200-3,2,T,182,56,34,56,21,143,144,22
12,HF200-3,2,T,183,73,40,72,33,127,127,33
12,HF200-3,2,T,184,60,25,60,34,139,140,35
12,HF200-3,2,T,185,52,33,52,19,147,148,20
12,HF200-3,2,T,186,23,15,23,7,176,177,8
12,HF200-3,2,T,187,68,36,67,31,132,132,31
12,HF200-3,2,T,188,70,48,70,21,129,130,22
12,HF200-3,2,T,189,47,24,47,22,152,153,23
12,HF200-3,2,T,190,66,34,66,32,133,134,33
12,HF200-3,2,T,191,61,42,61,19,138,139,20
12,HF200-3,2,T,192,30,17,30,12,169,170,13
12,HF200-3,2,T,193,73,50,72,23,127,127,23
12,HF200-3,2,T,194,63,32,63,30,136,137,31
12,HF200-3,2,T,195,53,29,52,24,147,147,24
12,HF200-3,2,T,196,19,11,19,8,180,181,9
12,HF200-3,2,T,197,40,15,40,25,159,160,26
12,HF200-3,2,T,198,42,27,42,15,157,158,16
12,HF200-3,2,T,199,28,13,28,15,171,172,16
12,HF200-3,2,T,200,45,26,45,19,154,155,20
12,HF200-3,4,TW,1,111,94,111,16,88,89,17
12,HF200-3,4,TW,2,141,120,140,20,59,59,20
12,HF200-3,4,TW,3,103,82,102,20,97,97,20
12,HF200-3,4,TW,4,107,83,106,23,93,93,23
12,HF200-3,4,TW,5,84,69,84,14,115,116,15
12,HF200-3,4,TW,6,120,98,120,21,79,80,22
12,HF200-3,4,TW,7,90,72,90,17,109,110,18
12,HF200-3,4,TW,8,90,68,90,21,109,110,22
12,HF200-3,4,TW,9,101,79,100,22,99,99,22
12,HF200-3,4,TW,10,104,81,104,22,95,96,23
12,HF200-3,4,TW,11,109,85,109,23,90,91,24
12,HF200-3,4,TW,12,93,73,92,19,107,107,19
12,HF200-3,4,TW,13,102,79,101,22,98,98,22
12,HF200-3,4,TW,14,92,73,92,18,107,108,19
12,HF200-3,4,TW,15,83,65,83,17,116,117,18
12,HF200-3,4,TW,16,101,81,101,19,98,99,20
12,HF200-3,4,TW,17,92,71,92,20,107,108,21
12,HF200-3,4,TW,18,88,68,87,19,112,112,19
12,HF200-3,4,TW,19,101,82,101,18,98,99,19
12,HF200-3,4,TW,20,109,82,109,26,90,91,27
12,HF200-3,4,TW,21,76,55,76,21,123,124,22
12,HF200-3,4,TW,22,124,103,124,20,75,76,21
12,HF200-3,4,TW,23,83,64,82,18,117,117,18
12,HF200-3,4,TW,24,94,74,93,20,106,106,20
12,HF200-3,4,TW,25,100,77,99,22,100,100,22
12,HF200-3,4,TW,26,111,86,111,24,88,89,25
12,HF200-3,4,TW,27,87,64,86,22,113,113,22
12,HF200-3,4,TW,28,93,77,93,16,106,107,17
12,HF200-3,4,TW,29,123,104,123,18,76,77,19
12,HF200-3,4,TW,30,65,47,65,17,134,135,18
12,HF200-3,4,TW,31,90,69,90,20,109,110,21
12,HF200-3,4,TW,32,66,50,65,16,134,134,16
12,HF200-3,4,TW,33,92,69,91,22,108,108,22
12,HF200-3,4,TW,34,92,69,91,23,108,108,23
12,HF200-3,4,TW,35,94,74,93,19,106,106,19
12,HF200-3,4,TW,36,104,75,103,28,96,96,28
12,HF200-3,4,TW,37,90,65,89,24,110,110,24
12,HF200-3,4,TW,38,86,64,86,21,113,114,22
12,HF200-3,4,TW,39,104,86,103,17,96,96,17
12,HF200-3,4,TW,40,63,45,63,17,136,137,18
12,HF200-3,4,TW,41,104,84,104,19,95,96,20
12,HF200-3,4,TW,42,97,75,96,21,103,103,21
12,HF200-3,4,TW,43,118,90,117,27,82,82,27
12,HF200-3,4,TW,44,99,84,98,14,101,101,14
12,HF200-3,4,TW,45,78,58,77,19,122,122,19
12,HF200-3,4,TW,46,117,97,117,19,82,83,20
12,HF200-3,4,TW,47,118,98,118,19,81,82,20
12,HF200-3,4,TW,48,98,80,97,17,102,102,17
12,HF200-3,4,TW,49,84,67,83,17,116,116,17
12,HF200-3,4,TW,50,104,81,104,22,95,96,23
12,HF200-3,4,TW,51,117,99,116,17,83,83,17
12,HF200-3,4,TW,52,76,56,75,19,124,124,19
12,HF200-3,4,TW,53,99,83,98,15,101,101,15
12,HF200-3,4,TW,54,89,67,89,22,110,111,23
12,HF200-3,4,TW,55,96,73,95,23,104,104,23
12,HF200-3,4,TW,56,83,60,83,22,116,117,23
12,HF200-3,4,TW,57,97,75,97,21,102,103,22
12,HF200-3,4,TW,58,69,49,69,19,130,131,20
12,HF200-3,4,TW,59,84,66,84,17,115,116,18
12,HF200-3,4,TW,60,84,63,84,20,115,116,21
12,HF200-3,4,TW,61,102,82,102,19,97,98,20
12,HF200-3,4,TW,62,75,53,75,21,124,125,22
12,HF200-3,4,TW,63,96,75,96,20,103,104,21
12,HF200-3,4,TW,64,76,58,76,17,123,124,18
12,HF200-3,4,TW,65,65,48,65,16,134,135,17
12,HF200-3,4,TW,66,116,91,115,24,84,84,24
12,HF200-3,4,TW,67,112,90,112,21,87,88,22
12,HF200-3,4,TW,68,99,78,98,20,101,101,20
12,HF200-3,4,TW,69,101,78,100,22,99,99,22
12,HF200-3,4,TW,70,89,70,89,18,110,111,19
12,HF200-3,4,TW,71,106,84,106,21,93,94,22
12,HF200-3,4,TW,72,108,87,107,20,92,92,20
12,HF200-3,4,TW,73,78,59,77,18,122,122,18
12,HF200-3,4,TW,74,77,52,77,24,122,123,25
12,HF200-3,4,TW,75,103,84,103,18,96,97,19
12,HF200-3,4,TW,76,95,71,94,23,105,105,23
12,HF200-3,4,TW,77,110,91,109,18,90,90,18
12,HF200-3,4,TW,78,85,70,84,14,115,115,14
12,HF200-3,4,TW,79,83,66,83,16,116,117,17
12,HF200-3,4,TW,80,89,66,88,22,111,111,22
12,HF200-3,4,TW,81,108,83,107,25,92,92,25
12,HF200-3,4,TW,82,137,117,136,19,63,63,19
12,HF200-3,4,TW,83,94,77,94,16,105,106,17
12,HF200-3,4,TW,84,94,74,94,19,105,106,20
12,HF200-3,4,TW,85,100,74,99,25,100,100,25
12,HF200-3,4,TW,86,90,74,89,16,110,110,16
12,HF200-3,4,TW,87,110,87,109,23,90,90,23
12,HF200-3,4,TW,88,124,98,123,25,76,76,25
12,HF200-3,4,TW,89,128,109,127,18,72,72,18
12,HF200-3,4,TW,90,94,78,94,15,105,106,16
12,HF200-3,4,TW,91,117,91,116,25,83,83,25
12,HF200-3,4,TW,92,93,76,93,16,106,107,17
12,HF200-3,4,TW,93,99,82,99,16,100,101,17
12,HF200-3,4,TW,94,106,80,106,25,93,94,26
12,HF200-3,4,TW,95,114,98,113,16,86,86,16
12,HF200-3,4,TW,96,92,72,91,19,108,108,19
12,HF200-3,4,TW,97,106,84,105,21,94,94,21
12,HF200-3,4,TW,98,77,57,76,19,123,123,19
12,HF200-3,4,TW,99,114,93,114,20,85,86,21
12,HF200-3,4,TW,100,81,60,80,20,119,119,20
12,HF200-3,4,TW,101,100,74,99,26,100,100,26
12,HF200-3,4,TW,102,96,78,96,17,103,104,18
12,HF200-3,4,TW,103,84,69,83,14,116,116,14
12,HF200-3,4,TW,104,110,89,109,20,90,90,20
12,HF200-3,4,TW,105,108,91,107,17,92,92,17
12,HF200-3,4,TW,106,110,83,110,26,89,90,27
12,HF200-3,4,TW,107,110,89,110,21,89,90,22
12,HF200-3,4,TW,108,98,80,98,18,101,102,19
12,HF200-3,4,TW,109,60,44,59,15,140,140,15
12,HF200-3,4,TW,110,106,89,106,16,93,94,17
12,HF200-3,4,TW,111,81,62,81,18,118,119,19
12,HF200-3,4,TW,112,122,101,121,20,78,78,20
12,HF200-3,4,TW,113,77,59,77,17,122,123,18
12,HF200-3,4,TW,114,104,81,103,23,96,96,23
12,HF200-3,4,TW,115,109,86,108,23,91,91,23
12,HF200-3,4,TW,116,100,77,99,23,100,100,23
12,HF200-3,4,TW,117,107,88,106,18,93,93,18
12,HF200-3,4,TW,118,105,88,104,16,95,95,16
12,HF200-3,4,TW,119,71,50,71,20,128,129,21
12,HF200-3,4,TW,120,119,98,118,20,81,81,20
12,HF200-3,4,TW,121,139,119,139,20,60,61,21
12,HF200-3,4,TW,122,96,72,95,23,104,104,23
12,HF200-3,4,TW,123,89,72,88,16,111,111,16
12,HF200-3,4,TW,124,113,92,113,20,86,87,21
12,HF200-3,4,TW,125,97,77,97,19,102,103,20
12,HF200-3,4,TW,126,110,90,109,19,90,90,19
12,HF200-3,4,TW,127,60,38,60,21,139,140,22
12,HF200-3,4,TW,128,108,89,107,18,92,92,18
12,HF200-3,4,TW,129,128,106,127,21,72,72,21
12,HF200-3,4,TW,130,112,90,112,22,87,88,23
12,HF200-3,4,TW,131,92,72,91,19,108,108,19
12,HF200-3,4,TW,132,86,68,86,18,113,114,19
12,HF200-3,4,TW,133,133,111,132,21,67,67,21
12,HF200-3,4,TW,134,81,67,81,13,118,119,14
12,HF200-3,4,TW,135,110,85,109,24,90,90,24
12,HF200-3,4,TW,136,75,55,74,19,125,125,19
12,HF200-3,4,TW,137,100,84,100,15,99,100,16
12,HF200-3,4,TW,138,86,65,85,20,114,114,20
12,HF200-3,4,TW,139,106,85,105,20,94,94,20
12,HF200-3,4,TW,140,104,84,104,19,95,96,20
12,HF200-3,4,TW,141,90,67,89,22,110,110,22
12,HF200-3,4,TW,142,92,74,91,17,108,108,17
12,HF200-3,4,TW,143,119,97,118,22,81,81,22
12,HF200-3,4,TW,144,119,96,118,22,81,81,22
12,HF200-3,4,TW,145,80,65,80,15,119,120,16
12,HF200-3,4,TW,146,91,70,91,20,108,109,21
12,HF200-3,4,TW,147,87,68,87,18,112,113,19
12,HF200-3,4,TW,148,92,72,91,19,108,108,19
12,HF200-3,4,TW,149,72,52,71,19,128,128,19
12,HF200-3,4,TW,150,99,77,98,21,101,101,21
12,HF200-3,4,TW,151,98,76,98,21,101,102,22
12,HF200-3,4,TW,152,119,96,118,22,81,81,22
12,HF200-3,4,TW,153,58,37,58,20,141,142,21
12,HF200-3,4,TW,154,60,45,60,14,139,140,15
12,HF200-3,4,TW,155,85,61,84,23,115,115,23
12,HF200-3,4,TW,156,116,98,115,17,84,84,17
12,HF200-3,4,TW,157,89,66,89,22,110,111,23
12,HF200-3,4,TW,158,70,49,70,20,129,130,21
12,HF200-3,4,TW,159,92,66,91,25,108,108,25
12,HF200-3,4,TW,160,115,93,115,22,84,85,23
12,HF200-3,4,TW,161,69,57,69,11,130,131,12
12,HF200-3,4,TW,162,105,88,104,16,95,95,16
12,HF200-3,4,TW,163,89,69,89,19,110,111,20
12,HF200-3,4,TW,164,76,59,75,16,124,124,16
12,HF200-3,4,TW,165,97,74,97,22,102,103,23
12,HF200-3,4,TW,166,98,74,98,24,101,102,25
12,HF200-3,4,TW,167,103,82,103,20,96,97,21
12,HF200-3,4,TW,168,103,81,103,21,96,97,22
12,HF200-3,4,TW,169,107,84,106,22,93,93,22
12,HF200-3,4,TW,170,89,73,89,16,110,111,17
12,HF200-3,4,TW,171,115,91,114,24,85,85,24
12,HF200-3,4,TW,172,92,73,91,18,108,108,18
12,HF200-3,4,TW,173,96,73,95,23,104,104,23
12,HF200-3,4,TW,174,105,91,104,13,95,95,13
12,HF200-3,4,TW,175,92,70,91,21,108,108,21
12,HF200-3,4,TW,176,93,73,92,19,107,107,19
12,HF200-3,4,TW,177,99,81,98,17,101,101,17
12,HF200-3,4,TW,178,79,58,78,20,121,121,20
12,HF200-3,4,TW,179,84,67,83,16,116,116,16
12,HF200-3,4,TW,180,106,84,105,21,94,94,21
12,HF200-3,4,TW,181,99,79,99,19,100,101,20
12,HF200-3,4,TW,182,110,84,110,25,89,90,26
12,HF200-3,4,TW,183,67,47,67,20,132,133,21
12,HF200-3,4,TW,184,90,69,89,20,110,110,20
12,HF200-3,4,TW,185,90,69,90,20,109,110,21
12,HF200-3,4,TW,186,106,87,105,18,94,94,18
12,HF200-3,4,TW,187,80,60,79,19,120,120,19
12,HF200-3,4,TW,188,102,82,102,19,97,98,20
12,HF200-3,4,TW,189,75,50,75,24,124,125,25
12,HF200-3,4,TW,190,86,59,85,27,114,114,27
12,HF200-3,4,TW,191,104,81,103,22,96,96,22
12,HF200-3,4,TW,192,90,66,90,23,109,110,24
12,HF200-3,4,TW,193,127,110,126,16,73,73,16
12,HF200-3,4,TW,194,115,89,115,25,84,85,26
12,HF200-3,4,TW,195,79,59,79,19,120,121,20
12,HF200-3,4,TW,196,111,87,110,24,89,89,24
12,HF200-3,4,TW,197,115,92,115,22,84,85,23
12,HF200-3,4,TW,198,110,85,109,24,90,90,24
12,HF200-3,4,TW,199,99,81,98,17,101,101,17
12,HF200-3,4,TW,200,85,66,85,19,114,115,20
13,HF300-1,2,T,1,64,24,64,40,135,136,41
13,HF300-1,2,T,2,25,8,25,17,174,175,18
13,HF300-1,2,T,3,57,25,57,32,142,143,33
13,HF300-1,2,T,4,41,13,41,27,158,159,28
13,HF300-1,2,T,5,38,10,38,28,161,162,29
13,HF300-1,2,T,6,59,19,59,40,140,141,41
13,HF300-1,2,T,7,54,18,54,36,145,146,37
13,HF300-1,2,T,8,66,24,66,42,133,134,43
13,HF300-1,2,T,9,56,20,56,35,143,144,36
13,HF300-1,2,T,10,70,22,70,48,129,130,49
13,HF300-1,2,T,11,49,19,49,30,150,151,31
13,HF300-1,2,T,12,67,26,67,41,132,133,42
13,HF300-1,2,T,13,51,19,51,32,148,149,33
13,HF300-1,2,T,14,1,0,1,1,198,199,2
13,HF300-1,2,T,15,59,24,59,34,140,141,35
13,HF300-1,2,T,16,33,11,33,21,166,167,22
13,HF300-1,2,T,17,67,26,66,41,133,133,41
13,HF300-1,2,T,18,51,17,51,34,148,149,35
13,HF300-1,2,T,19,63,20,63,43,136,137,44
13,HF300-1,2,T,20,56,24,56,32,143,144,33
13,HF300-1,2,T,21,68,28,68,39,131,132,40
13,HF300-1,2,T,22,48,17,48,31,151,152,32
13,HF300-1,2,T,23,55,22,55,32,144,145,33
13,HF300-1,2,T,24,45,11,45,34,154,155,35
13,HF300-1,2,T,25,48,19,48,29,151,152,30
13,HF300-1,2,T,26,55,21,55,33,144,145,34
13,HF300-1,2,T,27,42,12,42,30,157,158,31
13,HF300-1,2,T,28,58,18,58,39,141,142,40
13,HF300-1,2,T,29,60,31,60,29,139,140,30
13,HF300-1,2,T,30,39,13,39,25,160,161,26
13,HF300-1,2,T,31,62,22,61,40,138,138,40
13,HF300-1,2,T,32,60,25,59,34,140,140,34
13,HF300-1,2,T,33,72,30,72,42,127,128,43
13,HF300-1,2,T,34,55,13,55,41,144,145,42
13,HF300-1,2,T,35,56,22,55,34,144,144,34
13,HF300-1,2,T,36,36,8,35,28,164,164,28
13,HF300-1,2,T,37,71,33,71,37,128,129,38
13,HF300-1,2,T,38,63,25,63,37,136,137,38
13,HF300-1,2,T,39,39,14,38,25,161,161,25
13,HF300-1,2,T,40,65,19,64,45,135,135,45
13,HF300-1,2,T,41,38,10,38,28,161,162,29
13,HF300-1,2,T,42,73,30,73,43,126,127,44
13,HF300-1,2,T,43,48,18,48,30,151,152,31
13,HF300-1,2,T,44,62,24,61,38,138,138,38
13,HF300-1,2,T,45,53,18,53,35,146,147,36
13,HF300-1,2,T,46,60,19,60,40,139,140,41
13,HF300-1,2,T,47,53,13,53,39,146,147,40
13,HF300-1,2,T,48,63,20,63,43,136,137,44
13,HF300-1,2,T,49,45,18,45,27,154,155,28
13,HF300-1,2,T,50,43,16,43,27,156,157,28
13,HF300-1,2,T,51,30,12,30,17,169,170,18
13,HF300-1,2,T,52,57,14,57,42,142,143,43
13,HF300-1,2,T,53,5,2,5,3,194,195,4
13,HF300-1,2,T,54,77,26,77,51,122,123,52
13,HF300-1,2,T,55,52,22,52,30,147,148,31
13,HF300-1,2,T,56,57,19,57,37,142,143,38
13,HF300-1,2,T,57,48,15,48,32,151,152,33
13,HF300-1,2,T,58,51,18,51,32,148,149,33
13,HF300-1,2,T,59,19,3,19,16,180,181,17
13,HF300-1,2,T,60,62,19,61,42,138,138,42
13,HF300-1,2,T,61,64,25,64,38,135,136,39
13,HF300-1,2,T,62,26,7,26,19,173,174,20
13,HF300-1,2,T,63,30,9,30,21,169,170,22
13,HF300-1,2,T,64,57,18,56,38,143,143,38
13,HF300-1,2,T,65,76,35,75,41,124,124,41
13,HF300-1,2,T,66,47,12,46,34,153,153,34
13,HF300-1,2,T,67,59,21,59,38,140,141,39
13,HF300-1,2,T,68,65,20,64,45,135,135,45
13,HF300-1,2,T,69,46,18,46,28,153,154,29
13,HF300-1,2,T,70,69,29,68,40,131,131,40
13,HF300-1,2,T,71,35,10,35,24,164,165,25
13,HF300-1,2,T,72,50,20,50,30,149,150,31
13,HF300-1,2,T,73,72,31,72,41,127,128,42
13,HF300-1,2,T,74,50,19,50,31,149,150,32
13,HF300-1,2,T,75,48,10,47,37,152,152,37
13,HF300-1,2,T,76,70,31,69,39,130,130,39
13,HF300-1,2,T,77,27,7,26,20,173,173,20
13,HF300-1,2,T,78,16,6,16,10,183,184,11
13,HF300-1,2,T,79,72,27,71,45,128,128,45
13,HF300-1,2,T,80,66,24,66,41,133,134,42
13,HF300-1,2,T,81,52,15,52,37,147,148,38
13,HF300-1,2,T,82,59,18,59,40,140,141,41
13,HF300-1,2,T,83,64,28,64,35,135,136,36
13,HF300-1,2,T,84,42,16,42,26,157,158,27
13,HF300-1,2,T,85,50,12,50,38,149,150,39
13,HF300-1,2,T,86,31,8,31,22,168,169,23
13,HF300-1,2,T,87,65,23,65,41,134,135,42
13,HF300-1,2,T,88,59,20,59,39,140,141,40
13,HF300-1,2,T,89,62,22,62,39,137,138,40
13,HF300-1,2,T,90,61,18,61,42,138,139,43
13,HF300-1,2,T,91,47,16,47,31,152,153,32
13,HF300-1,2,T,92,60,23,60,37,139,140,38
13,HF300-1,2,T,93,52,25,52,27,147,148,28
13,HF300-1,2,T,94,60,24,60,35,139,140,36
13,HF300-1,2,T,95,53,18,52,35,147,147,35
13,HF300-1,2,T,96,18,9,18,9,181,182,10
13,HF300-1,2,T,97,53,17,53,36,146,147,37
13,HF300-1,2,T,98,61,22,60,39,139,139,39
13,HF300-1,2,T,99,44,22,43,21,156,156,21
13,HF300-1,2,T,100,21,5,20,16,179,179,16
13,HF300-1,2,T,101,64,24,64,40,135,136,41
13,HF300-1,2,T,102,39,11,39,27,160,161,28
13,HF300-1,2,T,103,54,28,54,26,145,146,27
13,HF300-1,2,T,104,47,17,47,29,152,153,30
13,HF300-1,2,T,105,22,7,22,15,177,178,16
13,HF300-1,2,T,106,67,24,67,42,132,133,43
13,HF300-1,2,T,107,53,19,53,34,146,147,35
13,HF300-1,2,T,108,50,22,50,28,149,150,29
13,HF300-1,2,T,109,45,19,45,26,154,155,27
13,HF300-1,2,T,110,65,25,64,40,135,135,40
13,HF300-1,2,T,111,60,25,60,34,139,140,35
13,HF300-1,2,T,112,54,17,54,37,145,146,38
13,HF300-1,2,T,113,46,12,46,34,153,154,35
13,HF300-1,2,T,114,66,27,65,39,134,134,39
13,HF300-1,2,T,115,60,22,60,38,139,140,39
13,HF300-1,2,T,116,62,22,62,39,137,138,40
13,HF300-1,2,T,117,11,2,11,8,188,189,9
13,HF300-1,2,T,118,35,11,35,23,164,165,24
13,HF300-1,2,T,119,41,13,41,28,158,159,29
13,HF300-1,2,T,120,64,22,63,42,136,136,42
13,HF300-1,2,T,121,69,25,69,43,130,131,44
13,HF300-1,2,T,122,47,13,47,33,152,153,34
13,HF300-1,2,T,123,45,18,45,27,154,155,28
13,HF300-1,2,T,124,10,1,10,8,189,190,9
13,HF300-1,2,T,125,83,37,83,46,116,117,47
13,HF300-1,2,T,126,50,23,50,26,149,150,27
13,HF300-1,2,T,127,56,23,56,33,143,144,34
13,HF300-1,2,T,128,23,8,23,15,176,177,16
13,HF300-1,2,T,129,59,22,58,36,141,141,36
13,HF300-1,2,T,130,69,27,69,42,130,131,43
13,HF300-1,2,T,131,62,18,61,44,138,138,44
13,HF300-1,2,T,132,69,24,69,44,130,131,45
13,HF300-1,2,T,133,38,14,38,23,161,162,24
13,HF300-1,2,T,134,43,11,43,32,156,157,33
13,HF300-1,2,T,135,61,17,60,44,139,139,44
13,HF300-1,2,T,136,38,8,38,29,161,162,30
13,HF300-1,2,T,137,60,18,59,42,140,140,42
13,HF300-1,2,T,138,57,21,57,36,142,143,37
13,HF300-1,2,T,139,75,33,75,41,124,125,42
13,HF300-1,2,T,140,61,18,61,42,138,139,43
13,HF300-1,2,T,141,53,13,53,40,146,147,41
13,HF300-1,2,T,142,70,30,70,40,129,130,41
13,HF300-1,2,T,143,55,22,55,33,144,145,34
13,HF300-1,2,T,144,38,15,38,23,161,162,24
13,HF300-1,2,T,145,29,10,29,18,170,171,19
13,HF300-1,2,T,146,46,11,46,35,153,154,36
13,HF300-1,2,T,147,31,13,31,18,168,169,19
13,HF300-1,2,T,148,32,7,32,25,167,168,26
13,HF300-1,2,T,149,66,25,66,41,133,134,42
13,HF300-1,2,T,150,34,10,33,23,166,166,23
13,HF300-1,2,T,151,81,37,81,44,118,119,45
13,HF300-1,2,T,152,50,21,50,28,149,150,29
13,HF300-1,2,T,153,30,3,29,27,170,170,27
13,HF300-1,2,T,154,57,20,57,37,142,143,38
13,HF300-1,2,T,155,64,23,63,41,136,136,41
13,HF300-1,2,T,156,59,20,59,39,140,141,40
13,HF300-1,2,T,157,55,18,55,37,144,145,38
13,HF300-1,2,T,158,45,14,45,31,154,155,32
13,HF300-1,2,T,159,29,4,28,24,171,171,24
13,HF300-1,2,T,160,57,19,57,37,142,143,38
13,HF300-1,2,T,161,2,1,2,0,197,198,1
13,HF300-1,2,T,162,17,6,17,11,182,183,12
13,HF300-1,2,T,163,25,13,25,12,174,175,13
13,HF300-1,2,T,164,13,5,13,8,186,187,9
13,HF300-1,2,T,165,34,7,34,27,165,166,28
13,HF300-1,2,T,166,76,34,76,42,123,124,43
13,HF300-1,2,T,167,55,19,54,36,145,145,36
13,HF300-1,2,T,168,64,23,64,40,135,136,41
13,HF300-1,2,T,169,14,3,14,11,185,186,12
13,HF300-1,2,T,170,58,20,58,37,141,142,38
13,HF300-1,2,T,171,48,11,48,37,151,152,38
13,HF300-1,2,T,172,39,13,39,26,160,161,27
13,HF300-1,2,T,173,30,12,30,17,169,170,18
13,HF300-1,2,T,174,43,16,43,26,156,157,27
13,HF300-1,2,T,175,15,3,15,12,184,185,13
13,HF300-1,2,T,176,52,13,52,39,147,148,40
13,HF300-1,2,T,177,42,14,41,28,158,158,28
13,HF300-1,2,T,178,71,31,71,40,128,129,41
13,HF300-1,2,T,179,51,16,51,34,148,149,35
13,HF300-1,2,T,180,36,10,35,25,164,164,25
13,HF300-1,2,T,181,42,11,41,30,158,158,30
13,HF300-1,2,T,182,24,4,24,20,175,176,21
13,HF300-1,2,T,183,14,3,14,11,185,186,12
13,HF300-1,2,T,184,65,19,65,46,134,135,47
13,HF300-1,2,T,185,66,29,66,37,133,134,38
13,HF300-1,2,T,186,57,21,56,35,143,143,35
13,HF300-1,2,T,187,66,27,66,38,133,134,39
13,HF300-1,2,T,188,64,28,64,35,135,136,36
13,HF300-1,2,T,189,35,6,35,28,164,165,29
13,HF300-1,2,T,190,68,19,67,49,132,132,49
13,HF300-1,2,T,191,48,12,48,36,151,152,37
13,HF300-1,2,T,192,55,20,55,35,144,145,36
13,HF300-1,2,T,193,27,9,27,18,172,173,19
13,HF300-1,2,T,194,55,16,54,38,145,145,38
13,HF300-1,2,T,195,64,24,63,39,136,136,39
13,HF300-1,2,T,196,19,6,19,13,180,181,14
13,HF300-1,2,T,197,57,20,57,36,142,143,37
13,HF300-1,2,T,198,58,19,58,39,141,142,40
13,HF300-1,2,T,199,63,27,62,36,137,137,36
13,HF300-1,2,T,200,62,18,62,43,137,138,44
13,HF300-1,4,TW,1,92,47,91,45,108,108,45
13,HF300-1,4,TW,2,100,52,99,47,100,100,47
13,HF300-1,4,TW,3,113,70,113,43,86,87,44
13,HF300-1,4,TW,4,99,53,99,45,100,101,46
13,HF300-1,4,TW,5,112,66,112,46,87,88,47
13,HF300-1,4,TW,6,88,36,87,51,112,112,51
13,HF300-1,4,TW,7,108,56,108,51,91,92,52
13,HF300-1,4,TW,8,92,42,92,49,107,108,50
13,HF300-1,4,TW,9,95,47,94,47,105,105,47
13,HF300-1,4,TW,10,110,64,109,45,90,90,45
13,HF300-1,4,TW,11,100,57,99,43,100,100,43
13,HF300-1,4,TW,12,97,48,96,48,103,103,48
13,HF300-1,4,TW,13,113,69,112,43,87,87,43
13,HF300-1,4,TW,14,111,60,110,51,89,89,51
13,HF300-1,4,TW,15,106,58,105,47,94,94,47
13,HF300-1,4,TW,16,94,47,94,46,105,106,47
13,HF300-1,4,TW,17,95,52,95,43,104,105,44
13,HF300-1,4,TW,18,79,36,79,43,120,121,44
13,HF300-1,4,TW,19,91,48,91,43,108,109,44
13,HF300-1,4,TW,20,107,60,107,46,92,93,47
13,HF300-1,4,TW,21,101,51,101,49,98,99,50
13,HF300-1,4,TW,22,87,48,87,39,112,113,40
13,HF300-1,4,TW,23,102,55,102,46,97,98,47
13,HF300-1,4,TW,24,86,42,86,43,113,114,44
13,HF300-1,4,TW,25,78,35,78,43,121,122,44
13,HF300-1,4,TW,26,100,62,99,37,100,100,37
13,HF300-1,4,TW,27,98,56,97,41,102,102,41
13,HF300-1,4,TW,28,87,33,87,53,112,113,54
13,HF300-1,4,TW,29,111,69,110,41,89,89,41
13,HF300-1,4,TW,30,102,49,101,52,98,98,52
13,HF300-1,4,TW,31,90,47,90,43,109,110,44
13,HF300-1,4,TW,32,94,47,93,46,106,106,46
13,HF300-1,4,TW,33,100,54,100,46,99,100,47
13,HF300-1,4,TW,34,102,59,101,42,98,98,42
13,HF300-1,4,TW,35,93,50,92,42,107,107,42
13,HF300-1,4,TW,36,97,54,96,42,103,103,42
13,HF300-1,4,TW,37,111,67,111,43,88,89,44
13,HF300-1,4,TW,38,91,47,90,43,109,109,43
13,HF300-1,4,TW,39,110,65,109,44,90,90,44
13,HF300-1,4,TW,40,98,50,98,47,101,102,48
13,HF300-1,4,TW,41,77,33,77,44,122,123,45
13,HF300-1,4,TW,42,88,42,87,46,112,112,46
13,HF300-1,4,TW,43,102,61,102,40,97,98,41
13,HF300-1,4,TW,44,92,48,91,44,108,108,44
13,HF300-1,4,TW,45,107,60,107,46,92,93,47
13,HF300-1,4,TW,46,98,52,98,45,101,102,46
13,HF300-1,4,TW,47,95,51,95,43,104,105,44
13,HF300-1,4,TW,48,88,40,88,47,111,112,48
13,HF300-1,4,TW,49,114,59,113,54,86,86,54
13,HF300-1,4,TW,50,90,45,89,44,110,110,44
13,HF300-1,4,TW,51,104,55,103,48,96,96,48
13,HF300-1,4,TW,52,95,47,94,47,105,105,47
13,HF300-1,4,TW,53,94,47,93,46,106,106,46
13,HF300-1,4,TW,54,97,52,97,44,102,103,45
13,HF300-1,4,TW,55,100,53,100,46,99,100,47
13,HF300-1,4,TW,56,106,57,105,48,94,94,48
13,HF300-1,4,TW,57,97,51,96,45,103,103,45
13,HF300-1,4,TW,58,112,65,112,46,87,88,47
13,HF300-1,4,TW,59,89,40,89,48,110,111,49
13,HF300-1,4,TW,60,83,43,82,39,117,117,39
13,HF300-1,4,TW,61,107,57,106,49,93,93,49
13,HF300-1,4,TW,62,95,47,94,48,105,105,48
13,HF300-1,4,TW,63,88,34,88,53,111,112,54
13,HF300-1,4,TW,64,115,77,115,37,84,85,38
13,HF300-1,4,TW,65,93,47,93,46,106,107,47
13,HF300-1,4,TW,66,80,27,79,53,120,120,53
13,HF300-1,4,TW,67,92,45,91,46,108,108,46
13,HF300-1,4,TW,68,111,69,110,41,89,89,41
13,HF300-1,4,TW,69,102,57,101,45,98,98,45
13,HF300-1,4,TW,70,90,47,89,42,110,110,42
13,HF300-1,4,TW,71,91,46,90,44,109,109,44
13,HF300-1,4,TW,72,87,39,87,48,112,113,49
13,HF300-1,4,TW,73,91,42,91,48,108,109,49
13,HF300-1,4,TW,74,81,34,80,46,119,119,46
13,HF300-1,4,TW,75,81,37,80,44,119,119,44
13,HF300-1,4,TW,76,99,49,98,50,101,101,50
13,HF300-1,4,TW,77,94,46,93,48,106,106,48
13,HF300-1,4,TW,78,88,47,87,41,112,112,41
13,HF300-1,4,TW,79,84,40,83,43,116,116,43
13,HF300-1,4,TW,80,96,49,96,46,103,104,47
13,HF300-1,4,TW,81,106,60,106,46,93,94,47
13,HF300-1,4,TW,82,100,52,99,47,100,100,47
13,HF300-1,4,TW,83,108,62,108,45,91,92,46
13,HF300-1,4,TW,84,100,56,100,43,99,100,44
13,HF300-1,4,TW,85,93,45,93,47,106,107,48
13,HF300-1,4,TW,86,98,50,97,48,102,102,48
13,HF300-1,4,TW,87,88,40,87,47,112,112,47
13,HF300-1,4,TW,88,106,59,105,47,94,94,47
13,HF300-1,4,TW,89,103,57,102,46,97,97,46
13,HF300-1,4,TW,90,106,58,106,47,93,94,48
13,HF300-1,4,TW,91,89,38,89,50,110,111,51
13,HF300-1,4,TW,92,96,62,96,34,103,104,35
13,HF300-1,4,TW,93,106,67,106,39,93,94,40
13,HF300-1,4,TW,94,89,46,88,42,111,111,42
13,HF300-1,4,TW,95,98,50,97,47,102,102,47
13,HF300-1,4,TW,96,98,55,97,42,102,102,42
13,HF300-1,4,TW,97,102,56,102,45,97,98,46
13,HF300-1,4,TW,98,89,48,89,41,110,111,42
13,HF300-1,4,TW,99,95,56,94,38,105,105,38
13,HF300-1,4,TW,100,92,47,91,44,108,108,44
13,HF300-1,4,TW,101,110,67,110,43,89,90,44
13,HF300-1,4,TW,102,101,52,100,48,99,99,48
13,HF300-1,4,TW,103,98,54,98,43,101,102,44
13,HF300-1,4,TW,104,101,52,101,48,98,99,49
13,HF300-1,4,TW,105,98,52,97,46,102,102,46
13,HF300-1,4,TW,106,99,55,99,43,100,101,44
13,HF300-1,4,TW,107,88,40,87,47,112,112,47
13,HF300-1,4,TW,108,104,65,104,39,95,96,40
13,HF300-1,4,TW,109,107,65,106,41,93,93,41
13,HF300-1,4,TW,110,89,41,89,47,110,111,48
13,HF300-1,4,TW,111,87,45,86,41,113,113,41
13,HF300-1,4,TW,112,95,46,94,49,105,105,49
13,HF300-1,4,TW,113,83,37,82,46,117,117,46
13,HF300-1,4,TW,114,108,67,107,40,92,92,40
13,HF300-1,4,TW,115,107,60,107,46,92,93,47
13,HF300-1,4,TW,116,101,60,101,41,98,99,42
13,HF300-1,4,TW,117,107,60,106,46,93,93,46
13,HF300-1,4,TW,118,101,61,101,40,98,99,41
13,HF300-1,4,TW,119,107,64,107,43,92,93,44
13,HF300-1,4,TW,120,108,60,107,47,92,92,47
13,HF300-1,4,TW,121,98,50,97,47,102,102,47
13,HF300-1,4,TW,122,101,53,100,47,99,99,47
13,HF300-1,4,TW,123,108,54,107,53,92,92,53
13,HF300-1,4,TW,124,103,54,102,48,97,97,48
13,HF300-1,4,TW,125,98,59,98,39,101,102,40
13,HF300-1,4,TW,126,114,76,113,37,86,86,37
13,HF300-1,4,TW,127,113,68,112,45,87,87,45
13,HF300-1,4,TW,128,92,44,91,47,108,108,47
13,HF300-1,4,TW,129,102,61,101,40,98,98,40
13,HF300-1,4,TW,130,96,55,95,40,104,104,40
13,HF300-1,4,TW,131,86,42,86,44,113,114,45
13,HF300-1,4,TW,132,118,68,118,50,81,82,51
13,HF300-1,4,TW,133,100,51,100,48,99,100,49
13,HF300-1,4,TW,134,97,53,96,43,103,103,43
13,HF300-1,4,TW,135,103,54,103,48,96,97,49
13,HF300-1,4,TW,136,103,54,102,48,97,97,48
13,HF300-1,4,TW,137,90,39,89,51,110,110,51
13,HF300-1,4,TW,138,109,67,109,42,90,91,43
13,HF300-1,4,TW,139,100,58,100,42,99,100,43
13,HF300-1,4,TW,140,101,57,101,44,98,99,45
13,HF300-1,4,TW,141,95,54,94,41,105,105,41
13,HF300-1,4,TW,142,112,67,111,44,88,88,44
13,HF300-1,4,TW,143,104,60,103,44,96,96,44
13,HF300-1,4,TW,144,108,59,107,48,92,92,48
13,HF300-1,4,TW,145,88,44,87,43,112,112,43
13,HF300-1,4,TW,146,102,57,101,45,98,98,45
13,HF300-1,4,TW,147,87,37,87,50,112,113,51
13,HF300-1,4,TW,148,107,62,107,44,92,93,45
13,HF300-1,4,TW,149,86,47,86,38,113,114,39
13,HF300-1,4,TW,150,121,73,120,47,79,79,47
13,HF300-1,4,TW,151,79,38,79,40,120,121,41
13,HF300-1,4,TW,152,100,52,100,47,99,100,48
13,HF300-1,4,TW,153,92,48,92,44,107,108,45
13,HF300-1,4,TW,154,87,41,87,46,112,113,47
13,HF300-1,4,TW,155,90,47,90,43,109,110,44
13,HF300-1,4,TW,156,96,48,96,48,103,104,49
13,HF300-1,4,TW,157,99,51,98,48,101,101,48
13,HF300-1,4,TW,158,101,58,100,42,99,99,42
13,HF300-1,4,TW,159,85,33,84,51,115,115,51
13,HF300-1,4,TW,160,104,59,104,44,95,96,45
13,HF300-1,4,TW,161,108,68,107,40,92,92,40
13,HF300-1,4,TW,162,108,62,107,46,92,92,46
13,HF300-1,4,TW,163,95,49,95,45,104,105,46
13,HF300-1,4,TW,164,103,52,102,51,97,97,51
13,HF300-1,4,TW,165,106,53,106,52,93,94,53
13,HF300-1,4,TW,166,93,46,92,47,107,107,47
13,HF300-1,4,TW,167,93,40,93,52,106,107,53
13,HF300-1,4,TW,168,84,40,84,43,115,116,44
13,HF300-1,4,TW,169,99,54,99,45,100,101,46
13,HF300-1,4,TW,170,103,57,103,45,96,97,46
13,HF300-1,4,TW,171,86,41,86,44,113,114,45
13,HF300-1,4,TW,172,89,40,88,48,111,111,48
13,HF300-1,4,TW,173,95,53,94,41,105,105,41
13,HF300-1,4,TW,174,97,55,96,41,103,103,41
13,HF300-1,4,TW,175,79,33,78,46,121,121,46
13,HF300-1,4,TW,176,108,61,107,46,92,92,46
13,HF300-1,4,TW,177,86,45,86,40,113,114,41
13,HF300-1,4,TW,178,89,51,88,38,111,111,38
13,HF300-1,4,TW,179,103,49,103,53,96,97,54
13,HF300-1,4,TW,180,88,42,88,46,111,112,47
13,HF300-1,4,TW,181,96,53,96,42,103,104,43
13,HF300-1,4,TW,182,100,52,100,48,99,100,49
13,HF300-1,4,TW,183,84,40,83,44,116,116,44
13,HF300-1,4,TW,184,92,47,92,44,107,108,45
13,HF300-1,4,TW,185,98,49,98,49,101,102,50
13,HF300-1,4,TW,186,90,47,90,42,109,110,43
13,HF300-1,4,TW,187,107,58,106,48,93,93,48
13,HF300-1,4,TW,188,110,67,110,42,89,90,43
13,HF300-1,4,TW,189,98,49,98,48,101,102,49
13,HF300-1,4,TW,190,86,42,86,43,113,114,44
13,HF300-1,4,TW,191,119,72,119,46,80,81,47
13,HF300-1,4,TW,192,90,48,89,41,110,110,41
13,HF300-1,4,TW,193,103,53,103,49,96,97,50
13,HF300-1,4,TW,194,98,58,97,39,102,102,39
13,HF300-1,4,TW,195,87,42,87,45,112,113,46
13,HF300-1,4,TW,196,96,45,95,50,104,104,50
13,HF300-1,4,TW,197,86,39,85,46,114,114,46
13,HF300-1,4,TW,198,100,52,99,48,100,100,48
13,HF300-1,4,TW,199,109,63,109,45,90,91,46
13,HF300-1,4,TW,200,89,40,89,49,110,111,50
14,HF300-2,2,T,1,51,23,50,28,149,149,28
14,HF300-2,2,T,2,37,19,37,18,162,163,19
14,HF300-2,2,T,3,47,20,47,26,152,153,27
14,HF300-2,2,T,4,42,21,42,21,157,158,22
14,HF300-2,2,T,5,56,28,55,27,144,144,27
14,HF300-2,2,T,6,51,23,51,28,148,149,29
14,HF300-2,2,T,7,40,15,40,24,159,160,25
14,HF300-2,2,T,8,18,10,18,7,181,182,8
14,HF300-2,2,T,9,33,11,33,22,166,167,23
14,HF300-2,2,T,10,52,25,52,27,147,148,28
14,HF300-2,2,T,11,21,12,21,9,178,179,10
14,HF300-2,2,T,12,40,14,40,26,159,160,27
14,HF300-2,2,T,13,28,13,27,15,172,172,15
14,HF300-2,2,T,14,42,18,42,24,157,158,25
14,HF300-2,2,T,15,33,16,32,16,167,167,16
14,HF300-2,2,T,16,39,17,39,22,160,161,23
14,HF300-2,2,T,17,56,20,56,35,143,144,36
14,HF300-2,2,T,18,23,12,23,10,176,177,11
14,HF300-2,2,T,19,9,3,9,6,190,191,7
14,HF300-2,2,T,20,0,0,0,0,199,200,1
14,HF300-2,2,T,21,28,12,28,15,171,172,16
14,HF300-2,2,T,22,34,14,34,20,165,166,21
14,HF300-2,2,T,23,50,19,50,31,149,150,32
14,HF300-2,2,T,24,62,27,62,34,137,138,35
14,HF300-2,2,T,25,42,19,42,22,157,158,23
14,HF300-2,2,T,26,54,21,54,33,145,146,34
14,HF300-2,2,T,27,52,25,52,26,147,148,27
14,HF300-2,2,T,28,59,27,59,31,140,141,32
14,HF300-2,2,T,29,76,39,76,36,123,124,37
14,HF300-2,2,T,30,68,33,68,34,131,132,35
14,HF300-2,2,T,31,4,1,4,2,195,196,3
14,HF300-2,2,T,32,35,14,35,20,164,165,21
14,HF300-2,2,T,33,78,38,78,39,121,122,40
14,HF300-2,2,T,34,9,2,9,6,190,191,7
14,HF300-2,2,T,35,53,19,53,33,146,147,34
14,HF300-2,2,T,36,1,0,1,0,198,199,1
14,HF300-2,2,T,37,24,9,24,14,175,176,15
14,HF300-2,2,T,38,26,9,26,17,173,174,18
14,HF300-2,2,T,39,57,22,57,34,142,143,35
14,HF300-2,2,T,40,17,6,17,11,182,183,12
14,HF300-2,2,T,41,45,20,45,24,154,155,25
14,HF300-2,2,T,42,32,14,32,17,167,168,18
14,HF300-2,2,T,43,51,16,51,34,148,149,35
14,HF300-2,2,T,44,34,12,33,22,166,166,22
14,HF300-2,2,T,45,58,28,58,30,141,142,31
14,HF300-2,2,T,46,55,25,54,30,145,145,30
14,HF300-2,2,T,47,51,21,51,30,148,149,31
14,HF300-2,2,T,48,51,26,50,24,149,149,24
14,HF300-2,2,T,49,58,20,58,38,141,142,39
14,HF300-2,2,T,50,52,16,51,35,148,148,35
14,HF300-2,2,T,51,62,21,61,41,138,138,41
14,HF300-2,2,T,52,44,19,44,24,155,156,25
14,HF300-2,2,T,53,3,1,3,1,196,197,2
14,HF300-2,2,T,54,36,13,35,23,164,164,23
14,HF300-2,2,T,55,28,11,28,17,171,172,18
14,HF300-2,2,T,56,52,18,51,33,148,148,33
14,HF300-2,2,T,57,72,30,72,41,127,128,42
14,HF300-2,2,T,58,60,34,60,26,139,140,27
14,HF300-2,2,T,59,54,20,54,34,145,146,35
14,HF300-2,2,T,60,74,36,73,38,126,126,38
14,HF300-2,2,T,61,48,18,48,29,151,152,30
14,HF300-2,2,T,62,58,24,58,34,141,142,35
14,HF300-2,2,T,63,59,19,59,40,140,141,41
14,HF300-2,2,T,64,28,13,28,14,171,172,15
14,HF300-2,2,T,65,56,17,56,38,143,144,39
14,HF300-2,2,T,66,21,8,21,13,178,179,14
14,HF300-2,2,T,67,37,15,37,21,162,163,22
14,HF300-2,2,T,68,6,0,6,6,193,194,7
14,HF300-2,2,T,69,19,2,19,16,180,181,17
14,HF300-2,2,T,70,50,18,50,31,149,150,32
14,HF300-2,2,T,71,52,17,52,34,147,148,35
14,HF300-2,2,T,72,0,0,0,0,199,200,1
14,HF300-2,2,T,73,52,24,52,28,147,148,29
14,HF300-2,2,T,74,34,10,34,24,165,166,25
14,HF300-2,2,T,75,31,15,31,15,168,169,16
14,HF300-2,2,T,76,25,8,25,17,174,175,18
14,HF300-2,2,T,77,39,14,39,24,160,161,25
14,HF300-2,2,T,78,22,11,22,11,177,178,12
14,HF300-2,2,T,79,33,15,33,18,166,167,19
14,HF300-2,2,T,80,43,20,43,22,156,157,23
14,HF300-2,2,T,81,52,23,52,29,147,148,30
14,HF300-2,2,T,82,28,6,28,22,171,172,23
14,HF300-2,2,T,83,49,20,48,29,151,151,29
14,HF300-2,2,T,84,39,20,39,18,160,161,19
14,HF300-2,2,T,85,75,39,74,36,125,125,36
14,HF300-2,2,T,86,6,2,6,4,193,194,5
14,HF300-2,2,T,87,46,16,46,29,153,154,30
14,HF300-2,2,T,88,28,8,28,19,171,172,20
14,HF300-2,2,T,89,54,23,53,31,146,146,31
14,HF300-2,2,T,90,52,26,51,25,148,148,25
14,HF300-2,2,T,91,56,20,56,35,143,144,36
14,HF300-2,2,T,92,7,3,7,4,192,193,5
14,HF300-2,2,T,93,36,15,36,21,163,164,22
14,HF300-2,2,T,94,64,31,64,33,135,136,34
14,HF300-2,2,T,95,50,19,50,31,149,150,32
14,HF300-2,2,T,96,50,22,49,27,150,150,27
14,HF300-2,2,T,97,55,22,54,33,145,145,33
14,HF300-2,2,T,98,52,28,52,24,147,148,25
14,HF300-2,2,T,99,53,25,53,27,146,147,28
14,HF300-2,2,T,100,31,13,31,17,168,169,18
14,HF300-2,2,T,101,39,16,39,23,160,161,24
14,HF300-2,2,T,102,55,22,55,33,144,145,34
14,HF300-2,2,T,103,48,17,48,31,151,152,32
14,HF300-2,2,T,104,23,6,23,17,176,177,18
14,HF300-2,2,T,105,35,10,35,25,164,165,26
14,HF300-2,2,T,106,61,30,61,31,138,139,32
14,HF300-2,2,T,107,32,10,32,22,167,168,23
14,HF300-2,2,T,108,30,13,30,17,169,170,18
14,HF300-2,2,T,109,47,20,47,27,152,153,28
14,HF300-2,2,T,110,18,8,18,10,181,182,11
14,HF300-2,2,T,111,49,21,48,28,151,151,28
14,HF300-2,2,T,112,56,23,56,33,143,144,34
14,HF300-2,2,T,113,64,21,64,42,135,136,43
14,HF300-2,2,T,114,60,27,60,32,139,140,33
14,HF300-2,2,T,115,52,17,52,35,147,148,36
14,HF300-2,2,T,116,26,5,26,20,173,174,21
14,HF300-2,2,T,117,37,12,36,25,163,163,25
14,HF300-2,2,T,118,53,29,52,24,147,147,24
14,HF300-2,2,T,119,55,24,55,31,144,145,32
14,HF300-2,2,T,120,69,26,69,43,130,131,44
14,HF300-2,2,T,121,36,16,36,20,163,164,21
14,HF300-2,2,T,122,45,17,44,28,155,155,28
14,HF300-2,2,T,123,24,12,24,12,175,176,13
14,HF300-2,2,T,124,65,32,65,33,134,135,34
14,HF300-2,2,T,125,3,1,3,2,196,197,3
14,HF300-2,2,T,126,57,28,57,28,142,143,29
14,HF300-2,2,T,127,9,3,9,6,190,191,7
14,HF300-2,2,T,128,56,24,56,32,143,144,33
14,HF300-2,2,T,129,41,16,41,25,158,159,26
14,HF300-2,2,T,130,56,24,55,32,144,144,32
14,HF300-2,2,T,131,62,32,62,29,137,138,30
14,HF300-2,2,T,132,56,26,56,30,143,144,31
14,HF300-2,2,T,133,41,18,41,23,158,159,24
14,HF300-2,2,T,134,51,21,51,30,148,149,31
14,HF300-2,2,T,135,50,22,50,27,149,150,28
14,HF300-2,2,T,136,14,11,14,3,185,186,4
14,HF300-2,2,T,137,40,10,40,29,159,160,30
14,HF300-2,2,T,138,25,8,25,17,174,175,18
14,HF300-2,2,T,139,1,0,1,1,198,199,2
14,HF300-2,2,T,140,55,29,55,25,144,145,26
14,HF300-2,2,T,141,44,18,43,25,156,156,25
14,HF300-2,2,T,142,7,1,7,6,192,193,7
14,HF300-2,2,T,143,54,24,54,29,145,146,30
14,HF300-2,2,T,144,4,0,4,4,195,196,5
14,HF300-2,2,T,145,62,28,62,33,137,138,34
14,HF300-2,2,T,146,44,18,44,26,155,156,27
14,HF300-2,2,T,147,58,27,58,30,141,142,31
14,HF300-2,2,T,148,30,11,30,19,169,170,20
14,HF300-2,2,T,149,46,16,46,30,153,154,31
14,HF300-2,2,T,150,45,16,45,28,154,155,29
14,HF300-2,2,T,151,49,20,48,29,151,151,29
14,HF300-2,2,T,152,50,20,50,29,149,150,30
14,HF300-2,2,T,153,61,27,61,33,138,139,34
14,HF300-2,2,T,154,36,11,35,24,164,164,24
14,HF300-2,2,T,155,49,18,49,31,150,151,32
14,HF300-2,2,T,156,37,11,37,26,162,163,27
14,HF300-2,2,T,157,63,33,63,30,136,137,31
14,HF300-2,2,T,158,56,27,56,29,143,144,30
14,HF300-2,2,T,159,42,20,42,22,157,158,23
14,HF300-2,2,T,160,41,12,41,28,158,159,29
14,HF300-2,2,T,161,47,20,47,27,152,153,28
14,HF300-2,2,T,162,43,13,43,29,156,157,30
14,HF300-2,2,T,163,37,18,37,19,162,163,20
14,HF300-2,2,T,164,8,2,8,5,191,192,6
14,HF300-2,2,T,165,53,21,53,32,146,147,33
14,HF300-2,2,T,166,37,15,37,22,162,163,23
14,HF300-2,2,T,167,64,29,64,34,135,136,35
14,HF300-2,2,T,168,49,22,49,27,150,151,28
14,HF300-2,2,T,169,56,19,56,36,143,144,37
14,HF300-2,2,T,170,18,8,18,10,181,182,11
14,HF300-2,2,T,171,10,3,10,7,189,190,8
14,HF300-2,2,T,172,40,17,40,23,159,160,24
14,HF300-2,2,T,173,52,20,52,32,147,148,33
14,HF300-2,2,T,174,32,10,32,22,167,168,23
14,HF300-2,2,T,175,55,19,55,35,144,145,36
14,HF300-2,2,T,176,45,19,44,25,155,155,25
14,HF300-2,2,T,177,58,20,58,37,141,142,38
14,HF300-2,2,T,178,57,24,56,33,143,143,33
14,HF300-2,2,T,179,35,13,35,22,164,165,23
14,HF300-2,2,T,180,46,22,46,24,153,154,25
14,HF300-2,2,T,181,43,17,43,25,156,157,26
14,HF300-2,2,T,182,41,13,40,28,159,159,28
14,HF300-2,2,T,183,44,19,44,25,155,156,26
14,HF300-2,2,T,184,31,10,30,21,169,169,21
14,HF300-2,2,T,185,23,14,23,9,176,177,10
14,HF300-2,2,T,186,54,25,54,29,145,146,30
14,HF300-2,2,T,187,36,18,36,18,163,164,19
14,HF300-2,2,T,188,57,28,56,29,143,143,29
14,HF300-2,2,T,189,51,19,51,31,148,149,32
14,HF300-2,2,T,190,56,21,56,35,143,144,36
14,HF300-2,2,T,191,52,24,51,28,148,148,28
14,HF300-2,2,T,192,60,28,60,32,139,140,33
14,HF300-2,2,T,193,22,4,22,18,177,178,19
14,HF300-2,2,T,194,40,16,40,24,159,160,25
14,HF300-2,2,T,195,50,24,50,26,149,150,27
14,HF300-2,2,T,196,42,19,41,23,158,158,23
14,HF300-2,2,T,197,69,36,69,33,130,131,34
14,HF300-2,2,T,198,60,25,60,35,139,140,36
14,HF300-2,2,T,199,43,16,43,27,156,157,28
14,HF300-2,2,T,200,56,25,55,31,144,144,31
14,HF300-2,4,TW,1,106,75,105,30,94,94,30
14,HF300-2,4,TW,2,93,58,93,34,106,107,35
14,HF300-2,4,TW,3,101,70,100,30,99,99,30
14,HF300-2,4,TW,4,96,58,96,37,103,104,38
14,HF300-2,4,TW,5,112,76,111,36,88,88,36
14,HF300-2,4,TW,6,99,66,98,32,101,101,32
14,HF300-2,4,TW,7,96,56,95,39,104,104,39
14,HF300-2,4,TW,8,91,56,90,35,109,109,35
14,HF300-2,4,TW,9,97,61,96,35,103,103,35
14,HF300-2,4,TW,10,97,67,96,29,103,103,29
14,HF300-2,4,TW,11,112,81,111,30,88,88,30
14,HF300-2,4,TW,12,114,73,113,40,86,86,40
14,HF300-2,4,TW,13,112,77,111,35,88,88,35
14,HF300-2,4,TW,14,101,72,101,29,98,99,30
14,HF300-2,4,TW,15,114,80,113,33,86,86,33
14,HF300-2,4,TW,16,91,56,91,35,108,109,36
14,HF300-2,4,TW,17,94,58,93,35,106,106,35
14,HF300-2,4,TW,18,92,60,92,31,107,108,32
14,HF300-2,4,TW,19,103,69,103,34,96,97,35
14,HF300-2,4,TW,20,113,81,112,31,87,87,31
14,HF300-2,4,TW,21,104,75,104,28,95,96,29
14,HF300-2,4,TW,22,96,66,95,29,104,104,29
14,HF300-2,4,TW,23,106,72,105,34,94,94,34
14,HF300-2,4,TW,24,108,74,108,33,91,92,34
14,HF300-2,4,TW,25,104,69,104,34,95,96,35
14,HF300-2,4,TW,26,101,62,101,39,98,99,40
14,HF300-2,4,TW,27,94,67,94,26,105,106,27
14,HF300-2,4,TW,28,112,76,112,35,87,88,36
14,HF300-2,4,TW,29,92,66,91,25,108,108,25
14,HF300-2,4,TW,30,117,76,117,40,82,83,41
14,HF300-2,4,TW,31,99,64,98,34,101,101,34
14,HF300-2,4,TW,32,103,62,102,40,97,97,40
14,HF300-2,4,TW,33,98,63,97,34,102,102,34
14,HF300-2,4,TW,34,104,72,103,31,96,96,31
14,HF300-2,4,TW,35,107,69,107,38,92,93,39
14,HF300-2,4,TW,36,82,50,82,31,117,118,32
14,HF300-2,4,TW,37,72,37,72,34,127,128,35
14,HF300-2,4,TW,38,111,77,111,33,88,89,34
14,HF300-2,4,TW,39,96,58,95,38,104,104,38
14,HF300-2,4,TW,40,109,70,109,38,90,91,39
14,HF300-2,4,TW,41,104,75,104,28,95,96,29
14,HF300-2,4,TW,42,105,70,104,34,95,95,34
14,HF300-2,4,TW,43,105,76,104,28,95,95,28
14,HF300-2,4,TW,44,114,80,113,34,86,86,34
14,HF300-2,4,TW,45,108,82,108,25,91,92,26
14,HF300-2,4,TW,46,103,69,103,34,96,97,35
14,HF300-2,4,TW,47,95,61,94,33,105,105,33
14,HF300-2,4,TW,48,93,67,92,25,107,107,25
14,HF300-2,4,TW,49,104,61,103,42,96,96,42
14,HF300-2,4,TW,50,113,77,112,35,87,87,35
14,HF300-2,4,TW,51,97,64,97,32,102,103,33
14,HF300-2,4,TW,52,98,65,98,32,101,102,33
14,HF300-2,4,TW,53,93,55,92,37,107,107,37
14,HF300-2,4,TW,54,106,69,106,36,93,94,37
14,HF300-2,4,TW,55,104,67,103,36,96,96,36
14,HF300-2,4,TW,56,104,63,103,40,96,96,40
14,HF300-2,4,TW,57,104,68,104,35,95,96,36
14,HF300-2,4,TW,58,91,61,91,29,108,109,30
14,HF300-2,4,TW,59,87,54,86,32,113,113,32
14,HF300-2,4,TW,60,117,84,116,33,83,83,33
14,HF300-2,4,TW,61,114,72,113,41,86,86,41
14,HF300-2,4,TW,62,98,63,98,34,101,102,35
14,HF300-2,4,TW,63,99,61,98,37,101,101,37
14,HF300-2,4,TW,64,95,59,95,35,104,105,36
14,HF300-2,4,TW,65,90,55,89,34,110,110,34
14,HF300-2,4,TW,66,102,70,101,32,98,98,32
14,HF300-2,4,TW,67,82,52,82,29,117,118,30
14,HF300-2,4,TW,68,96,65,96,30,103,104,31
14,HF300-2,4,TW,69,90,56,90,33,109,110,34
14,HF300-2,4,TW,70,80,47,79,32,120,120,32
14,HF300-2,4,TW,71,99,64,98,34,101,101,34
14,HF300-2,4,TW,72,88,49,87,38,112,112,38
14,HF300-2,4,TW,73,92,56,92,36,107,108,37
14,HF300-2,4,TW,74,111,77,110,33,89,89,33
14,HF300-2,4,TW,75,90,59,90,30,109,110,31
14,HF300-2,4,TW,76,99,65,99,34,100,101,35
14,HF300-2,4,TW,77,104,66,103,37,96,96,37
14,HF300-2,4,TW,78,99,65,99,33,100,101,34
14,HF300-2,4,TW,79,89,54,89,34,110,111,35
14,HF300-2,4,TW,80,102,72,101,29,98,98,29
14,HF300-2,4,TW,81,97,68,97,28,102,103,29
14,HF300-2,4,TW,82,88,60,88,27,111,112,28
14,HF300-2,4,TW,83,79,47,79,31,120,121,32
14,HF300-2,4,TW,84,93,58,92,34,107,107,34
14,HF300-2,4,TW,85,96,58,95,37,104,104,37
14,HF300-2,4,TW,86,95,58,95,36,104,105,37
14,HF300-2,4,TW,87,113,80,112,32,87,87,32
14,HF300-2,4,TW,88,118,82,117,35,82,82,35
14,HF300-2,4,TW,89,80,41,79,39,120,120,39
14,HF300-2,4,TW,90,102,67,101,34,98,98,34
14,HF300-2,4,TW,91,113,82,112,30,87,87,30
14,HF300-2,4,TW,92,87,58,87,28,112,113,29
14,HF300-2,4,TW,93,117,87,116,30,83,83,30
14,HF300-2,4,TW,94,103,65,103,38,96,97,39
14,HF300-2,4,TW,95,95,57,95,38,104,105,39
14,HF300-2,4,TW,96,76,48,75,27,124,124,27
14,HF300-2,4,TW,97,103,68,102,34,97,97,34
14,HF300-2,4,TW,98,84,49,84,35,115,116,36
14,HF300-2,4,TW,99,96,57,95,38,104,104,38
14,HF300-2,4,TW,100,113,80,112,32,87,87,32
14,HF300-2,4,TW,101,96,67,96,29,103,104,30
14,HF300-2,4,TW,102,115,72,115,42,84,85,43
14,HF300-2,4,TW,103,102,68,102,34,97,98,35
14,HF300-2,4,TW,104,90,59,89,30,110,110,30
14,HF300-2,4,TW,105,91,58,91,33,108,109,34
14,HF300-2,4,TW,106,91,56,90,35,109,109,35
14,HF300-2,4,TW,107,98,65,98,32,101,102,33
14,HF300-2,4,TW,108,96,59,95,37,104,104,37
14,HF300-2,4,TW,109,88,53,88,34,111,112,35
14,HF300-2,4,TW,110,91,54,91,36,108,109,37
14,HF300-2,4,TW,111,99,62,99,36,100,101,37
14,HF300-2,4,TW,112,106,73,105,32,94,94,32
14,HF300-2,4,TW,113,88,51,87,36,112,112,36
14,HF300-2,4,TW,114,107,74,106,32,93,93,32
14,HF300-2,4,TW,115,98,67,97,31,102,102,31
14,HF300-2,4,TW,116,96,69,95,26,104,104,26
14,HF300-2,4,TW,117,83,54,83,28,116,117,29
14,HF300-2,4,TW,118,97,68,96,29,103,103,29
14,HF300-2,4,TW,119,98,59,98,39,101,102,40
14,HF300-2,4,TW,120,102,66,101,36,98,98,36
14,HF300-2,4,TW,121,96,60,96,36,103,104,37
14,HF300-2,4,TW,122,105,73,104,32,95,95,32
14,HF300-2,4,TW,123,97,66,96,31,103,103,31
14,HF300-2,4,TW,124,99,65,98,33,101,101,33
14,HF300-2,4,TW,125,112,70,111,42,88,88,42
14,HF300-2,4,TW,126,89,52,88,36,111,111,36
14,HF300-2,4,TW,127,84,47,84,36,115,116,37
14,HF300-2,4,TW,128,127,95,126,31,73,73,31
14,HF300-2,4,TW,129,98,66,98,32,101,102,33
14,HF300-2,4,TW,130,111,81,110,29,89,89,29
14,HF300-2,4,TW,131,85,46,84,38,115,115,38
14,HF300-2,4,TW,132,94,55,94,39,105,106,40
14,HF300-2,4,TW,133,89,55,88,34,111,111,34
14,HF300-2,4,TW,134,90,60,90,29,109,110,30
14,HF300-2,4,TW,135,116,80,115,35,84,84,35
14,HF300-2,4,TW,136,96,64,95,31,104,104,31
14,HF300-2,4,TW,137,102,69,101,32,98,98,32
14,HF300-2,4,TW,138,85,45,84,40,115,115,40
14,HF300-2,4,TW,139,90,56,89,34,110,110,34
14,HF300-2,4,TW,140,102,64,101,37,98,98,37
14,HF300-2,4,TW,141,100,67,100,32,99,100,33
14,HF300-2,4,TW,142,105,72,105,32,94,95,33
14,HF300-2,4,TW,143,93,59,93,33,106,107,34
14,HF300-2,4,TW,144,128,93,127,34,72,72,34
14,HF300-2,4,TW,145,92,59,91,32,108,108,32
14,HF300-2,4,TW,146,78,43,77,35,122,122,35
14,HF300-2,4,TW,147,118,88,117,29,82,82,29
14,HF300-2,4,TW,148,124,91,123,33,76,76,33
14,HF300-2,4,TW,149,94,61,94,33,105,106,34
14,HF300-2,4,TW,150,84,49,84,34,115,116,35
14,HF300-2,4,TW,151,100,66,99,33,100,100,33
14,HF300-2,4,TW,152,97,70,97,26,102,103,27
14,HF300-2,4,TW,153,79,49,78,29,121,121,29
14,HF300-2,4,TW,154,94,60,94,34,105,106,35
14,HF300-2,4,TW,155,86,50,86,35,113,114,36
14,HF300-2,4,TW,156,113,75,113,37,86,87,38
14,HF300-2,4,TW,157,110,78,109,31,90,90,31
14,HF300-2,4,TW,158,110,79,109,30,90,90,30
14,HF300-2,4,TW,159,90,62,90,28,109,110,29
14,HF300-2,4,TW,160,98,57,97,40,102,102,40
14,HF300-2,4,TW,161,82,48,82,33,117,118,34
14,HF300-2,4,TW,162,74,45,74,28,125,126,29
14,HF300-2,4,TW,163,87,55,86,32,113,113,32
14,HF300-2,4,TW,164,86,52,85,33,114,114,33
14,HF300-2,4,TW,165,109,71,109,38,90,91,39
14,HF300-2,4,TW,166,92,56,91,35,108,108,35
14,HF300-2,4,TW,167,98,59,97,38,102,102,38
14,HF300-2,4,TW,168,102,69,102,32,97,98,33
14,HF300-2,4,TW,169,105,73,104,31,95,95,31
14,HF300-2,4,TW,170,89,52,89,37,110,111,38
14,HF300-2,4,TW,171,91,65,91,26,108,109,27
14,HF300-2,4,TW,172,88,58,88,30,111,112,31
14,HF300-2,4,TW,173,89,53,89,36,110,111,37
14,HF300-2,4,TW,174,102,67,101,34,98,98,34
14,HF300-2,4,TW,175,98,60,98,37,101,102,38
14,HF300-2,4,TW,176,95,62,94,32,105,105,32
14,HF300-2,4,TW,177,95,59,94,36,105,105,36
14,HF300-2,4,TW,178,111,73,110,38,89,89,38
14,HF300-2,4,TW,179,97,60,97,37,102,103,38
14,HF300-2,4,TW,180,73,44,72,29,127,127,29
14,HF300-2,4,TW,181,89,54,88,35,111,111,35
14,HF300-2,4,TW,182,92,53,91,39,108,108,39
14,HF300-2,4,TW,183,110,69,109,40,90,90,40
14,HF300-2,4,TW,184,100,67,100,32,99,100,33
14,HF300-2,4,TW,185,117,90,117,27,82,83,28
14,HF300-2,4,TW,186,106,70,106,35,93,94,36
14,HF300-2,4,TW,187,89,63,89,26,110,111,27
14,HF300-2,4,TW,188,96,61,95,34,104,104,34
14,HF300-2,4,TW,189,87,54,87,32,112,113,33
14,HF300-2,4,TW,190,97,61,96,35,103,103,35
14,HF300-2,4,TW,191,108,73,108,35,91,92,36
14,HF300-2,4,TW,192,131,97,131,33,68,69,34
14,HF300-2,4,TW,193,99,65,98,33,101,101,33
14,HF300-2,4,TW,194,121,89,120,32,79,79,32
14,HF300-2,4,TW,195,87,53,86,33,113,113,33
14,HF300-2,4,TW,196,92,58,91,33,108,108,33
14,HF300-2,4,TW,197,102,73,102,29,97,98,30
14,HF300-2,4,TW,198,105,70,105,35,94,95,36
14,HF300-2,4,TW,199,90,57,89,33,110,110,33
14,HF300-2,4,TW,200,118,79,118,38,81,82,39
15,HF300-3,2,T,1,32,9,32,22,167,168,23
15,HF300-3,2,T,2,46,16,46,29,153,154,30
15,HF300-3,2,T,3,63,23,62,40,137,137,40
15,HF300-3,2,T,4,16,4,16,12,183,184,13
15,HF300-3,2,T,5,33,13,33,19,166,167,20
15,HF300-3,2,T,6,55,30,55,24,144,145,25
15,HF300-3,2,T,7,68,35,68,33,131,132,34
15,HF300-3,2,T,8,43,21,42,22,157,157,22
15,HF300-3,2,T,9,15,5,15,10,184,185,11
15,HF300-3,2,T,10,16,6,16,9,183,184,10
15,HF300-3,2,T,11,60,24,60,35,139,140,36
15,HF300-3,2,T,12,39,17,39,21,160,161,22
15,HF300-3,2,T,13,51,19,51,31,148,149,32
15,HF300-3,2,T,14,49,17,49,32,150,151,33
15,HF300-3,2,T,15,11,4,11,7,188,189,8
15,HF300-3,2,T,16,0,0,0,0,199,200,1
15,HF300-3,2,T,17,44,22,44,21,155,156,22
15,HF300-3,2,T,18,13,6,13,7,186,187,8
15,HF300-3,2,T,19,58,24,57,34,142,142,34
15,HF300-3,2,T,20,47,23,47,23,152,153,24
15,HF300-3,2,T,21,68,35,68,32,131,132,33
15,HF300-3,2,T,22,54,30,54,23,145,146,24
15,HF300-3,2,T,23,30,16,30,13,169,170,14
15,HF300-3,2,T,24,4,1,4,2,195,196,3
15,HF300-3,2,T,25,28,18,28,10,171,172,11
15,HF300-3,2,T,26,24,11,24,12,175,176,13
15,HF300-3,2,T,27,66,30,66,36,133,134,37
15,HF300-3,2,T,28,57,32,57,24,142,143,25
15,HF300-3,2,T,29,44,24,44,20,155,156,21
15,HF300-3,2,T,30,53,27,53,26,146,147,27
15,HF300-3,2,T,31,23,11,23,12,176,177,13
15,HF300-3,2,T,32,29,13,29,16,170,171,17
15,HF300-3,2,T,33,39,19,38,20,161,161,20
15,HF300-3,2,T,34,40,16,40,24,159,160,25
15,HF300-3,2,T,35,33,17,33,16,166,167,17
15,HF300-3,2,T,36,27,13,27,14,172,173,15
15,HF300-3,2,T,37,97,51,97,46,102,103,47
15,HF300-3,2,T,38,63,24,62,39,137,137,39
15,HF300-3,2,T,39,16,7,16,9,183,184,10
15,HF300-3,2,T,40,33,12,33,20,166,167,21
15,HF300-3,2,T,41,56,31,56,24,143,144,25
15,HF300-3,2,T,42,29,12,29,17,170,171,18
15,HF300-3,2,T,43,42,19,42,23,157,158,24
15,HF300-3,2,T,44,6,1,6,4,193,194,5
15,HF300-3,2,T,45,17,4,17,13,182,183,14
15,HF300-3,2,T,46,39,16,38,23,161,161,23
15,HF300-3,2,T,47,25,10,25,14,174,175,15
15,HF300-3,2,T,48,62,28,62,33,137,138,34
15,HF300-3,2,T,49,17,6,17,10,182,183,11
15,HF300-3,2,T,50,12,6,12,6,187,188,7
15,HF300-3,2,T,51,64,32,64,32,135,136,33
15,HF300-3,2,T,52,36,15,35,20,164,164,20
15,HF300-3,2,T,53,53,20,53,33,146,147,34
15,HF300-3,2,T,54,46,20,45,25,154,154,25
15,HF300-3,2,T,55,19,9,19,10,180,181,11
15,HF300-3,2,T,56,43,25,43,18,156,157,19
15,HF300-3,2,T,57,31,15,31,15,168,169,16
15,HF300-3,2,T,58,53,23,53,29,146,147,30
15,HF300-3,2,T,59,14,9,14,5,185,186,6
15,HF300-3,2,T,60,12,5,12,7,187,188,8
15,HF300-3,2,T,61,58,30,58,27,141,142,28
15,HF300-3,2,T,62,5,2,5,3,194,195,4
15,HF300-3,2,T,63,36,17,36,18,163,164,19
15,HF300-3,2,T,64,20,3,20,16,179,180,17
15,HF300-3,2,T,65,55,25,55,30,144,145,31
15,HF300-3,2,T,66,53,36,52,16,147,147,16
15,HF300-3,2,T,67,16,6,16,9,183,184,10
15,HF300-3,2,T,68,58,25,58,33,141,142,34
15,HF300-3,2,T,69,48,23,47,24,152,152,24
15,HF300-3,2,T,70,20,7,19,13,180,180,13
15,HF300-3,2,T,71,67,37,67,29,132,133,30
15,HF300-3,2,T,72,38,16,38,22,161,162,23
15,HF300-3,2,T,73,59,23,59,36,140,141,37
15,HF300-3,2,T,74,66,30,66,36,133,134,37
15,HF300-3,2,T,75,43,14,43,28,156,157,29
15,HF300-3,2,T,76,36,17,36,19,163,164,20
15,HF300-3,2,T,77,35,16,35,19,164,165,20
15,HF300-3,2,T,78,39,11,39,28,160,161,29
15,HF300-3,2,T,79,61,28,60,32,139,139,32
15,HF300-3,2,T,80,68,37,67,30,132,132,30
15,HF300-3,2,T,81,76,43,75,32,124,124,32
15,HF300-3,2,T,82,39,17,38,22,161,161,22
15,HF300-3,2,T,83,13,9,13,3,186,187,4
15,HF300-3,2,T,84,58,27,58,31,141,142,32
15,HF300-3,2,T,85,50,22,49,27,150,150,27
15,HF300-3,2,T,86,63,26,63,37,136,137,38
15,HF300-3,2,T,87,7,2,7,4,192,193,5
15,HF300-3,2,T,88,32,13,32,18,167,168,19
15,HF300-3,2,T,89,19,10,19,9,180,181,10
15,HF300-3,2,T,90,44,18,44,25,155,156,26
15,HF300-3,2,T,91,44,20,44,23,155,156,24
15,HF300-3,2,T,92,62,39,62,23,137,138,24
15,HF300-3,2,T,93,21,7,21,13,178,179,14
15,HF300-3,2,T,94,52,22,52,30,147,148,31
15,HF300-3,2,T,95,27,8,26,18,173,173,18
15,HF300-3,2,T,96,51,26,51,25,148,149,26
15,HF300-3,2,T,97,17,7,17,9,182,183,10
15,HF300-3,2,T,98,38,18,38,19,161,162,20
15,HF300-3,2,T,99,54,27,54,26,145,146,27
15,HF300-3,2,T,100,48,26,47,21,152,152,21
15,HF300-3,2,T,101,54,29,54,24,145,146,25
15,HF300-3,2,T,102,44,23,44,20,155,156,21
15,HF300-3,2,T,103,27,14,27,13,172,173,14
15,HF300-3,2,T,104,39,18,39,21,160,161,22
15,HF300-3,2,T,105,66,34,66,32,133,134,33
15,HF300-3,2,T,106,32,10,31,22,168,168,22
15,HF300-3,2,T,107,11,3,11,7,188,189,8
15,HF300-3,2,T,108,39,15,39,23,160,161,24
15,HF300-3,2,T,109,25,8,25,16,174,175,17
15,HF300-3,2,T,110,25,9,25,16,174,175,17
15,HF300-3,2,T,111,17,12,17,5,182,183,6
15,HF300-3,2,T,112,30,15,30,15,169,170,16
15,HF300-3,2,T,113,39,19,39,20,160,161,21
15,HF300-3,2,T,114,37,18,37,18,162,163,19
15,HF300-3,2,T,115,49,22,48,27,151,151,27
15,HF300-3,2,T,116,33,7,33,25,166,167,26
15,HF300-3,2,T,117,23,13,23,9,176,177,10
15,HF300-3,2,T,118,22,8,22,13,177,178,14
15,HF300-3,2,T,119,28,13,28,15,171,172,16
15,HF300-3,2,T,120,48,23,47,24,152,152,24
15,HF300-3,2,T,121,53,29,53,23,146,147,24
15,HF300-3,2,T,122,50,26,50,23,149,150,24
15,HF300-3,2,T,123,33,11,33,22,166,167,23
15,HF300-3,2,T,124,62,30,62,32,137,138,33
15,HF300-3,2,T,125,47,25,47,21,152,153,22
15,HF300-3,2,T,126,37,20,37,17,162,163,18
15,HF300-3,2,T,127,66,32,66,34,133,134,35
15,HF300-3,2,T,128,79,37,79,42,120,121,43
15,HF300-3,2,T,129,62,25,61,36,138,138,36
15,HF300-3,2,T,130,56,22,56,33,143,144,34
15,HF300-3,2,T,131,30,11,30,19,169,170,20
15,HF300-3,2,T,132,53,31,53,21,146,147,22
15,HF300-3,2,T,133,42,15,42,26,157,158,27
15,HF300-3,2,T,134,74,30,74,44,125,126,45
15,HF300-3,2,T,135,48,23,48,25,151,152,26
15,HF300-3,2,T,136,24,14,24,9,175,176,10
15,HF300-3,2,T,137,27,14,27,13,172,173,14
15,HF300-3,2,T,138,26,12,26,13,173,174,14
15,HF300-3,2,T,139,82,43,82,38,117,118,39
15,HF300-3,2,T,140,5,3,5,1,194,195,2
15,HF300-3,2,T,141,60,24,60,36,139,140,37
15,HF300-3,2,T,142,57,26,57,30,142,143,31
15,HF300-3,2,T,143,61,28,61,33,138,139,34
15,HF300-3,2,T,144,58,32,58,25,141,142,26
15,HF300-3,2,T,145,75,39,74,36,125,125,36
15,HF300-3,2,T,146,42,21,42,20,157,158,21
15,HF300-3,2,T,147,77,36,77,41,122,123,42
15,HF300-3,2,T,148,42,17,42,25,157,158,26
15,HF300-3,2,T,149,41,20,41,20,158,159,21
15,HF300-3,2,T,150,21,12,21,8,178,179,9
15,HF300-3,2,T,151,30,13,30,17,169,170,18
15,HF300-3,2,T,152,40,15,40,25,159,160,26
15,HF300-3,2,T,153,5,1,5,4,194,195,5
15,HF300-3,2,T,154,29,12,29,17,170,171,18
15,HF300-3,2,T,155,50,21,50,28,149,150,29
15,HF300-3,2,T,156,4,2,4,1,195,196,2
15,HF300-3,2,T,157,24,7,24,16,175,176,17
15,HF300-3,2,T,158,65,33,65,32,134,135,33
15,HF300-3,2,T,159,24,10,24,14,175,176,15
15,HF300-3,2,T,160,40,21,40,18,159,160,19
15,HF300-3,2,T,161,12,7,12,5,187,188,6
15,HF300-3,2,T,162,31,9,30,21,169,169,21
15,HF300-3,2,T,163,46,19,46,27,153,154,28
15,HF300-3,2,T,164,33,16,32,16,167,167,16
15,HF300-3,2,T,165,1,0,1,1,198,199,2
15,HF300-3,2,T,166,22,8,22,14,177,178,15
15,HF300-3,2,T,167,29,10,28,18,171,171,18
15,HF300-3,2,T,168,12,3,12,9,187,188,10
15,HF300-3,2,T,169,53,26,52,27,147,147,27
15,HF300-3,2,T,170,45,19,45,26,154,155,27
15,HF300-3,2,T,171,78,47,78,30,121,122,31
15,HF300-3,2,T,172,28,16,28,12,171,172,13
15,HF300-3,2,T,173,65,35,65,30,134,135,31
15,HF300-3,2,T,174,67,42,67,25,132,133,26
15,HF300-3,2,T,175,33,11,33,21,166,167,22
15,HF300-3,2,T,176,33,15,33,18,166,167,19
15,HF300-3,2,T,177,21,10,21,10,178,179,11
15,HF300-3,2,T,178,46,21,46,25,153,154,26
15,HF300-3,2,T,179,54,28,54,26,145,146,27
15,HF300-3,2,T,180,69,37,68,32,131,131,32
15,HF300-3,2,T,181,58,31,57,27,142,142,27
15,HF300-3,2,T,182,64,28,63,36,136,136,36
15,HF300-3,2,T,183,43,18,42,25,157,157,25
15,HF300-3,2,T,184,5,1,5,4,194,195,5
15,HF300-3,2,T,185,29,16,29,12,170,171,13
15,HF300-3,2,T,186,33,11,33,21,166,167,22
15,HF300-3,2,T,187,34,7,34,26,165,166,27
15,HF300-3,2,T,188,24,13,24,10,175,176,11
15,HF300-3,2,T,189,48,26,48,22,151,152,23
15,HF300-3,2,T,190,24,10,24,13,175,176,14
15,HF300-3,2,T,191,20,6,20,13,179,180,14
15,HF300-3,2,T,192,62,25,62,36,137,138,37
15,HF300-3,2,T,193,26,13,26,13,173,174,14
15,HF300-3,2,T,194,33,19,33,14,166,167,15
15,HF300-3,2,T,195,58,30,58,28,141,142,29
15,HF300-3,2,T,196,58,27,58,30,141,142,31
15,HF300-3,2,T,197,46,26,46,20,153,154,21
15,HF300-3,2,T,198,68,32,68,36,131,132,37
15,HF300-3,2,T,199,26,13,26,13,173,174,14
15,HF300-3,2,T,200,35,24,35,10,164,165,11
15,HF300-3,4,TW,1,116,89,115,26,84,84,26
15,HF300-3,4,TW,2,131,106,130,24,69,69,24
15,HF300-3,4,TW,3,101,73,101,28,98,99,29
15,HF300-3,4,TW,4,110,92,109,17,90,90,17
15,HF300-3,4,TW,5,102,79,101,22,98,98,22
15,HF300-3,4,TW,6,105,82,105,22,94,95,23
15,HF300-3,4,TW,7,87,68,87,18,112,113,19
15,HF300-3,4,TW,8,139,120,138,18,61,61,18
15,HF300-3,4,TW,9,76,56,76,19,123,124,20
15,HF300-3,4,TW,10,74,55,73,18,126,126,18
15,HF300-3,4,TW,11,100,81,100,18,99,100,19
15,HF300-3,4,TW,12,115,94,114,20,85,85,20
15,HF300-3,4,TW,13,127,110,127,16,72,73,17
15,HF300-3,4,TW,14,83,65,83,18,116,117,19
15,HF300-3,4,TW,15,98,78,97,19,102,102,19
15,HF300-3,4,TW,16,89,67,89,21,110,111,22
15,HF300-3,4,TW,17,126,109,126,16,73,74,17
15,HF300-3,4,TW,18,96,76,95,19,104,104,19
15,HF300-3,4,TW,19,116,92,115,23,84,84,23
15,HF300-3,4,TW,20,89,69,89,19,110,111,20
15,HF300-3,4,TW,21,93,75,92,17,107,107,17
15,HF300-3,4,TW,22,84,59,84,24,115,116,25
15,HF300-3,4,TW,23,57,38,57,18,142,143,19
15,HF300-3,4,TW,24,82,57,82,25,117,118,26
15,HF300-3,4,TW,25,97,76,97,21,102,103,22
15,HF300-3,4,TW,26,99,83,99,15,100,101,16
15,HF300-3,4,TW,27,68,50,68,18,131,132,19
15,HF300-3,4,TW,28,116,96,116,19,83,84,20
15,HF300-3,4,TW,29,83,60,83,22,116,117,23
15,HF300-3,4,TW,30,86,66,86,19,113,114,20
15,HF300-3,4,TW,31,88,68,88,20,111,112,21
15,HF300-3,4,TW,32,81,59,80,22,119,119,22
15,HF300-3,4,TW,33,87,63,87,23,112,113,24
15,HF300-3,4,TW,34,91,69,91,21,108,109,22
15,HF300-3,4,TW,35,86,64,86,22,113,114,23
15,HF300-3,4,TW,36,77,54,76,22,123,123,22
15,HF300-3,4,TW,37,92,75,91,16,108,108,16
15,HF300-3,4,TW,38,115,98,114,17,85,85,17
15,HF300-3,4,TW,39,98,74,98,23,101,102,24
15,HF300-3,4,TW,40,80,61,80,18,119,120,19
15,HF300-3,4,TW,41,115,98,114,16,85,85,16
15,HF300-3,4,TW,42,99,77,99,21,100,101,22
15,HF300-3,4,TW,43,138,117,137,20,62,62,20
15,HF300-3,4,TW,44,84,62,84,21,115,116,22
15,HF300-3,4,TW,45,89,65,89,23,110,111,24
15,HF300-3,4,TW,46,105,88,105,16,94,95,17
15,HF300-3,4,TW,47,109,91,109,18,90,91,19
15,HF300-3,4,TW,48,85,68,85,16,114,115,17
15,HF300-3,4,TW,49,107,90,106,16,93,93,16
15,HF300-3,4,TW,50,95,72,94,22,105,105,22
15,HF300-3,4,TW,51,90,66,89,23,110,110,23
15,HF300-3,4,TW,52,86,54,86,31,113,114,32
15,HF300-3,4,TW,53,102,79,102,22,97,98,23
15,HF300-3,4,TW,54,109,87,108,21,91,91,21
15,HF300-3,4,TW,55,52,38,51,13,148,148,13
15,HF300-3,4,TW,56,99,82,99,16,100,101,17
15,HF300-3,4,TW,57,117,97,116,19,83,83,19
15,HF300-3,4,TW,58,92,76,91,16,108,108,16
15,HF300-3,4,TW,59,92,70,92,21,107,108,22
15,HF300-3,4,TW,60,93,75,92,17,107,107,17
15,HF300-3,4,TW,61,105,84,105,20,94,95,21
15,HF300-3,4,TW,62,63,48,62,15,137,137,15
15,HF300-3,4,TW,63,88,67,88,20,111,112,21
15,HF300-3,4,TW,64,100,74,100,25,99,100,26
15,HF300-3,4,TW,65,101,80,100,20,99,99,20
15,HF300-3,4,TW,66,104,83,103,20,96,96,20
15,HF300-3,4,TW,67,123,100,123,22,76,77,23
15,HF300-3,4,TW,68,76,56,75,19,124,124,19
15,HF300-3,4,TW,69,77,58,76,18,123,123,18
15,HF300-3,4,TW,70,84,70,84,13,115,116,14
15,HF300-3,4,TW,71,94,73,94,20,105,106,21
15,HF300-3,4,TW,72,109,90,108,19,91,91,19
15,HF300-3,4,TW,73,78,55,77,23,122,122,23
15,HF300-3,4,TW,74,89,66,89,22,110,111,23
15,HF300-3,4,TW,75,105,81,104,23,95,95,23
15,HF300-3,4,TW,76,60,45,60,14,139,140,15
15,HF300-3,4,TW,77,112,89,111,22,88,88,22
15,HF300-3,4,TW,78,111,85,111,25,88,89,26
15,HF300-3,4,TW,79,84,63,83,20,116,116,20
15,HF300-3,4,TW,80,111,89,110,21,89,89,21
15,HF300-3,4,TW,81,86,65,85,21,114,114,21
15,HF300-3,4,TW,82,60,44,59,16,140,140,16
15,HF300-3,4,TW,83,89,70,88,18,111,111,18
15,HF300-3,4,TW,84,112,94,111,17,88,88,17
15,HF300-3,4,TW,85,91,66,90,24,109,109,24
15,HF300-3,4,TW,86,101,82,101,18,98,99,19
15,HF300-3,4,TW,87,89,68,89,20,110,111,21
15,HF300-3,4,TW,88,94,69,93,24,106,106,24
15,HF300-3,4,TW,89,120,101,120,19,79,80,20
15,HF300-3,4,TW,90,84,58,84,25,115,116,26
15,HF300-3,4,TW,91,112,92,111,19,88,88,19
15,HF300-3,4,TW,92,70,56,70,13,129,130,14
15,HF300-3,4,TW,93,91,68,91,23,108,109,24
15,HF300-3,4,TW,94,93,71,92,21,107,107,21
15,HF300-3,4,TW,95,92,72,92,19,107,108,20
15,HF300-3,4,TW,96,107,86,106,20,93,93,20
15,HF300-3,4,TW,97,115,99,114,16,85,85,16
15,HF300-3,4,TW,98,113,94,113,18,86,87,19
15,HF300-3,4,TW,99,97,76,96,20,103,103,20
15,HF300-3,4,TW,100,102,86,101,16,98,98,16
15,HF300-3,4,TW,101,108,89,108,18,91,92,19
15,HF300-3,4,TW,102,110,96,109,13,90,90,13
15,HF300-3,4,TW,103,85,68,85,16,114,115,17
15,HF300-3,4,TW,104,80,63,80,17,119,120,18
15,HF300-3,4,TW,105,114,90,113,23,86,86,23
15,HF300-3,4,TW,106,95,75,94,19,105,105,19
15,HF300-3,4,TW,107,93,69,92,23,107,107,23
15,HF300-3,4,TW,108,126,105,126,20,73,74,21
15,HF300-3,4,TW,109,104,79,104,24,95,96,25
15,HF300-3,4,TW,110,97,68,96,28,103,103,28
15,HF300-3,4,TW,111,94,75,93,18,106,106,18
15,HF300-3,4,TW,112,97,75,97,21,102,103,22
15,HF300-3,4,TW,113,96,74,96,21,103,104,22
15,HF300-3,4,TW,114,110,86,110,23,89,90,24
15,HF300-3,4,TW,115,89,67,88,21,111,111,21
15,HF300-3,4,TW,116,116,91,116,24,83,84,25
15,HF300-3,4,TW,117,95,76,95,18,104,105,19
15,HF300-3,4,TW,118,101,79,100,21,99,99,21
15,HF300-3,4,TW,119,90,68,90,21,109,110,22
15,HF300-3,4,TW,120,115,90,115,24,84,85,25
15,HF300-3,4,TW,121,119,98,118,20,81,81,20
15,HF300-3,4,TW,122,124,101,123,22,76,76,22
15,HF300-3,4,TW,123,100,84,100,15,99,100,16
15,HF300-3,4,TW,124,107,84,106,22,93,93,22
15,HF300-3,4,TW,125,100,87,100,12,99,100,13
15,HF300-3,4,TW,126,119,99,118,19,81,81,19
15,HF300-3,4,TW,127,110,89,110,20,89,90,21
15,HF300-3,4,TW,128,115,94,115,20,84,85,21
15,HF300-3,4,TW,129,101,80,100,20,99,99,20
15,HF300-3,4,TW,130,116,96,115,19,84,84,19
15,HF300-3,4,TW,131,85,67,85,18,114,115,19
15,HF300-3,4,TW,132,102,83,101,18,98,98,18
15,HF300-3,4,TW,133,83,63,82,19,117,117,19
15,HF300-3,4,TW,134,109,85,109,24,90,91,25
15,HF300-3,4,TW,135,82,65,82,16,117,118,17
15,HF300-3,4,TW,136,126,107,125,18,74,74,18
15,HF300-3,4,TW,137,84,66,83,17,116,116,17
15,HF300-3,4,TW,138,120,97,119,22,80,80,22
15,HF300-3,4,TW,139,91,71,90,19,109,109,19
15,HF300-3,4,TW,140,70,53,70,16,129,130,17
15,HF300-3,4,TW,141,107,84,106,22,93,93,22
15,HF300-3,4,TW,142,98,79,98,18,101,102,19
15,HF300-3,4,TW,143,138,120,138,17,61,62,18
15,HF300-3,4,TW,144,99,81,98,17,101,101,17
15,HF300-3,4,TW,145,118,96,118,21,81,82,22
15,HF300-3,4,TW,146,94,75,93,18,106,106,18
15,HF300-3,4,TW,147,74,50,73,23,126,126,23
15,HF300-3,4,TW,148,105,85,104,19,95,95,19
15,HF300-3,4,TW,149,90,62,89,27,110,110,27
15,HF300-3,4,TW,150,97,74,97,22,102,103,23
15,HF300-3,4,TW,151,105,83,104,21,95,95,21
15,HF300-3,4,TW,152,98,78,97,19,102,102,19
15,HF300-3,4,TW,153,106,85,106,20,93,94,21
15,HF300-3,4,TW,154,95,75,95,20,104,105,21
15,HF300-3,4,TW,155,114,94,113,19,86,86,19
15,HF300-3,4,TW,156,109,89,109,19,90,91,20
15,HF300-3,4,TW,157,69,53,69,16,130,131,17
15,HF300-3,4,TW,158,112,86,111,25,88,88,25
15,HF300-3,4,TW,159,104,89,104,14,95,96,15
15,HF300-3,4,TW,160,110,92,110,17,89,90,18
15,HF300-3,4,TW,161,83,61,83,21,116,117,22
15,HF300-3,4,TW,162,86,62,85,23,114,114,23
15,HF300-3,4,TW,163,127,110,126,16,73,73,16
15,HF300-3,4,TW,164,102,77,101,24,98,98,24
15,HF300-3,4,TW,165,105,89,104,15,95,95,15
15,HF300-3,4,TW,166,118,98,117,19,82,82,19
15,HF300-3,4,TW,167,114,88,114,25,85,86,26
15,HF300-3,4,TW,168,112,92,111,19,88,88,19
15,HF300-3,4,TW,169,124,106,124,17,75,76,18
15,HF300-3,4,TW,170,94,77,94,17,105,106,18
15,HF300-3,4,TW,171,88,66,88,21,111,112,22
15,HF300-3,4,TW,172,109,86,108,22,91,91,22
15,HF300-3,4,TW,173,98,79,97,18,102,102,18
15,HF300-3,4,TW,174,133,112,133,20,66,67,21
15,HF300-3,4,TW,175,101,75,101,25,98,99,26
15,HF300-3,4,TW,176,95,78,95,16,104,105,17
15,HF300-3,4,TW,177,124,105,123,18,76,76,18
15,HF300-3,4,TW,178,105,82,105,22,94,95,23
15,HF300-3,4,TW,179,78,62,78,15,121,122,16
15,HF300-3,4,TW,180,109,88,108,20,91,91,20
15,HF300-3,4,TW,181,91,67,90,23,109,109,23
15,HF300-3,4,TW,182,106,88,106,18,93,94,19
15,HF300-3,4,TW,183,99,77,99,21,100,101,22
15,HF300-3,4,TW,184,97,72,97,24,102,103,25
15,HF300-3,4,TW,185,64,42,64,21,135,136,22
15,HF300-3,4,TW,186,99,83,99,15,100,101,16
15,HF300-3,4,TW,187,82,58,81,23,118,118,23
15,HF300-3,4,TW,188,100,72,99,27,100,100,27
15,HF300-3,4,TW,189,73,58,72,15,127,127,15
15,HF300-3,4,TW,190,106,91,105,14,94,94,14
15,HF300-3,4,TW,191,101,77,100,23,99,99,23
15,HF300-3,4,TW,192,86,67,85,19,114,114,19
15,HF300-3,4,TW,193,94,78,94,16,105,106,17
15,HF300-3,4,TW,194,58,37,58,20,141,142,21
15,HF300-3,4,TW,195,115,94,115,20,84,85,21
15,HF300-3,4,TW,196,102,69,102,32,97,98,33
15,HF300-3,4,TW,197,119,97,118,21,81,81,21
15,HF300-3,4,TW,198,84,63,83,20,116,116,20
15,HF300-3,4,TW,199,100,78,100,22,99,100,23
15,HF300-3,4,TW,200,119,99,118,19,81,81,19
16,HF500-1,2,T,1,17,3,17,14,182,183,15
16,HF500-1,2,T,2,31,5,31,26,168,169,27
16,HF500-1,2,T,3,37,8,37,28,162,163,29
16,HF500-1,2,T,4,51,22,51,29,148,149,30
16,HF500-1,2,T,5,45,13,45,32,154,155,33
16,HF500-1,2,T,6,39,9,39,30,160,161,31
16,HF500-1,2,T,7,36,11,36,24,163,164,25
16,HF500-1,2,T,8,48,13,48,35,151,152,36
16,HF500-1,2,T,9,7,0,6,7,193,193,7
16,HF500-1,2,T,10,55,13,54,41,145,145,41
16,HF500-1,2,T,11,50,16,50,34,149,150,35
16,HF500-1,2,T,12,30,10,30,20,169,170,21
16,HF500-1,2,T,13,0,0,0,0,199,200,1
16,HF500-1,2,T,14,43,13,42,30,157,157,30
16,HF500-1,2,T,15,47,11,46,35,153,153,35
16,HF500-1,2,T,16,50,9,50,41,149,150,42
16,HF500-1,2,T,17,56,19,55,37,144,144,37
16,HF500-1,2,T,18,57,15,57,42,142,143,43
16,HF500-1,2,T,19,50,14,50,35,149,150,36
16,HF500-1,2,T,20,35,8,35,27,164,165,28
16,HF500-1,2,T,21,32,9,32,23,167,168,24
16,HF500-1,2,T,22,33,8,33,24,166,167,25
16,HF500-1,2,T,23,20,6,20,13,179,180,14
16,HF500-1,2,T,24,44,8,44,35,155,156,36
16,HF500-1,2,T,25,21,3,21,18,178,179,19
16,HF500-1,2,T,26,49,10,49,39,150,151,40
16,HF500-1,2,T,27,25,8,25,17,174,175,18
16,HF500-1,2,T,28,15,2,15,12,184,185,13
16,HF500-1,2,T,29,55,17,55,38,144,145,39
16,HF500-1,2,T,30,48,18,48,30,151,152,31
16,HF500-1,2,T,31,42,14,42,28,157,158,29
16,HF500-1,2,T,32,15,4,15,11,184,185,12
16,HF500-1,2,T,33,49,12,48,37,151,151,37
16,HF500-1,2,T,34,44,16,43,28,156,156,28
16,HF500-1,2,T,35,53,14,52,39,147,147,39
16,HF500-1,2,T,36,35,10,35,25,164,165,26
16,HF500-1,2,T,37,13,2,13,10,186,187,11
16,HF500-1,2,T,38,19,3,19,16,180,181,17
16,HF500-1,2,T,39,33,8,33,25,166,167,26
16,HF500-1,2,T,40,42,11,42,31,157,158,32
16,HF500-1,2,T,41,11,1,11,10,188,189,11
16,HF500-1,2,T,42,15,5,15,9,184,185,10
16,HF500-1,2,T,43,36,8,36,27,163,164,28
16,HF500-1,2,T,44,19,3,19,15,180,181,16
16,HF500-1,2,T,45,19,4,19,15,180,181,16
16,HF500-1,2,T,46,29,9,29,19,170,171,20
16,HF500-1,2,T,47,35,8,35,27,164,165,28
16,HF500-1,2,T,48,42,15,42,27,157,158,28
16,HF500-1,2,T,49,38,7,38,31,161,162,32
16,HF500-1,2,T,50,47,13,47,34,152,153,35
16,HF500-1,2,T,51,60,20,60,40,139,140,41
16,HF500-1,2,T,52,18,6,18,12,181,182,13
16,HF500-1,2,T,53,33,12,33,21,166,167,22
16,HF500-1,2,T,54,25,5,25,19,174,175,20
16,HF500-1,2,T,55,9,0,9,9,190,191,10
16,HF500-1,2,T,56,52,17,51,35,148,148,35
16,HF500-1,2,T,57,39,11,39,28,160,161,29
16,HF500-1,2,T,58,38,11,38,27,161,162,28
16,HF500-1,2,T,59,47,13,47,33,152,153,34
16,HF500-1,2,T,60,45,18,45,26,154,155,27
16,HF500-1,2,T,61,17,3,17,14,182,183,15
16,HF500-1,2,T,62,35,9,35,25,164,165,26
16,HF500-1,2,T,63,35,7,35,28,164,165,29
16,HF500-1,2,T,64,59,21,59,37,140,141,38
16,HF500-1,2,T,65,41,18,41,23,158,159,24
16,HF500-1,2,T,66,48,15,47,32,152,152,32
16,HF500-1,2,T,67,39,9,38,30,161,161,30
16,HF500-1,2,T,68,6,3,6,3,193,194,4
16,HF500-1,2,T,69,34,13,34,21,165,166,22
16,HF500-1,2,T,70,24,7,23,16,176,176,16
16,HF500-1,2,T,71,51,12,50,39,149,149,39
16,HF500-1,2,T,72,12,3,12,9,187,188,10
16,HF500-1,2,T,73,51,14,51,37,148,149,38
16,HF500-1,2,T,74,24,4,24,20,175,176,21
16,HF500-1,2,T,75,47,13,47,34,152,153,35
16,HF500-1,2,T,76,59,21,59,38,140,141,39
16,HF500-1,2,T,77,24,4,24,20,175,176,21
16,HF500-1,2,T,78,20,5,20,15,179,180,16
16,HF500-1,2,T,79,13,2,13,11,186,187,12
16,HF500-1,2,T,80,43,15,43,28,156,157,29
16,HF500-1,2,T,81,47,20,47,27,152,153,28
16,HF500-1,2,T,82,49,15,49,34,150,151,35
16,HF500-1,2,T,83,51,13,51,38,148,149,39
16,HF500-1,2,T,84,34,11,33,23,166,166,23
16,HF500-1,2,T,85,27,9,27,18,172,173,19
16,HF500-1,2,T,86,4,2,4,1,195,196,2
16,HF500-1,2,T,87,31,10,31,20,168,169,21
16,HF500-1,2,T,88,0,0,0,0,199,200,1
16,HF500-1,2,T,89,20,5,20,15,179,180,16
16,HF500-1,2,T,90,25,6,25,19,174,175,20
16,HF500-1,2,T,91,38,7,38,30,161,162,31
16,HF500-1,2,T,92,29,2,29,26,170,171,27
16,HF500-1,2,T,93,12,4,12,8,187,188,9
16,HF500-1,2,T,94,48,16,48,31,151,152,32
16,HF500-1,2,T,95,31,11,31,19,168,169,20
16,HF500-1,2,T,96,15,5,15,9,184,185,10
16,HF500-1,2,T,97,5,1,5,4,194,195,5
16,HF500-1,2,T,98,44,10,44,34,155,156,35
16,HF500-1,2,T,99,30,4,30,26,169,170,27
16,HF500-1,2,T,100,50,14,50,35,149,150,36
16,HF500-1,2,T,101,49,15,48,34,151,151,34
16,HF500-1,2,T,102,57,21,56,36,143,143,36
16,HF500-1,2,T,103,50,10,50,40,149,150,41
16,HF500-1,2,T,104,50,14,50,36,149,150,37
16,HF500-1,2,T,105,5,3,5,2,194,195,3
16,HF500-1,2,T,106,32,8,32,23,167,168,24
16,HF500-1,2,T,107,37,6,37,30,162,163,31
16,HF500-1,2,T,108,50,15,50,35,149,150,36
16,HF500-1,2,T,109,43,11,43,32,156,157,33
16,HF500-1,2,T,110,5,2,5,2,194,195,3
16,HF500-1,2,T,111,53,12,53,41,146,147,42
16,HF500-1,2,T,112,63,22,63,41,136,137,42
16,HF500-1,2,T,113,47,21,47,26,152,153,27
16,HF500-1,2,T,114,47,11,46,36,153,153,36
16,HF500-1,2,T,115,34,7,34,27,165,166,28
16,HF500-1,2,T,116,45,13,45,31,154,155,32
16,HF500-1,2,T,117,29,7,29,22,170,171,23
16,HF500-1,2,T,118,30,6,29,24,170,170,24
16,HF500-1,2,T,119,46,13,46,33,153,154,34
16,HF500-1,2,T,120,45,14,44,31,155,155,31
16,HF500-1,2,T,121,34,9,34,24,165,166,25
16,HF500-1,2,T,122,31,6,31,25,168,169,26
16,HF500-1,2,T,123,44,12,44,32,155,156,33
16,HF500-1,2,T,124,16,1,15,15,184,184,15
16,HF500-1,2,T,125,49,11,48,38,151,151,38
16,HF500-1,2,T,126,1,0,1,1,198,199,2
16,HF500-1,2,T,127,45,13,44,32,155,155,32
16,HF500-1,2,T,128,57,18,57,39,142,143,40
16,HF500-1,2,T,129,23,4,23,19,176,177,20
16,HF500-1,2,T,130,6,3,6,3,193,194,4
16,HF500-1,2,T,131,43,15,43,28,156,157,29
16,HF500-1,2,T,132,44,11,44,33,155,156,34
16,HF500-1,2,T,133,41,10,41,30,158,159,31
16,HF500-1,2,T,134,2,0,2,2,197,198,3
16,HF500-1,2,T,135,40,10,40,30,159,160,31
16,HF500-1,2,T,136,50,14,50,36,149,150,37
16,HF500-1,2,T,137,57,21,57,36,142,143,37
16,HF500-1,2,T,138,15,3,15,11,184,185,12
16,HF500-1,2,T,139,40,10,40,30,159,160,31
16,HF500-1,2,T,140,36,8,36,28,163,164,29
16,HF500-1,2,T,141,21,4,21,17,178,179,18
16,HF500-1,2,T,142,15,4,15,11,184,185,12
16,HF500-1,2,T,143,57,21,56,36,143,143,36
16,HF500-1,2,T,144,45,12,45,32,154,155,33
16,HF500-1,2,T,145,50,14,50,35,149,150,36
16,HF500-1,2,T,146,46,14,46,32,153,154,33
16,HF500-1,2,T,147,54,20,53,34,146,146,34
16,HF500-1,2,T,148,62,20,61,42,138,138,42
16,HF500-1,2,T,149,45,9,45,36,154,155,37
16,HF500-1,2,T,150,0,0,0,0,199,200,1
16,HF500-1,2,T,151,32,9,32,23,167,168,24
16,HF500-1,2,T,152,37,3,36,34,163,163,34
16,HF500-1,2,T,153,38,12,38,25,161,162,26
16,HF500-1,2,T,154,52,15,52,37,147,148,38
16,HF500-1,2,T,155,48,20,48,28,151,152,29
16,HF500-1,2,T,156,32,12,32,19,167,168,20
16,HF500-1,2,T,157,39,10,39,29,160,161,30
16,HF500-1,2,T,158,45,18,45,26,154,155,27
16,HF500-1,2,T,159,25,8,25,16,174,175,17
16,HF500-1,2,T,160,22,7,22,15,177,178,16
16,HF500-1,2,T,161,23,8,23,15,176,177,16
16,HF500-1,2,T,162,41,7,41,34,158,159,35
16,HF500-1,2,T,163,45,11,45,34,154,155,35
16,HF500-1,2,T,164,23,7,23,16,176,177,17
16,HF500-1,2,T,165,52,17,52,35,147,148,36
16,HF500-1,2,T,166,11,1,11,9,188,189,10
16,HF500-1,2,T,167,32,6,32,26,167,168,27
16,HF500-1,2,T,168,46,14,46,31,153,154,32
16,HF500-1,2,T,169,42,11,42,31,157,158,32
16,HF500-1,2,T,170,14,4,14,10,185,186,11
16,HF500-1,2,T,171,43,8,43,34,156,157,35
16,HF500-1,2,T,172,53,17,53,36,146,147,37
16,HF500-1,2,T,173,49,15,49,33,150,151,34
16,HF500-1,2,T,174,47,14,47,33,152,153,34
16,HF500-1,2,T,175,38,12,37,26,162,162,26
16,HF500-1,2,T,176,32,11,32,21,167,168,22
16,HF500-1,2,T,177,49,9,49,40,150,151,41
16,HF500-1,2,T,178,56,16,56,39,143,144,40
16,HF500-1,2,T,179,21,3,21,18,178,179,19
16,HF500-1,2,T,180,19,4,19,15,180,181,16
16,HF500-1,2,T,181,5,1,5,3,194,195,4
16,HF500-1,2,T,182,39,10,38,29,161,161,29
16,HF500-1,2,T,183,40,8,40,31,159,160,32
16,HF500-1,2,T,184,29,7,29,21,170,171,22
16,HF500-1,2,T,185,47,11,47,36,152,153,37
16,HF500-1,2,T,186,22,4,22,18,177,178,19
16,HF500-1,2,T,187,51,11,51,40,148,149,41
16,HF500-1,2,T,188,41,9,41,31,158,159,32
16,HF500-1,2,T,189,3,0,3,3,196,197,4
16,HF500-1,2,T,190,34,12,33,22,166,166,22
16,HF500-1,2,T,191,13,2,12,11,187,187,11
16,HF500-1,2,T,192,57,25,57,31,142,143,32
16,HF500-1,2,T,193,38,9,37,29,162,162,29
16,HF500-1,2,T,194,41,13,41,28,158,159,29
16,HF500-1,2,T,195,25,10,25,14,174,175,15
16,HF500-1,2,T,196,44,8,43,36,156,156,36
16,HF500-1,2,T,197,44,11,44,32,155,156,33
16,HF500-1,2,T,198,36,12,36,24,163,164,25
16,HF500-1,2,T,199,22,7,22,15,177,178,16
16,HF500-1,2,T,200,50,14,50,36,149,150,37
16,HF500-1,4,TW,1,83,41,83,41,116,117,42
16,HF500-1,4,TW,2,104,60,103,43,96,96,43
16,HF500-1,4,TW,3,103,58,102,45,97,97,45
16,HF500-1,4,TW,4,91,45,91,46,108,109,47
16,HF500-1,4,TW,5,104,65,104,38,95,96,39
16,HF500-1,4,TW,6,94,50,93,43,106,106,43
16,HF500-1,4,TW,7,91,48,91,42,108,109,43
16,HF500-1,4,TW,8,98,59,98,38,101,102,39
16,HF500-1,4,TW,9,94,48,93,46,106,106,46
16,HF500-1,4,TW,10,106,58,106,47,93,94,48
16,HF500-1,4,TW,11,103,58,103,45,96,97,46
16,HF500-1,4,TW,12,89,45,89,43,110,111,44
16,HF500-1,4,TW,13,94,51,93,43,106,106,43
16,HF500-1,4,TW,14,88,40,87,48,112,112,48
16,HF500-1,4,TW,15,100,50,99,50,100,100,50
16,HF500-1,4,TW,16,92,50,92,42,107,108,43
16,HF500-1,4,TW,17,100,54,99,46,100,100,46
16,HF500-1,4,TW,18,93,46,93,47,106,107,48
16,HF500-1,4,TW,19,105,58,105,46,94,95,47
16,HF500-1,4,TW,20,83,41,82,42,117,117,42
16,HF500-1,4,TW,21,97,54,97,42,102,103,43
16,HF500-1,4,TW,22,97,52,96,44,103,103,44
16,HF500-1,4,TW,23,90,46,89,43,110,110,43
16,HF500-1,4,TW,24,102,55,102,46,97,98,47
16,HF500-1,4,TW,25,105,59,104,45,95,95,45
16,HF500-1,4,TW,26,90,50,89,40,110,110,40
16,HF500-1,4,TW,27,98,54,98,43,101,102,44
16,HF500-1,4,TW,28,100,55,100,44,99,100,45
16,HF500-1,4,TW,29,90,43,90,46,109,110,47
16,HF500-1,4,TW,30,105,60,104,44,95,95,44
16,HF500-1,4,TW,31,88,39,87,49,112,112,49
16,HF500-1,4,TW,32,100,54,99,46,100,100,46
16,HF500-1,4,TW,33,109,66,108,42,91,91,42
16,HF500-1,4,TW,34,117,73,116,44,83,83,44
16,HF500-1,4,TW,35,87,46,87,41,112,113,42
16,HF500-1,4,TW,36,106,63,105,43,94,94,43
16,HF500-1,4,TW,37,95,49,94,45,105,105,45
16,HF500-1,4,TW,38,98,50,97,47,102,102,47
16,HF500-1,4,TW,39,108,59,108,48,91,92,49
16,HF500-1,4,TW,40,99,52,99,46,100,101,47
16,HF500-1,4,TW,41,97,51,97,46,102,103,47
16,HF500-1,4,TW,42,88,39,88,48,111,112,49
16,HF500-1,4,TW,43,90,39,90,50,109,110,51
16,HF500-1,4,TW,44,109,61,108,48,91,91,48
16,HF500-1,4,TW,45,110,56,110,53,89,90,54
16,HF500-1,4,TW,46,101,57,101,43,98,99,44
16,HF500-1,4,TW,47,84,38,84,46,115,116,47
16,HF500-1,4,TW,48,93,52,93,40,106,107,41
16,HF500-1,4,TW,49,101,59,101,41,98,99,42
16,HF500-1,4,TW,50,102,66,102,36,97,98,37
16,HF500-1,4,TW,51,102,60,102,42,97,98,43
16,HF500-1,4,TW,52,97,57,97,40,102,103,41
16,HF500-1,4,TW,53,86,41,86,44,113,114,45
16,HF500-1,4,TW,54,92,50,92,41,107,108,42
16,HF500-1,4,TW,55,107,58,106,48,93,93,48
16,HF500-1,4,TW,56,107,63,106,43,93,93,43
16,HF500-1,4,TW,57,108,71,108,36,91,92,37
16,HF500-1,4,TW,58,102,54,102,47,97,98,48
16,HF500-1,4,TW,59,107,64,107,42,92,93,43
16,HF500-1,4,TW,60,114,69,113,45,86,86,45
16,HF500-1,4,TW,61,85,41,84,43,115,115,43
16,HF500-1,4,TW,62,102,53,101,48,98,98,48
16,HF500-1,4,TW,63,97,51,97,46,102,103,47
16,HF500-1,4,TW,64,90,43,89,46,110,110,46
16,HF500-1,4,TW,65,91,45,90,45,109,109,45
16,HF500-1,4,TW,66,101,62,100,38,99,99,38
16,HF500-1,4,TW,67,96,56,96,40,103,104,41
16,HF500-1,4,TW,68,87,47,86,40,113,113,40
16,HF500-1,4,TW,69,106,57,106,49,93,94,50
16,HF500-1,4,TW,70,106,60,105,45,94,94,45
16,HF500-1,4,TW,71,87,38,87,48,112,113,49
16,HF500-1,4,TW,72,95,52,95,43,104,105,44
16,HF500-1,4,TW,73,102,58,102,43,97,98,44
16,HF500-1,4,TW,74,83,37,82,45,117,117,45
16,HF500-1,4,TW,75,90,41,90,48,109,110,49
16,HF500-1,4,TW,76,86,42,85,44,114,114,44
16,HF500-1,4,TW,77,84,42,84,42,115,116,43
16,HF500-1,4,TW,78,97,48,96,48,103,103,48
16,HF500-1,4,TW,79,104,54,104,49,95,96,50
16,HF500-1,4,TW,80,106,63,105,43,94,94,43
16,HF500-1,4,TW,81,89,45,88,43,111,111,43
16,HF500-1,4,TW,82,107,60,106,46,93,93,46
16,HF500-1,4,TW,83,95,47,95,47,104,105,48
16,HF500-1,4,TW,84,94,50,94,44,105,106,45
16,HF500-1,4,TW,85,96,46,95,50,104,104,50
16,HF500-1,4,TW,86,110,66,110,43,89,90,44
16,HF500-1,4,TW,87,104,53,103,50,96,96,50
16,HF500-1,4,TW,88,87,46,87,41,112,113,42
16,HF500-1,4,TW,89,98,54,97,44,102,102,44
16,HF500-1,4,TW,90,93,41,93,51,106,107,52
16,HF500-1,4,TW,91,96,46,96,50,103,104,51
16,HF500-1,4,TW,92,93,46,92,47,107,107,47
16,HF500-1,4,TW,93,98,51,97,47,102,102,47
16,HF500-1,4,TW,94,99,58,99,41,100,101,42
16,HF500-1,4,TW,95,93,50,92,42,107,107,42
16,HF500-1,4,TW,96,93,49,92,43,107,107,43
16,HF500-1,4,TW,97,100,56,100,44,99,100,45
16,HF500-1,4,TW,98,91,41,91,50,108,109,51
16,HF500-1,4,TW,99,94,49,94,44,105,106,45
16,HF500-1,4,TW,100,93,48,93,44,106,107,45
16,HF500-1,4,TW,101,97,53,97,44,102,103,45
16,HF500-1,4,TW,102,96,53,95,42,104,104,42
16,HF500-1,4,TW,103,98,52,97,46,102,102,46
16,HF500-1,4,TW,104,87,43,86,43,113,113,43
16,HF500-1,4,TW,105,97,50,96,47,103,103,47
16,HF500-1,4,TW,106,99,53,99,46,100,101,47
16,HF500-1,4,TW,107,94,50,93,43,106,106,43
16,HF500-1,4,TW,108,104,55,104,49,95,96,50
16,HF500-1,4,TW,109,91,48,91,42,108,109,43
16,HF500-1,4,TW,110,100,51,100,48,99,100,49
16,HF500-1,4,TW,111,103,58,102,45,97,97,45
16,HF500-1,4,TW,112,102,57,102,44,97,98,45
16,HF500-1,4,TW,113,87,41,86,46,113,113,46
16,HF500-1,4,TW,114,98,51,98,46,101,102,47
16,HF500-1,4,TW,115,103,63,102,40,97,97,40
16,HF500-1,4,TW,116,101,53,100,47,99,99,47
16,HF500-1,4,TW,117,72,32,71,39,128,128,39
16,HF500-1,4,TW,118,94,51,93,43,106,106,43
16,HF500-1,4,TW,119,106,55,106,51,93,94,52
16,HF500-1,4,TW,120,93,45,92,47,107,107,47
16,HF500-1,4,TW,121,101,59,101,41,98,99,42
16,HF500-1,4,TW,122,81,37,81,44,118,119,45
16,HF500-1,4,TW,123,107,58,107,49,92,93,50
16,HF500-1,4,TW,124,90,49,89,41,110,110,41
16,HF500-1,4,TW,125,83,38,82,44,117,117,44
16,HF500-1,4,TW,126,106,64,105,42,94,94,42
16,HF500-1,4,TW,127,90,37,89,52,110,110,52
16,HF500-1,4,TW,128,92,50,92,42,107,108,43
16,HF500-1,4,TW,129,101,54,101,47,98,99,48
16,HF500-1,4,TW,130,101,47,101,53,98,99,54
16,HF500-1,4,TW,131,95,50,94,44,105,105,44
16,HF500-1,4,TW,132,93,44,92,49,107,107,49
16,HF500-1,4,TW,133,110,68,109,41,90,90,41
16,HF500-1,4,TW,134,98,53,97,45,102,102,45
16,HF500-1,4,TW,135,87,37,87,50,112,113,51
16,HF500-1,4,TW,136,89,44,89,44,110,111,45
16,HF500-1,4,TW,137,100,51,99,48,100,100,48
16,HF500-1,4,TW,138,87,45,87,42,112,113,43
16,HF500-1,4,TW,139,95,50,95,45,104,105,46
16,HF500-1,4,TW,140,97,50,97,46,102,103,47
16,HF500-1,4,TW,141,93,46,92,47,107,107,47
16,HF500-1,4,TW,142,93,44,93,48,106,107,49
16,HF500-1,4,TW,143,84,40,84,44,115,116,45
16,HF500-1,4,TW,144,97,48,96,49,103,103,49
16,HF500-1,4,TW,145,93,52,93,41,106,107,42
16,HF500-1,4,TW,146,107,57,106,50,93,93,50
16,HF500-1,4,TW,147,106,63,106,42,93,94,43
16,HF500-1,4,TW,148,88,41,88,46,111,112,47
16,HF500-1,4,TW,149,99,51,99,48,100,101,49
16,HF500-1,4,TW,150,91,47,91,44,108,109,45
16,HF500-1,4,TW,151,89,46,89,42,110,111,43
16,HF500-1,4,TW,152,108,58,108,49,91,92,50
16,HF500-1,4,TW,153,105,60,104,45,95,95,45
16,HF500-1,4,TW,154,105,58,104,46,95,95,46
16,HF500-1,4,TW,155,100,48,100,52,99,100,53
16,HF500-1,4,TW,156,91,38,91,52,108,109,53
16,HF500-1,4,TW,157,91,45,90,45,109,109,45
16,HF500-1,4,TW,158,99,51,99,47,100,101,48
16,HF500-1,4,TW,159,84,36,83,47,116,116,47
16,HF500-1,4,TW,160,107,64,107,42,92,93,43
16,HF500-1,4,TW,161,103,57,103,45,96,97,46
16,HF500-1,4,TW,162,102,56,102,46,97,98,47
16,HF500-1,4,TW,163,98,49,97,48,102,102,48
16,HF500-1,4,TW,164,98,55,97,43,102,102,43
16,HF500-1,4,TW,165,111,68,110,42,89,89,42
16,HF500-1,4,TW,166,93,49,92,43,107,107,43
16,HF500-1,4,TW,167,111,63,110,48,89,89,48
16,HF500-1,4,TW,168,102,58,101,43,98,98,43
16,HF500-1,4,TW,169,98,62,97,36,102,102,36
16,HF500-1,4,TW,170,100,53,100,46,99,100,47
16,HF500-1,4,TW,171,86,44,86,41,113,114,42
16,HF500-1,4,TW,172,82,42,81,39,118,118,39
16,HF500-1,4,TW,173,105,55,104,49,95,95,49
16,HF500-1,4,TW,174,90,41,90,48,109,110,49
16,HF500-1,4,TW,175,106,60,106,46,93,94,47
16,HF500-1,4,TW,176,100,50,99,50,100,100,50
16,HF500-1,4,TW,177,94,45,93,48,106,106,48
16,HF500-1,4,TW,178,103,54,103,48,96,97,49
16,HF500-1,4,TW,179,91,48,90,43,109,109,43
16,HF500-1,4,TW,180,89,46,89,43,110,111,44
16,HF500-1,4,TW,181,100,61,100,38,99,100,39
16,HF500-1,4,TW,182,91,43,91,48,108,109,49
16,HF500-1,4,TW,183,89,43,89,45,110,111,46
16,HF500-1,4,TW,184,101,59,100,41,99,99,41
16,HF500-1,4,TW,185,97,48,96,49,103,103,49
16,HF500-1,4,TW,186,90,44,89,45,110,110,45
16,HF500-1,4,TW,187,96,47,96,49,103,104,50
16,HF500-1,4,TW,188,117,74,117,42,82,83,43
16,HF500-1,4,TW,189,98,48,97,49,102,102,49
16,HF500-1,4,TW,190,89,45,89,44,110,111,45
16,HF500-1,4,TW,191,103,62,102,41,97,97,41
16,HF500-1,4,TW,192,104,55,103,49,96,96,49
16,HF500-1,4,TW,193,92,52,91,40,108,108,40
16,HF500-1,4,TW,194,94,44,93,50,106,106,50
16,HF500-1,4,TW,195,97,47,96,49,103,103,49
16,HF500-1,4,TW,196,103,62,103,40,96,97,41
16,HF500-1,4,TW,197,90,44,90,45,109,110,46
16,HF500-1,4,TW,198,110,64,109,46,90,90,46
16,HF500-1,4,TW,199,90,45,89,45,110,110,45
16,HF500-1,4,TW,200,84,42,84,41,115,116,42
17,HF500-2,2,T,1,9,2,9,7,190,191,8
17,HF500-2,2,T,2,27,9,27,17,172,173,18
17,HF500-2,2,T,3,19,3,19,16,180,181,17
17,HF500-2,2,T,4,44,13,43,31,156,156,31
17,HF500-2,2,T,5,50,21,50,29,149,150,30
17,HF500-2,2,T,6,38,17,38,21,161,162,22
17,HF500-2,2,T,7,27,9,27,18,172,173,19
17,HF500-2,2,T,8,30,11,30,19,169,170,20
17,HF500-2,2,T,9,30,11,30,19,169,170,20
17,HF500-2,2,T,10,40,15,40,24,159,160,25
17,HF500-2,2,T,11,2,0,2,2,197,198,3
17,HF500-2,2,T,12,34,10,33,23,166,166,23
17,HF500-2,2,T,13,56,24,56,31,143,144,32
17,HF500-2,2,T,14,56,29,56,27,143,144,28
17,HF500-2,2,T,15,55,19,55,36,144,145,37
17,HF500-2,2,T,16,8,4,8,4,191,192,5
17,HF500-2,2,T,17,44,15,43,28,156,156,28
17,HF500-2,2,T,18,12,5,11,7,188,188,7
17,HF500-2,2,T,19,18,5,18,13,181,182,14
17,HF500-2,2,T,20,14,2,14,12,185,186,13
17,HF500-2,2,T,21,4,0,4,3,195,196,4
17,HF500-2,2,T,22,17,4,17,13,182,183,14
17,HF500-2,2,T,23,40,10,40,30,159,160,31
17,HF500-2,2,T,24,22,9,22,13,177,178,14
17,HF500-2,2,T,25,23,8,23,15,176,177,16
17,HF500-2,2,T,26,23,9,22,14,177,177,14
17,HF500-2,2,T,27,51,19,50,31,149,149,31
17,HF500-2,2,T,28,20,3,20,17,179,180,18
17,HF500-2,2,T,29,0,0,0,0,199,200,1
17,HF500-2,2,T,30,40,6,40,34,159,160,35
17,HF500-2,2,T,31,22,7,22,14,177,178,15
17,HF500-2,2,T,32,16,2,16,14,183,184,15
17,HF500-2,2,T,33,26,9,26,16,173,174,17
17,HF500-2,2,T,34,41,13,41,28,158,159,29
17,HF500-2,2,T,35,29,9,29,19,170,171,20
17,HF500-2,2,T,36,30,9,29,20,170,170,20
17,HF500-2,2,T,37,3,0,3,3,196,197,4
17,HF500-2,2,T,38,22,9,22,13,177,178,14
17,HF500-2,2,T,39,25,10,25,15,174,175,16
17,HF500-2,2,T,40,43,12,43,30,156,157,31
17,HF500-2,2,T,41,12,2,12,10,187,188,11
17,HF500-2,2,T,42,27,5,26,22,173,173,22
17,HF500-2,2,T,43,27,8,27,19,172,173,20
17,HF500-2,2,T,44,26,6,26,20,173,174,21
17,HF500-2,2,T,45,4,1,4,3,195,196,4
17,HF500-2,2,T,46,51,17,51,33,148,149,34
17,HF500-2,2,T,47,37,12,37,24,162,163,25
17,HF500-2,2,T,48,38,13,38,25,161,162,26
17,HF500-2,2,T,49,36,14,36,22,163,164,23
17,HF500-2,2,T,50,40,11,40,29,159,160,30
17,HF500-2,2,T,51,51,21,51,29,148,149,30
17,HF500-2,2,T,52,35,10,34,25,165,165,25
17,HF500-2,2,T,53,0,0,0,0,199,200,1
17,HF500-2,2,T,54,33,10,33,23,166,167,24
17,HF500-2,2,T,55,37,8,37,28,162,163,29
17,HF500-2,2,T,56,27,8,27,18,172,173,19
17,HF500-2,2,T,57,39,8,39,31,160,161,32
17,HF500-2,2,T,58,56,21,56,34,143,144,35
17,HF500-2,2,T,59,32,7,32,25,167,168,26
17,HF500-2,2,T,60,11,1,11,10,188,189,11
17,HF500-2,2,T,61,35,8,34,27,165,165,27
17,HF500-2,2,T,62,9,6,9,2,190,191,3
17,HF500-2,2,T,63,42,13,42,29,157,158,30
17,HF500-2,2,T,64,52,19,52,33,147,148,34
17,HF500-2,2,T,65,47,20,47,26,152,153,27
17,HF500-2,2,T,66,29,9,29,20,170,171,21
17,HF500-2,2,T,67,25,9,25,16,174,175,17
17,HF500-2,2,T,68,42,11,42,31,157,158,32
17,HF500-2,2,T,69,31,5,31,26,168,169,27
17,HF500-2,2,T,70,25,7,25,17,174,175,18
17,HF500-2,2,T,71,65,24,65,40,134,135,41
17,HF500-2,2,T,72,30,12,30,17,169,170,18
17,HF500-2,2,T,73,9,0,9,9,190,191,10
17,HF500-2,2,T,74,25,7,25,18,174,175,19
17,HF500-2,2,T,75,49,16,49,33,150,151,34
17,HF500-2,2,T,76,31,17,31,13,168,169,14
17,HF500-2,2,T,77,27,7,27,20,172,173,21
17,HF500-2,2,T,78,38,17,38,20,161,162,21
17,HF500-2,2,T,79,25,3,25,22,174,175,23
17,HF500-2,2,T,80,14,3,14,10,185,186,11
17,HF500-2,2,T,81,32,11,32,21,167,168,22
17,HF500-2,2,T,82,4,1,4,2,195,196,3
17,HF500-2,2,T,83,20,5,20,15,179,180,16
17,HF500-2,2,T,84,41,10,41,30,158,159,31
17,HF500-2,2,T,85,30,11,30,19,169,170,20
17,HF500-2,2,T,86,32,9,32,23,167,168,24
17,HF500-2,2,T,87,5,1,5,3,194,195,4
17,HF500-2,2,T,88,40,10,40,30,159,160,31
17,HF500-2,2,T,89,12,3,11,9,188,188,9
17,HF500-2,2,T,90,31,9,31,22,168,169,23
17,HF500-2,2,T,91,19,4,19,15,180,181,16
17,HF500-2,2,T,92,20,4,20,16,179,180,17
17,HF500-2,2,T,93,33,9,33,24,166,167,25
17,HF500-2,2,T,94,32,9,32,23,167,168,24
17,HF500-2,2,T,95,41,13,40,28,159,159,28
17,HF500-2,2,T,96,37,15,37,21,162,163,22
17,HF500-2,2,T,97,27,12,27,14,172,173,15
17,HF500-2,2,T,98,26,7,26,19,173,174,20
17,HF500-2,2,T,99,3,0,3,3,196,197,4
17,HF500-2,2,T,100,27,11,27,16,172,173,17
17,HF500-2,2,T,101,29,10,29,19,170,171,20
17,HF500-2,2,T,102,15,5,14,10,185,185,10
17,HF500-2,2,T,103,27,9,27,17,172,173,18
17,HF500-2,2,T,104,38,10,38,28,161,162,29
17,HF500-2,2,T,105,11,5,11,6,188,189,7
17,HF500-2,2,T,106,45,12,45,33,154,155,34
17,HF500-2,2,T,107,31,10,31,21,168,169,22
17,HF500-2,2,T,108,39,13,39,25,160,161,26
17,HF500-2,2,T,109,39,13,39,26,160,161,27
17,HF500-2,2,T,110,45,17,45,28,154,155,29
17,HF500-2,2,T,111,6,1,6,5,193,194,6
17,HF500-2,2,T,112,31,6,30,24,169,169,24
17,HF500-2,2,T,113,17,4,17,13,182,183,14
17,HF500-2,2,T,114,0,0,0,0,199,200,1
17,HF500-2,2,T,115,3,0,3,2,196,197,3
17,HF500-2,2,T,116,22,10,22,12,177,178,13
17,HF500-2,2,T,117,22,6,22,16,177,178,17
17,HF500-2,2,T,118,11,4,11,7,188,189,8
17,HF500-2,2,T,119,16,6,15,10,184,184,10
17,HF500-2,2,T,120,45,10,45,35,154,155,36
17,HF500-2,2,T,121,43,21,43,21,156,157,22
17,HF500-2,2,T,122,24,5,24,19,175,176,20
17,HF500-2,2,T,123,9,3,9,6,190,191,7
17,HF500-2,2,T,124,1,0,1,1,198,199,2
17,HF500-2,2,T,125,50,14,50,35,149,150,36
17,HF500-2,2,T,126,53,15,53,37,146,147,38
17,HF500-2,2,T,127,51,16,51,35,148,149,36
17,HF500-2,2,T,128,16,6,16,10,183,184,11
17,HF500-2,2,T,129,34,15,34,19,165,166,20
17,HF500-2,2,T,130,21,10,21,11,178,179,12
17,HF500-2,2,T,131,36,6,36,30,163,164,31
17,HF500-2,2,T,132,43,14,42,28,157,157,28
17,HF500-2,2,T,133,29,10,29,18,170,171,19
17,HF500-2,2,T,134,3,0,3,3,196,197,4
17,HF500-2,2,T,135,29,8,29,21,170,171,22
17,HF500-2,2,T,136,36,12,36,23,163,164,24
17,HF500-2,2,T,137,37,15,37,22,162,163,23
17,HF500-2,2,T,138,6,2,6,4,193,194,5
17,HF500-2,2,T,139,46,13,46,33,153,154,34
17,HF500-2,2,T,140,7,3,7,3,192,193,4
17,HF500-2,2,T,141,5,0,5,5,194,195,6
17,HF500-2,2,T,142,42,15,42,26,157,158,27
17,HF500-2,2,T,143,29,11,29,18,170,171,19
17,HF500-2,2,T,144,42,13,42,28,157,158,29
17,HF500-2,2,T,145,36,10,36,26,163,164,27
17,HF500-2,2,T,146,33,14,33,19,166,167,20
17,HF500-2,2,T,147,35,11,35,24,164,165,25
17,HF500-2,2,T,148,54,24,54,30,145,146,31
17,HF500-2,2,T,149,46,15,46,31,153,154,32
17,HF500-2,2,T,150,59,24,59,34,140,141,35
17,HF500-2,2,T,151,27,3,27,24,172,173,25
17,HF500-2,2,T,152,20,2,20,18,179,180,19
17,HF500-2,2,T,153,11,4,11,7,188,189,8
17,HF500-2,2,T,154,26,5,26,20,173,174,21
17,HF500-2,2,T,155,2,0,2,1,197,198,2
17,HF500-2,2,T,156,45,18,45,27,154,155,28
17,HF500-2,2,T,157,28,7,28,21,171,172,22
17,HF500-2,2,T,158,51,23,51,28,148,149,29
17,HF500-2,2,T,159,54,16,54,37,145,146,38
17,HF500-2,2,T,160,28,13,28,15,171,172,16
17,HF500-2,2,T,161,55,27,55,27,144,145,28
17,HF500-2,2,T,162,46,17,46,29,153,154,30
17,HF500-2,2,T,163,46,12,46,34,153,154,35
17,HF500-2,2,T,164,6,1,6,5,193,194,6
17,HF500-2,2,T,165,40,13,40,26,159,160,27
17,HF500-2,2,T,166,16,4,16,12,183,184,13
17,HF500-2,2,T,167,19,5,18,14,181,181,14
17,HF500-2,2,T,168,11,6,11,5,188,189,6
17,HF500-2,2,T,169,37,10,37,27,162,163,28
17,HF500-2,2,T,170,21,8,21,13,178,179,14
17,HF500-2,2,T,171,27,8,27,19,172,173,20
17,HF500-2,2,T,172,15,7,14,8,185,185,8
17,HF500-2,2,T,173,58,18,58,39,141,142,40
17,HF500-2,2,T,174,40,10,40,29,159,160,30
17,HF500-2,2,T,175,45,16,45,29,154,155,30
17,HF500-2,2,T,176,2,1,2,1,197,198,2
17,HF500-2,2,T,177,43,12,42,31,157,157,31
17,HF500-2,2,T,178,52,23,52,28,147,148,29
17,HF500-2,2,T,179,7,2,7,5,192,193,6
17,HF500-2,2,T,180,36,17,35,19,164,164,19
17,HF500-2,2,T,181,6,2,6,4,193,194,5
17,HF500-2,2,T,182,5,2,5,3,194,195,4
17,HF500-2,2,T,183,44,16,44,28,155,156,29
17,HF500-2,2,T,184,30,10,30,20,169,170,21
17,HF500-2,2,T,185,26,5,26,21,173,174,22
17,HF500-2,2,T,186,12,5,12,6,187,188,7
17,HF500-2,2,T,187,40,12,40,27,159,160,28
17,HF500-2,2,T,188,45,18,45,27,154,155,28
17,HF500-2,2,T,189,9,3,9,6,190,191,7
17,HF500-2,2,T,190,4,0,4,4,195,196,5
17,HF500-2,2,T,191,49,12,48,36,151,151,36
17,HF500-2,2,T,192,43,16,43,26,156,157,27
17,HF500-2,2,T,193,14,1,14,12,185,186,13
17,HF500-2,2,T,194,10,4,10,6,189,190,7
17,HF500-2,2,T,195,16,3,16,12,183,184,13
17,HF500-2,2,T,196,46,18,46,28,153,154,29
17,HF500-2,2,T,197,38,11,38,27,161,162,28
17,HF500-2,2,T,198,43,11,43,32,156,157,33
17,HF500-2,2,T,199,31,7,31,23,168,169,24
17,HF500-2,2,T,200,20,8,20,12,179,180,13
17,HF500-2,4,TW,1,109,71,109,37,90,91,38
17,HF500-2,4,TW,2,78,45,78,32,121,122,33
17,HF500-2,4,TW,3,104,65,104,38,95,96,39
17,HF500-2,4,TW,4,99,66,98,33,101,101,33
17,HF500-2,4,TW,5,79,41,78,37,121,121,37
17,HF500-2,4,TW,6,98,68,97,29,102,102,29
17,HF500-2,4,TW,7,96,55,95,40,104,104,40
17,HF500-2,4,TW,8,114,77,114,37,85,86,38
17,HF500-2,4,TW,9,110,84,110,25,89,90,26
17,HF500-2,4,TW,10,83,43,82,39,117,117,39
17,HF500-2,4,TW,11,99,58,98,40,101,101,40
17,HF500-2,4,TW,12,120,83,120,36,79,80,37
17,HF500-2,4,TW,13,100,70,99,29,100,100,29
17,HF500-2,4,TW,14,88,55,87,32,112,112,32
17,HF500-2,4,TW,15,97,60,97,36,102,103,37
17,HF500-2,4,TW,16,102,70,102,31,97,98,32
17,HF500-2,4,TW,17,93,52,92,40,107,107,40
17,HF500-2,4,TW,18,127,100,126,26,73,73,26
17,HF500-2,4,TW,19,95,63,94,31,105,105,31
17,HF500-2,4,TW,20,118,89,117,29,82,82,29
17,HF500-2,4,TW,21,99,63,98,35,101,101,35
17,HF500-2,4,TW,22,99,66,98,33,101,101,33
17,HF500-2,4,TW,23,107,64,107,42,92,93,43
17,HF500-2,4,TW,24,89,56,88,32,111,111,32
17,HF500-2,4,TW,25,80,57,80,23,119,120,24
17,HF500-2,4,TW,26,101,67,101,33,98,99,34
17,HF500-2,4,TW,27,101,63,100,38,99,99,38
17,HF500-2,4,TW,28,109,78,109,30,90,91,31
17,HF500-2,4,TW,29,109,76,108,32,91,91,32
17,HF500-2,4,TW,30,107,78,107,28,92,93,29
17,HF500-2,4,TW,31,68,37,68,30,131,132,31
17,HF500-2,4,TW,32,85,47,84,37,115,115,37
17,HF500-2,4,TW,33,93,56,92,36,107,107,36
17,HF500-2,4,TW,34,115,79,114,36,85,85,36
17,HF500-2,4,TW,35,95,67,94,27,105,105,27
17,HF500-2,4,TW,36,100,66,100,33,99,100,34
17,HF500-2,4,TW,37,99,65,99,34,100,101,35
17,HF500-2,4,TW,38,123,88,122,34,77,77,34
17,HF500-2,4,TW,39,96,63,95,32,104,104,32
17,HF500-2,4,TW,40,84,55,84,28,115,116,29
17,HF500-2,4,TW,41,100,68,99,32,100,100,32
17,HF500-2,4,TW,42,96,59,95,36,104,104,36
17,HF500-2,4,TW,43,103,67,103,35,96,97,36
17,HF500-2,4,TW,44,115,83,115,31,84,85,32
17,HF500-2,4,TW,45,97,63,97,34,102,103,35
17,HF500-2,4,TW,46,88,48,88,39,111,112,40
17,HF500-2,4,TW,47,101,63,101,37,98,99,38
17,HF500-2,4,TW,48,91,56,91,35,108,109,36
17,HF500-2,4,TW,49,77,49,77,28,122,123,29
17,HF500-2,4,TW,50,102,64,102,37,97,98,38
17,HF500-2,4,TW,51,105,64,105,40,94,95,41
17,HF500-2,4,TW,52,79,43,78,36,121,121,36
17,HF500-2,4,TW,53,111,75,111,36,88,89,37
17,HF500-2,4,TW,54,102,70,101,31,98,98,31
17,HF500-2,4,TW,55,103,67,103,35,96,97,36
17,HF500-2,4,TW,56,108,76,108,31,91,92,32
17,HF500-2,4,TW,57,97,63,97,33,102,103,34
17,HF500-2,4,TW,58,84,48,83,35,116,116,35
17,HF500-2,4,TW,59,109,76,108,33,91,91,33
17,HF500-2,4,TW,60,108,72,108,36,91,92,37
17,HF500-2,4,TW,61,100,67,99,32,100,100,32
17,HF500-2,4,TW,62,107,70,106,36,93,93,36
17,HF500-2,4,TW,63,104,65,103,38,96,96,38
17,HF500-2,4,TW,64,78,46,77,31,122,122,31
17,HF500-2,4,TW,65,97,63,96,33,103,103,33
17,HF500-2,4,TW,66,74,45,74,28,125,126,29
17,HF500-2,4,TW,67,81,52,81,29,118,119,30
17,HF500-2,4,TW,68,93,57,92,35,107,107,35
17,HF500-2,4,TW,69,109,71,108,37,91,91,37
17,HF500-2,4,TW,70,112,77,111,34,88,88,34
17,HF500-2,4,TW,71,102,69,102,32,97,98,33
17,HF500-2,4,TW,72,76,44,75,31,124,124,31
17,HF500-2,4,TW,73,89,51,88,37,111,111,37
17,HF500-2,4,TW,74,95,61,95,33,104,105,34
17,HF500-2,4,TW,75,99,63,99,35,100,101,36
17,HF500-2,4,TW,76,95,63,95,31,104,105,32
17,HF500-2,4,TW,77,79,44,78,35,121,121,35
17,HF500-2,4,TW,78,101,61,101,40,98,99,41
17,HF500-2,4,TW,79,91,56,91,35,108,109,36
17,HF500-2,4,TW,80,86,51,86,34,113,114,35
17,HF500-2,4,TW,81,101,70,101,30,98,99,31
17,HF500-2,4,TW,82,103,76,102,27,97,97,27
17,HF500-2,4,TW,83,112,72,112,39,87,88,40
17,HF500-2,4,TW,84,94,61,94,33,105,106,34
17,HF500-2,4,TW,85,105,72,105,32,94,95,33
17,HF500-2,4,TW,86,93,64,92,28,107,107,28
17,HF500-2,4,TW,87,73,43,72,29,127,127,29
17,HF500-2,4,TW,88,110,74,109,36,90,90,36
17,HF500-2,4,TW,89,95,59,94,36,105,105,36
17,HF500-2,4,TW,90,71,43,71,28,128,129,29
17,HF500-2,4,TW,91,77,41,77,36,122,123,37
17,HF500-2,4,TW,92,101,65,100,35,99,99,35
17,HF500-2,4,TW,93,69,41,69,28,130,131,29
17,HF500-2,4,TW,94,78,49,78,28,121,122,29
17,HF500-2,4,TW,95,104,61,104,42,95,96,43
17,HF500-2,4,TW,96,95,63,94,31,105,105,31
17,HF500-2,4,TW,97,101,58,100,42,99,99,42
17,HF500-2,4,TW,98,111,77,111,34,88,89,35
17,HF500-2,4,TW,99,107,74,106,33,93,93,33
17,HF500-2,4,TW,100,97,61,97,35,102,103,36
17,HF500-2,4,TW,101,77,51,76,26,123,123,26
17,HF500-2,4,TW,102,102,64,102,38,97,98,39
17,HF500-2,4,TW,103,93,54,92,38,107,107,38
17,HF500-2,4,TW,104,101,69,100,31,99,99,31
17,HF500-2,4,TW,105,103,68,102,34,97,97,34
17,HF500-2,4,TW,106,94,62,94,31,105,106,32
17,HF500-2,4,TW,107,101,69,101,32,98,99,33
17,HF500-2,4,TW,108,106,68,105,37,94,94,37
17,HF500-2,4,TW,109,87,54,86,33,113,113,33
17,HF500-2,4,TW,110,103,64,102,38,97,97,38
17,HF500-2,4,TW,111,92,62,91,29,108,108,29
17,HF500-2,4,TW,112,106,71,105,34,94,94,34
17,HF500-2,4,TW,113,88,53,87,34,112,112,34
17,HF500-2,4,TW,114,107,70,106,36,93,93,36
17,HF500-2,4,TW,115,83,54,82,28,117,117,28
17,HF500-2,4,TW,116,131,93,130,37,69,69,37
17,HF500-2,4,TW,117,112,80,111,32,88,88,32
17,HF500-2,4,TW,118,98,64,97,34,102,102,34
17,HF500-2,4,TW,119,105,70,104,34,95,95,34
17,HF500-2,4,TW,120,103,66,102,36,97,97,36
17,HF500-2,4,TW,121,92,64,92,27,107,108,28
17,HF500-2,4,TW,122,89,58,89,30,110,111,31
17,HF500-2,4,TW,123,86,59,86,27,113,114,28
17,HF500-2,4,TW,124,95,64,94,30,105,105,30
17,HF500-2,4,TW,125,88,54,87,33,112,112,33
17,HF500-2,4,TW,126,97,66,97,30,102,103,31
17,HF500-2,4,TW,127,100,63,99,37,100,100,37
17,HF500-2,4,TW,128,91,55,90,35,109,109,35
17,HF500-2,4,TW,129,105,70,105,35,94,95,36
17,HF500-2,4,TW,130,91,53,91,38,108,109,39
17,HF500-2,4,TW,131,102,63,102,38,97,98,39
17,HF500-2,4,TW,132,96,64,96,31,103,104,32
17,HF500-2,4,TW,133,107,73,107,33,92,93,34
17,HF500-2,4,TW,134,113,81,112,32,87,87,32
17,HF500-2,4,TW,135,99,65,98,34,101,101,34
17,HF500-2,4,TW,136,103,67,103,36,96,97,37
17,HF500-2,4,TW,137,102,61,101,40,98,98,40
17,HF500-2,4,TW,138,99,65,99,33,100,101,34
17,HF500-2,4,TW,139,120,87,120,32,79,80,33
17,HF500-2,4,TW,140,96,56,95,39,104,104,39
17,HF500-2,4,TW,141,95,59,95,35,104,105,36
17,HF500-2,4,TW,142,103,67,102,36,97,97,36
17,HF500-2,4,TW,143,91,58,90,32,109,109,32
17,HF500-2,4,TW,144,81,50,81,30,118,119,31
17,HF500-2,4,TW,145,101,71,100,29,99,99,29
17,HF500-2,4,TW,146,88,56,88,32,111,112,33
17,HF500-2,4,TW,147,102,60,102,41,97,98,42
17,HF500-2,4,TW,148,98,62,98,35,101,102,36
17,HF500-2,4,TW,149,99,64,98,34,101,101,34
17,HF500-2,4,TW,150,106,67,106,39,93,94,40
17,HF500-2,4,TW,151,107,66,107,41,92,93,42
17,HF500-2,4,TW,152,106,73,105,32,94,94,32
17,HF500-2,4,TW,153,117,88,117,28,82,83,29
17,HF500-2,4,TW,154,103,72,102,31,97,97,31
17,HF500-2,4,TW,155,80,46,80,33,119,120,34
17,HF500-2,4,TW,156,104,71,103,32,96,96,32
17,HF500-2,4,TW,157,94,56,94,38,105,106,39
17,HF500-2,4,TW,158,89,57,88,31,111,111,31
17,HF500-2,4,TW,159,114,84,114,29,85,86,30
17,HF500-2,4,TW,160,104,65,103,38,96,96,38
17,HF500-2,4,TW,161,83,54,83,28,116,117,29
17,HF500-2,4,TW,162,88,57,87,30,112,112,30
17,HF500-2,4,TW,163,105,72,105,32,94,95,33
17,HF500-2,4,TW,164,110,73,109,37,90,90,37
17,HF500-2,4,TW,165,96,62,96,33,103,104,34
17,HF500-2,4,TW,166,94,63,93,30,106,106,30
17,HF500-2,4,TW,167,94,61,94,33,105,106,34
17,HF500-2,4,TW,168,96,71,96,24,103,104,25
17,HF500-2,4,TW,169,98,65,97,32,102,102,32
17,HF500-2,4,TW,170,76,44,75,31,124,124,31
17,HF500-2,4,TW,171,88,54,88,34,111,112,35
17,HF500-2,4,TW,172,88,55,88,33,111,112,34
17,HF500-2,4,TW,173,99,68,99,31,100,101,32
17,HF500-2,4,TW,174,96,60,95,35,104,104,35
17,HF500-2,4,TW,175,95,62,94,32,105,105,32
17,HF500-2,4,TW,176,89,57,89,31,110,111,32
17,HF500-2,4,TW,177,92,62,91,29,108,108,29
17,HF500-2,4,TW,178,106,68,105,38,94,94,38
17,HF500-2,4,TW,179,107,73,107,33,92,93,34
17,HF500-2,4,TW,180,99,64,98,35,101,101,35
17,HF500-2,4,TW,181,111,81,111,29,88,89,30
17,HF500-2,4,TW,182,112,75,112,36,87,88,37
17,HF500-2,4,TW,183,106,75,106,31,93,94,32
17,HF500-2,4,TW,184,98,65,97,33,102,102,33
17,HF500-2,4,TW,185,92,58,92,33,107,108,34
17,HF500-2,4,TW,186,95,63,94,32,105,105,32
17,HF500-2,4,TW,187,106,74,106,31,93,94,32
17,HF500-2,4,TW,188,99,66,99,33,100,101,34
17,HF500-2,4,TW,189,87,48,87,38,112,113,39
17,HF500-2,4,TW,190,86,53,86,32,113,114,33
17,HF500-2,4,TW,191,92,51,91,40,108,108,40
17,HF500-2,4,TW,192,94,61,94,32,105,106,33
17,HF500-2,4,TW,193,86,61,86,24,113,114,25
17,HF500-2,4,TW,194,96,64,95,31,104,104,31
17,HF500-2,4,TW,195,100,71,99,29,100,100,29
17,HF500-2,4,TW,196,112,79,112,32,87,88,33
17,HF500-2,4,TW,197,90,58,90,31,109,110,32
17,HF500-2,4,TW,198,95,64,95,30,104,105,31
17,HF500-2,4,TW,199,83,48,83,34,116,117,35
17,HF500-2,4,TW,200,89,55,88,33,111,111,33
18,HF500-3,2,T,1,20,8,20,12,179,180,13
18,HF500-3,2,T,2,0,0,0,0,199,200,1
18,HF500-3,2,T,3,41,11,40,30,159,159,30
18,HF500-3,2,T,4,29,11,29,18,170,171,19
18,HF500-3,2,T,5,18,6,18,11,181,182,12
18,HF500-3,2,T,6,28,6,28,21,171,172,22
18,HF500-3,2,T,7,83,42,83,40,116,117,41
18,HF500-3,2,T,8,36,16,36,20,163,164,21
18,HF500-3,2,T,9,12,3,12,8,187,188,9
18,HF500-3,2,T,10,51,20,51,30,148,149,31
18,HF500-3,2,T,11,16,1,16,15,183,184,16
18,HF500-3,2,T,12,11,0,11,11,188,189,12
18,HF500-3,2,T,13,31,8,31,22,168,169,23
18,HF500-3,2,T,14,7,0,7,7,192,193,8
18,HF500-3,2,T,15,14,4,14,10,185,186,11
18,HF500-3,2,T,16,32,8,32,24,167,168,25
18,HF500-3,2,T,17,33,11,33,22,166,167,23
18,HF500-3,2,T,18,53,26,53,27,146,147,28
18,HF500-3,2,T,19,53,20,53,33,146,147,34
18,HF500-3,2,T,20,47,16,47,30,152,153,31
18,HF500-3,2,T,21,3,1,3,2,196,197,3
18,HF500-3,2,T,22,28,7,28,21,171,172,22
18,HF500-3,2,T,23,0,0,0,0,199,200,1
18,HF500-3,2,T,24,66,29,66,37,133,134,38
18,HF500-3,2,T,25,12,0,12,12,187,188,13
18,HF500-3,2,T,26,34,11,34,23,165,166,24
18,HF500-3,2,T,27,47,17,47,30,152,153,31
18,HF500-3,2,T,28,56,24,56,32,143,144,33
18,HF500-3,2,T,29,21,8,21,12,178,179,13
18,HF500-3,2,T,30,21,8,21,13,178,179,14
18,HF500-3,2,T,31,3,0,3,3,196,197,4
18,HF500-3,2,T,32,20,6,20,13,179,180,14
18,HF500-3,2,T,33,39,15,39,24,160,161,25
18,HF500-3,2,T,34,4,2,4,2,195,196,3
18,HF500-3,2,T,35,25,10,25,14,174,175,15
18,HF500-3,2,T,36,28,8,28,20,171,172,21
18,HF500-3,2,T,37,54,22,54,32,145,146,33
18,HF500-3,2,T,38,5,1,5,3,194,195,4
18,HF500-3,2,T,39,43,19,43,24,156,157,25
18,HF500-3,2,T,40,19,6,19,13,180,181,14
18,HF500-3,2,T,41,32,6,32,25,167,168,26
18,HF500-3,2,T,42,4,0,4,3,195,196,4
18,HF500-3,2,T,43,38,13,38,24,161,162,25
18,HF500-3,2,T,44,20,10,20,9,179,180,10
18,HF500-3,2,T,45,49,22,49,27,150,151,28
18,HF500-3,2,T,46,12,4,12,8,187,188,9
18,HF500-3,2,T,47,38,15,38,23,161,162,24
18,HF500-3,2,T,48,25,6,25,19,174,175,20
18,HF500-3,2,T,49,35,10,35,25,164,165,26
18,HF500-3,2,T,50,49,17,49,31,150,151,32
18,HF500-3,2,T,51,31,14,30,17,169,169,17
18,HF500-3,2,T,52,70,28,70,41,129,130,42
18,HF500-3,2,T,53,1,0,1,0,198,199,1
18,HF500-3,2,T,54,25,5,25,20,174,175,21
18,HF500-3,2,T,55,12,5,12,7,187,188,8
18,HF500-3,2,T,56,8,3,8,5,191,192,6
18,HF500-3,2,T,57,3,0,3,3,196,197,4
18,HF500-3,2,T,58,36,13,36,23,163,164,24
18,HF500-3,2,T,59,28,9,27,19,172,172,19
18,HF500-3,2,T,60,35,13,35,22,164,165,23
18,HF500-3,2,T,61,20,9,20,11,179,180,12
18,HF500-3,2,T,62,18,3,18,15,181,182,16
18,HF500-3,2,T,63,25,11,25,14,174,175,15
18,HF500-3,2,T,64,34,14,34,20,165,166,21
18,HF500-3,2,T,65,24,10,24,14,175,176,15
18,HF500-3,2,T,66,47,17,47,29,152,153,30
18,HF500-3,2,T,67,54,16,53,37,146,146,37
18,HF500-3,2,T,68,20,6,20,14,179,180,15
18,HF500-3,2,T,69,41,17,41,24,158,159,25
18,HF500-3,2,T,70,48,16,47,32,152,152,32
18,HF500-3,2,T,71,11,2,11,9,188,189,10
18,HF500-3,2,T,72,19,8,19,10,180,181,11
18,HF500-3,2,T,73,51,16,50,35,149,149,35
18,HF500-3,2,T,74,19,10,19,9,180,181,10
18,HF500-3,2,T,75,35,13,35,22,164,165,23
18,HF500-3,2,T,76,38,14,38,24,161,162,25
18,HF500-3,2,T,77,26,5,26,20,173,174,21
18,HF500-3,2,T,78,25,7,25,17,174,175,18
18,HF500-3,2,T,79,32,9,32,22,167,168,23
18,HF500-3,2,T,80,69,27,69,41,130,131,42
18,HF500-3,2,T,81,34,12,34,22,165,166,23
18,HF500-3,2,T,82,1,0,1,1,198,199,2
18,HF500-3,2,T,83,33,10,32,23,167,167,23
18,HF500-3,2,T,84,11,8,11,3,188,189,4
18,HF500-3,2,T,85,21,7,21,14,178,179,15
18,HF500-3,2,T,86,39,14,39,25,160,161,26
18,HF500-3,2,T,87,48,17,47,30,152,152,30
18,HF500-3,2,T,88,32,11,32,20,167,168,21
18,HF500-3,2,T,89,23,6,23,17,176,177,18
18,HF500-3,2,T,90,24,6,24,17,175,176,18
18,HF500-3,2,T,91,8,3,8,4,191,192,5
18,HF500-3,2,T,92,33,7,33,26,166,167,27
18,HF500-3,2,T,93,26,9,26,16,173,174,17
18,HF500-3,2,T,94,12,4,12,8,187,188,9
18,HF500-3,2,T,95,33,12,33,20,166,167,21
18,HF500-3,2,T,96,36,12,36,24,163,164,25
18,HF500-3,2,T,97,17,5,17,12,182,183,13
18,HF500-3,2,T,98,21,8,21,12,178,179,13
18,HF500-3,2,T,99,60,23,59,36,140,140,36
18,HF500-3,2,T,100,22,8,22,14,177,178,15
18,HF500-3,2,T,101,17,4,17,12,182,183,13
18,HF500-3,2,T,102,29,10,29,19,170,171,20
18,HF500-3,2,T,103,25,9,25,16,174,175,17
18,HF500-3,2,T,104,25,8,25,17,174,175,18
18,HF500-3,2,T,105,11,5,11,6,188,189,7
18,HF500-3,2,T,106,32,12,32,20,167,168,21
18,HF500-3,2,T,107,20,6,20,13,179,180,14
18,HF500-3,2,T,108,3,2,3,0,196,197,1
18,HF500-3,2,T,109,26,10,26,16,173,174,17
18,HF500-3,2,T,110,38,16,38,21,161,162,22
18,HF500-3,2,T,111,41,17,41,24,158,159,25
18,HF500-3,2,T,112,3,1,3,2,196,197,3
18,HF500-3,2,T,113,29,11,29,18,170,171,19
18,HF500-3,2,T,114,36,12,36,24,163,164,25
18,HF500-3,2,T,115,22,8,22,13,177,178,14
18,HF500-3,2,T,116,39,16,39,23,160,161,24
18,HF500-3,2,T,117,54,16,54,38,145,146,39
18,HF500-3,2,T,118,30,10,30,20,169,170,21
18,HF500-3,2,T,119,2,0,1,1,198,198,1
18,HF500-3,2,T,120,54,19,54,34,145,146,35
18,HF500-3,2,T,121,65,25,64,39,135,135,39
18,HF500-3,2,T,122,16,5,16,11,183,184,12
18,HF500-3,2,T,123,17,5,17,12,182,183,13
18,HF500-3,2,T,124,22,8,22,14,177,178,15
18,HF500-3,2,T,125,24,11,23,12,176,176,12
18,HF500-3,2,T,126,68,30,68,38,131,132,39
18,HF500-3,2,T,127,9,2,9,7,190,191,8
18,HF500-3,2,T,128,35,11,34,23,165,165,23
18,HF500-3,2,T,129,10,2,10,8,189,190,9
18,HF500-3,2,T,130,42,13,42,29,157,158,30
18,HF500-3,2,T,131,32,13,32,19,167,168,20
18,HF500-3,2,T,132,17,2,17,14,182,183,15
18,HF500-3,2,T,133,32,9,32,22,167,168,23
18,HF500-3,2,T,134,12,4,12,8,187,188,9
18,HF500-3,2,T,135,67,27,66,39,133,133,39
18,HF500-3,2,T,136,9,1,9,8,190,191,9
18,HF500-3,2,T,137,16,7,16,8,183,184,9
18,HF500-3,2,T,138,30,6,30,23,169,170,24
18,HF500-3,2,T,139,27,7,27,20,172,173,21
18,HF500-3,2,T,140,18,7,18,11,181,182,12
18,HF500-3,2,T,141,7,3,7,4,192,193,5
18,HF500-3,2,T,142,49,20,49,29,150,151,30
18,HF500-3,2,T,143,50,16,50,33,149,150,34
18,HF500-3,2,T,144,48,22,48,26,151,152,27
18,HF500-3,2,T,145,45,15,45,29,154,155,30
18,HF500-3,2,T,146,56,20,55,35,144,144,35
18,HF500-3,2,T,147,48,18,48,29,151,152,30
18,HF500-3,2,T,148,23,8,23,15,176,177,16
18,HF500-3,2,T,149,42,14,41,28,158,158,28
18,HF500-3,2,T,150,30,9,30,21,169,170,22
18,HF500-3,2,T,151,35,6,34,28,165,165,28
18,HF500-3,2,T,152,28,11,28,16,171,172,17
18,HF500-3,2,T,153,22,7,22,15,177,178,16
18,HF500-3,2,T,154,37,14,37,23,162,163,24
18,HF500-3,2,T,155,48,21,48,27,151,152,28
18,HF500-3,2,T,156,36,14,36,22,163,164,23
18,HF500-3,2,T,157,23,5,22,18,177,177,18
18,HF500-3,2,T,158,37,15,37,22,162,163,23
18,HF500-3,2,T,159,38,15,38,22,161,162,23
18,HF500-3,2,T,160,47,20,47,27,152,153,28
18,HF500-3,2,T,161,26,13,26,13,173,174,14
18,HF500-3,2,T,162,29,11,29,18,170,171,19
18,HF500-3,2,T,163,1,0,1,1,198,199,2
18,HF500-3,2,T,164,29,8,28,21,171,171,21
18,HF500-3,2,T,165,30,10,30,20,169,170,21
18,HF500-3,2,T,166,14,7,14,6,185,186,7
18,HF500-3,2,T,167,10,2,10,8,189,190,9
18,HF500-3,2,T,168,9,3,9,6,190,191,7
18,HF500-3,2,T,169,56,19,55,37,144,144,37
18,HF500-3,2,T,170,59,30,58,29,141,141,29
18,HF500-3,2,T,171,56,25,56,31,143,144,32
18,HF500-3,2,T,172,1,0,1,1,198,199,2
18,HF500-3,2,T,173,21,5,21,16,178,179,17
18,HF500-3,2,T,174,6,2,6,4,193,194,5
18,HF500-3,2,T,175,12,3,11,9,188,188,9
18,HF500-3,2,T,176,19,8,19,11,180,181,12
18,HF500-3,2,T,177,8,1,8,7,191,192,8
18,HF500-3,2,T,178,9,2,9,7,190,191,8
18,HF500-3,2,T,179,25,6,25,19,174,175,20
18,HF500-3,2,T,180,37,11,37,26,162,163,27
18,HF500-3,2,T,181,50,19,50,31,149,150,32
18,HF500-3,2,T,182,20,10,20,10,179,180,11
18,HF500-3,2,T,183,51,21,51,30,148,149,31
18,HF500-3,2,T,184,40,18,40,22,159,160,23
18,HF500-3,2,T,185,38,12,38,25,161,162,26
18,HF500-3,2,T,186,50,23,50,26,149,150,27
18,HF500-3,2,T,187,35,11,35,23,164,165,24
18,HF500-3,2,T,188,13,6,13,7,186,187,8
18,HF500-3,2,T,189,15,5,15,9,184,185,10
18,HF500-3,2,T,190,19,5,19,13,180,181,14
18,HF500-3,2,T,191,18,6,18,11,181,182,12
18,HF500-3,2,T,192,11,5,11,5,188,189,6
18,HF500-3,2,T,193,23,6,23,17,176,177,18
18,HF500-3,2,T,194,42,21,42,21,157,158,22
18,HF500-3,2,T,195,25,3,25,22,174,175,23
18,HF500-3,2,T,196,43,13,43,30,156,157,31
18,HF500-3,2,T,197,46,12,46,33,153,154,34
18,HF500-3,2,T,198,16,7,16,9,183,184,10
18,HF500-3,2,T,199,1,0,1,1,198,199,2
18,HF500-3,2,T,200,29,8,29,21,170,171,22
18,HF500-3,4,TW,1,83,59,83,23,116,117,24
18,HF500-3,4,TW,2,85,65,85,20,114,115,21
18,HF500-3,4,TW,3,100,85,99,14,100,100,14
18,HF500-3,4,TW,4,79,57,79,21,120,121,22
18,HF500-3,4,TW,5,103,89,103,13,96,97,14
18,HF500-3,4,TW,6,117,93,116,23,83,83,23
18,HF500-3,4,TW,7,90,72,89,17,110,110,17
18,HF500-3,4,TW,8,104,81,103,22,96,96,22
18,HF500-3,4,TW,9,80,60,80,19,119,120,20
18,HF500-3,4,TW,10,95,79,95,15,104,105,16
18,HF500-3,4,TW,11,131,112,130,18,69,69,18
18,HF500-3,4,TW,12,50,35,50,15,149,150,16
18,HF500-3,4,TW,13,75,56,75,18,124,125,19
18,HF500-3,4,TW,14,85,65,85,19,114,115,20
18,HF500-3,4,TW,15,82,61,81,20,118,118,20
18,HF500-3,4,TW,16,89,63,89,25,110,111,26
18,HF500-3,4,TW,17,95,67,94,27,105,105,27
18,HF500-3,4,TW,18,93,74,93,19,106,107,20
18,HF500-3,4,TW,19,59,37,58,21,141,141,21
18,HF500-3,4,TW,20,75,54,74,20,125,125,20
18,HF500-3,4,TW,21,118,95,117,22,82,82,22
18,HF500-3,4,TW,22,75,52,75,22,124,125,23
18,HF500-3,4,TW,23,78,58,77,19,122,122,19
18,HF500-3,4,TW,24,100,81,100,18,99,100,19
18,HF500-3,4,TW,25,74,59,73,14,126,126,14
18,HF500-3,4,TW,26,99,75,99,24,100,101,25
18,HF500-3,4,TW,27,87,68,86,19,113,113,19
18,HF500-3,4,TW,28,50,37,50,12,149,150,13
18,HF500-3,4,TW,29,81,63,81,18,118,119,19
18,HF500-3,4,TW,30,76,59,75,16,124,124,16
18,HF500-3,4,TW,31,118,97,117,20,82,82,20
18,HF500-3,4,TW,32,73,51,72,21,127,127,21
18,HF500-3,4,TW,33,87,64,86,22,113,113,22
18,HF500-3,4,TW,34,75,54,75,20,124,125,21
18,HF500-3,4,TW,35,87,70,87,16,112,113,17
18,HF500-3,4,TW,36,90,67,90,22,109,110,23
18,HF500-3,4,TW,37,87,73,86,13,113,113,13
18,HF500-3,4,TW,38,74,56,73,18,126,126,18
18,HF500-3,4,TW,39,80,58,80,21,119,120,22
18,HF500-3,4,TW,40,94,72,93,21,106,106,21
18,HF500-3,4,TW,41,117,93,117,23,82,83,24
18,HF500-3,4,TW,42,74,56,74,17,125,126,18
18,HF500-3,4,TW,43,112,92,111,19,88,88,19
18,HF500-3,4,TW,44,67,46,66,21,133,133,21
18,HF500-3,4,TW,45,90,71,90,18,109,110,19
18,HF500-3,4,TW,46,115,93,115,22,84,85,23
18,HF500-3,4,TW,47,77,56,77,20,122,123,21
18,HF500-3,4,TW,48,85,64,85,21,114,115,22
18,HF500-3,4,TW,49,104,80,104,23,95,96,24
18,HF500-3,4,TW,50,76,56,75,19,124,124,19
18,HF500-3,4,TW,51,79,64,78,14,121,121,14
18,HF500-3,4,TW,52,104,83,104,20,95,96,21
18,HF500-3,4,TW,53,100,76,99,23,100,100,23
18,HF500-3,4,TW,54,76,55,75,20,124,124,20
18,HF500-3,4,TW,55,88,65,87,23,112,112,23
18,HF500-3,4,TW,56,119,101,118,17,81,81,17
18,HF500-3,4,TW,57,97,79,97,17,102,103,18
18,HF500-3,4,TW,58,106,90,105,15,94,94,15
18,HF500-3,4,TW,59,82,61,82,20,117,118,21
18,HF500-3,4,TW,60,113,96,113,17,86,87,18
18,HF500-3,4,TW,61,84,62,83,21,116,116,21
18,HF500-3,4,TW,62,64,44,63,20,136,136,20
18,HF500-3,4,TW,63,140,117,140,22,59,60,23
18,HF500-3,4,TW,64,107,92,107,15,92,93,16
18,HF500-3,4,TW,65,114,88,113,25,86,86,25
18,HF500-3,4,TW,66,98,78,98,19,101,102,20
18,HF500-3,4,TW,67,77,55,76,21,123,123,21
18,HF500-3,4,TW,68,97,78,96,18,103,103,18
18,HF500-3,4,TW,69,81,58,80,23,119,119,23
18,HF500-3,4,TW,70,81,62,80,18,119,119,18
18,HF500-3,4,TW,71,100,79,99,20,100,100,20
18,HF500-3,4,TW,72,92,73,92,19,107,108,20
18,HF500-3,4,TW,73,138,115,137,22,62,62,22
18,HF500-3,4,TW,74,86,70,86,16,113,114,17
18,HF500-3,4,TW,75,100,72,100,27,99,100,28
18,HF500-3,4,TW,76,98,80,97,18,102,102,18
18,HF500-3,4,TW,77,104,87,103,16,96,96,16
18,HF500-3,4,TW,78,88,70,88,17,111,112,18
18,HF500-3,4,TW,79,91,70,91,20,108,109,21
18,HF500-3,4,TW,80,93,71,93,21,106,107,22
18,HF500-3,4,TW,81,103,83,103,19,96,97,20
18,HF500-3,4,TW,82,115,92,114,22,85,85,22
18,HF500-3,4,TW,83,77,52,77,24,122,123,25
18,HF500-3,4,TW,84,118,95,117,22,82,82,22
18,HF500-3,4,TW,85,93,72,93,20,106,107,21
18,HF500-3,4,TW,86,106,83,105,23,94,94,23
18,HF500-3,4,TW,87,105,88,104,16,95,95,16
18,HF500-3,4,TW,88,88,68,87,19,112,112,19
18,HF500-3,4,TW,89,111,91,111,19,88,89,20
18,HF500-3,4,TW,90,95,72,95,23,104,105,24
18,HF500-3,4,TW,91,83,62,83,20,116,117,21
18,HF500-3,4,TW,92,70,54,70,15,129,130,16
18,HF500-3,4,TW,93,71,54,71,16,128,129,17
18,HF500-3,4,TW,94,107,90,106,16,93,93,16
18,HF500-3,4,TW,95,57,37,57,19,142,143,20
18,HF500-3,4,TW,96,131,104,130,26,69,69,26
18,HF500-3,4,TW,97,104,83,103,20,96,96,20
18,HF500-3,4,TW,98,102,76,102,25,97,98,26
18,HF500-3,4,TW,99,112,90,112,21,87,88,22
18,HF500-3,4,TW,100,112,85,111,26,88,88,26
18,HF500-3,4,TW,101,91,72,90,18,109,109,18
18,HF500-3,4,TW,102,93,78,93,14,106,107,15
18,HF500-3,4,TW,103,121,101,120,19,79,79,19
18,HF500-3,4,TW,104,106,79,106,26,93,94,27
18,HF500-3,4,TW,105,93,76,93,16,106,107,17
18,HF500-3,4,TW,106,97,73,97,24,102,103,25
18,HF500-3,4,TW,107,83,63,83,19,116,117,20
18,HF500-3,4,TW,108,121,96,121,24,78,79,25
18,HF500-3,4,TW,109,108,80,108,27,91,92,28
18,HF500-3,4,TW,110,128,106,127,21,72,72,21
18,HF500-3,4,TW,111,113,92,112,21,87,87,21
18,HF500-3,4,TW,112,121,107,121,13,78,79,14
18,HF500-3,4,TW,113,113,93,112,19,87,87,19
18,HF500-3,4,TW,114,85,65,85,19,114,115,20
18,HF500-3,4,TW,115,92,64,91,27,108,108,27
18,HF500-3,4,TW,116,112,93,111,19,88,88,19
18,HF500-3,4,TW,117,86,61,85,24,114,114,24
18,HF500-3,4,TW,118,116,96,116,19,83,84,20
18,HF500-3,4,TW,119,95,72,95,22,104,105,23
18,HF500-3,4,TW,120,99,75,98,23,101,101,23
18,HF500-3,4,TW,121,91,70,91,20,108,109,21
18,HF500-3,4,TW,122,82,66,82,15,117,118,16
18,HF500-3,4,TW,123,99,78,99,20,100,101,21
18,HF500-3,4,TW,124,103,76,103,26,96,97,27
18,HF500-3,4,TW,125,93,76,93,16,106,107,17
18,HF500-3,4,TW,126,80,57,80,22,119,120,23
18,HF500-3,4,TW,127,83,55,82,27,117,117,27
18,HF500-3,4,TW,128,83,62,82,20,117,117,20
18,HF500-3,4,TW,129,92,73,92,18,107,108,19
18,HF500-3,4,TW,130,111,86,110,24,89,89,24
18,HF500-3,4,TW,131,84,65,84,18,115,116,19
18,HF500-3,4,TW,132,89,68,89,21,110,111,22
18,HF500-3,4,TW,133,97,80,97,16,102,103,17
18,HF500-3,4,TW,134,105,78,104,27,95,95,27
18,HF500-3,4,TW,135,70,51,70,18,129,130,19
18,HF500-3,4,TW,136,92,68,92,23,107,108,24
18,HF500-3,4,TW,137,96,74,96,21,103,104,22
18,HF500-3,4,TW,138,102,85,101,16,98,98,16
18,HF500-3,4,TW,139,79,60,79,18,120,121,19
18,HF500-3,4,TW,140,77,56,77,20,122,123,21
18,HF500-3,4,TW,141,119,103,119,15,80,81,16
18,HF500-3,4,TW,142,100,82,100,17,99,100,18
18,HF500-3,4,TW,143,74,50,73,23,126,126,23
18,HF500-3,4,TW,144,117,97,116,20,83,83,20
18,HF500-3,4,TW,145,114,91,113,22,86,86,22
18,HF500-3,4,TW,146,107,86,106,21,93,93,21
18,HF500-3,4,TW,147,81,63,80,17,119,119,17
18,HF500-3,4,TW,148,86,68,85,17,114,114,17
18,HF500-3,4,TW,149,104,81,103,22,96,96,22
18,HF500-3,4,TW,150,108,89,108,18,91,92,19
18,HF500-3,4,TW,151,85,66,85,18,114,115,19
18,HF500-3,4,TW,152,95,77,94,17,105,105,17
18,HF500-3,4,TW,153,111,86,110,24,89,89,24
18,HF500-3,4,TW,154,115,92,115,22,84,85,23
18,HF500-3,4,TW,155,84,62,84,21,115,116,22
18,HF500-3,4,TW,156,89,61,89,27,110,111,28
18,HF500-3,4,TW,157,60,40,59,19,140,140,19
18,HF500-3,4,TW,158,76,55,76,20,123,124,21
18,HF500-3,4,TW,159,112,95,112,16,87,88,17
18,HF500-3,4,TW,160,66,46,65,19,134,134,19
18,HF500-3,4,TW,161,85,68,85,17,114,115,18
18,HF500-3,4,TW,162,107,90,106,16,93,93,16
18,HF500-3,4,TW,163,119,95,118,23,81,81,23
18,HF500-3,4,TW,164,104,83,104,21,95,96,22
18,HF500-3,4,TW,165,92,66,92,25,107,108,26
18,HF500-3,4,TW,166,84,65,83,19,116,116,19
18,HF500-3,4,TW,167,84,57,84,26,115,116,27
18,HF500-3,4,TW,168,103,84,103,18,96,97,19
18,HF500-3,4,TW,169,97,79,97,17,102,103,18
18,HF500-3,4,TW,170,106,77,105,29,94,94,29
18,HF500-3,4,TW,171,119,101,119,17,80,81,18
18,HF500-3,4,TW,172,109,95,109,13,90,91,14
18,HF500-3,4,TW,173,106,82,106,23,93,94,24
18,HF500-3,4,TW,174,87,66,86,20,113,113,20
18,HF500-3,4,TW,175,116,93,116,22,83,84,23
18,HF500-3,4,TW,176,77,58,77,18,122,123,19
18,HF500-3,4,TW,177,93,73,93,19,106,107,20
18,HF500-3,4,TW,178,115,98,114,16,85,85,16
18,HF500-3,4,TW,179,113,91,113,21,86,87,22
18,HF500-3,4,TW,180,100,82,100,17,99,100,18
18,HF500-3,4,TW,181,91,66,90,25,109,109,25
18,HF500-3,4,TW,182,94,70,93,23,106,106,23
18,HF500-3,4,TW,183,76,59,75,16,124,124,16
18,HF500-3,4,TW,184,111,88,110,22,89,89,22
18,HF500-3,4,TW,185,78,58,78,19,121,122,20
18,HF500-3,4,TW,186,100,84,100,15,99,100,16
18,HF500-3,4,TW,187,88,65,88,22,111,112,23
18,HF500-3,4,TW,188,126,106,125,20,74,74,20
18,HF500-3,4,TW,189,72,56,72,15,127,128,16
18,HF500-3,4,TW,190,101,81,100,19,99,99,19
18,HF500-3,4,TW,191,60,47,59,12,140,140,12
18,HF500-3,4,TW,192,59,40,58,18,141,141,18
18,HF500-3,4,TW,193,101,75,100,25,99,99,25
18,HF500-3,4,TW,194,103,79,103,23,96,97,24
18,HF500-3,4,TW,195,97,74,97,23,102,103,24
18,HF500-3,4,TW,196,92,67,92,24,107,108,25
18,HF500-3,4,TW,197,104,81,104,22,95,96,23
18,HF500-3,4,TW,198,82,56,82,25,117,118,26
18,HF500-3,4,TW,199,90,69,90,20,109,110,21
18,HF500-3,4,TW,200,109,87,109,22,90,91,23
